dataset,steric_effect
CHEMBL4616_EC50,0.11815823623326714
CHEMBL4792_Ki,0.0652061391482249
CHEMBL1871_Ki,0.06252679617934723
CHEMBL2971_Ki,0.06263653928717453
CHEMBL239_EC50,0.04373108177718059
CHEMBL233_Ki,0.0795200805017854
CHEMBL235_EC50,0.1035990411697313
CHEMBL231_Ki,0.10466118634166444
CHEMBL218_EC50,0.08570304250505834
