smiles,y,split,cluster
Brc1ccc(CNCCN2CCN(Cc3cc4ccccc4[nH]3)CC2)cc1,5.283913146,train,0
Brc1ccc(N2CCN(Cc3ccccc3)CC2)c2cc[nH]c12,7.437356983,train,0
Brc1ccc(NCCN2CCN(CCc3c[nH]c4ccccc34)CC2)cc1,7.28870508,train,0
Brc1ccc(NCCN2CCN(Cc3cc4ccccc4[nH]3)CC2)cc1,6.03574037,train,0
C#Cc1cccn1C1CCN(Cc2ccccc2)CC1,5.190490394,train,0
C(#Cc1ccc2[nH]ccc2c1)CCN1CC=C(c2ccccc2)CC1,6.707788247,train,0
C(#Cc1ccc2c(c1)OCCO2)CCN1CC=C(c2ccccc2)CC1,6.896572603,train,0
C(#Cc1ccc2occc2c1)CCN1CC=C(c2ccccc2)CC1,6.35900209,train,0
C(#Cc1cccn1C1CCN(Cc2ccccc2)CC1)c1ccccc1,5.080869586,train,0
C(#Cc1cnc2ccccc2c1)CCN1CC=C(c2ccccc2)CC1,7.505845406,train,0
C(#Cc1cncc2ccccc12)CCN1CC=C(c2ccccc2)CC1,7.134067332,train,0
C/C=C/CC(=O)N[C@H]1CC[C@H](CCN2CCC(c3cccc4c3CCO4)CC2)CC1,6.357832366,train,0
C/C=C/CC(=O)N[C@H]1CC[C@H](CCN2CCC(c3coc4ccccc34)CC2)CC1,7.229516191,train,0
C/C=C/CC(=O)N[C@H]1CC[C@H](CCN2CCN(c3nccc4c3CCO4)CC2)CC1,6.023925268,train,0
C1=C(/C=C/c2ccccc2)CCN(CCc2cc3ccc[nH]c-3n2)C1,5.885722703,train,0
C1=C(CCN2CCc3ccccc3C2)CCc2ccccc21,5.24901417,train,0
C1=C(c2c[nH]c3ccccc23)CCN(CCCCc2ccncc2)C1,6.542118103,train,0
C1=C(c2c[nH]c3ccccc23)CCN(Cc2ccco2)C1,6.588380294,train,0
C1=C(c2c[nH]c3ccccc23)CCN(Cc2cccs2)C1,7.137272472,train,0
C1=C(c2ccc3ccccc3c2)CCN(CCCCc2ccncc2)C1,6.179798541,train,0
C1=C(c2cccc(CNCCOc3cccc4c3OC3(CC3)C4)c2)CCC1,8.67325462,train,0
C1=C(c2cccc(CNCCOc3cccc4c3OCCO4)c2)CCC1,8.750508134,train,0
C1=C(c2cccc(CNCCOc3cccc4c3OCO4)c2)CCC1,8.447331784,train,0
C1=C(c2ccccn2)CCN(CCCCc2ccncc2)C1,6.490797478,train,0
C1=C(c2cccs2)CCN(CCCCc2ccncc2)C1,6.303643611,train,0
C1=C(c2cncc(CNCCOc3cccc4c3OC3(CC3)C4)c2)CCC1,8.839621519,train,0
C1C2C3CC4C2C2C1C3[C@H](NCC13C5C6C7C5C1C7C63)C42,5.245957613,train,0
C=C1/C(=C\C=C2/CCC[C@@]3(C)[C@H]2CC[C@@H]3[C@H](C)C[C@@H]2OC(=O)C(=C)[C@H]2CCCC)C[C@@H](O)[C@H](C)[C@@H]1O,5.300943145,train,0
C=CCN(CC=C)CCc1c[nH]c2ccc(Br)cc12,5.359900353,train,0
C=CCN(CC=C)CCc1c[nH]c2ccc(C)cc12,5.289915653,train,0
C=CCN(CC=C)CCc1c[nH]c2ccc(Cl)cc12,5.729766165,train,0
C=CCN(CC=C)CCc1c[nH]c2ccc(F)cc12,5.609822921,train,0
C=CCN1CCC[C@H]1CNC(=O)c1cc(CCCF)cc(OC)c1OC,8.959793372,train,0
C=CCN1CCC[C@H]1CNC(=O)c1cc(CCCSC2CC(=O)N(CCCCCC(=O)NCCOCCOCCOCCOCCC(N)=O)C2=O)cc(OC)c1OC,8.080398976,train,0
C=CCN1CCC[C@H]1CNC(=O)c1cccc(CCCF)c1,8.787812396,train,0
C=CCN1CCc2cc(OC)c(O)cc2C(c2c(Cl)cccc2Cl)C1,5.821368325,train,0
CC#CC(=O)N[C@H]1CC[C@H](CCN2CCC(c3cccc4c3CCO4)CC2)CC1,6.922995673,train,0
CC#CC(=O)N[C@H]1CC[C@H](CCN2CCC(c3coc4ccccc34)CC2)CC1,7.574791949,train,0
CC#CC(=O)N[C@H]1CC[C@H](CCN2CCN(c3nccc4c3CCO4)CC2)CC1,6.369979149,train,0
CC(=O)N1CCC(C)c2c(C)ccc(CCN3CCN(c4noc5ccccc45)CC3)c21,7.744727495,train,0
CC(=O)N1CCC(C)c2cc(F)cc(CCN3CCN(c4noc5ccccc45)CC3)c21,7.522878745,train,0
CC(=O)NC1CCC(c2nnc(SCCCN3CC[C@]4(C[C@@H]4c4ccc(C(F)(F)F)cc4)C3)n2C)CC1,6.339049189,train,0
CC(=O)NCc1ccc2c(c1)C(N1CCN(C)CC1)Cc1ccccc1S2,8.091514981,train,0
CC(=O)NCc1ccc2c(c1)[C@@H](N1CCN(C)CC1)Cc1ccccc1S2,8.366531544,train,0
CC(=O)NCc1ccc2c(c1)[C@H](N1CCN(C)CC1)Cc1ccccc1S2,7.552841969,train,0
CC(=O)NCc1ccc2c(c1)c(C1CCN(CCN3CCNC3=O)CC1)cn2-c1ccc(F)cc1,8.387216143,train,0
CC(=O)Nc1ccc(OCCCN2CCN(c3cccc4ccsc34)CC2)cc1,7.761953897,train,0
CC(=O)Nc1nc(C)c(-c2ccc3ccn(S(=O)(=O)c4ccccc4)c3c2)[nH]1,5.279923427,train,0
CC(=O)c1ccc(-c2nnc(SCCCN3CC[C@]4(C[C@@H]4c4ccc(C(F)(F)F)cc4)C3)n2C)cc1,6.349032307,train,0
CC(=O)c1ccccc1N1CCN(CCCCCC(=O)NC2CCCc3ccccc32)CC1,7.161150909,train,0
CC(C)(C)C(=O)N[C@H]1CC[C@H](CCN2CCC(c3cccc4c3CCO4)CC2)CC1,6.421704695,train,0
CC(C)(C)C(=O)N[C@H]1CC[C@H](CCN2CCC(c3coc4ccccc34)CC2)CC1,7.409381052,train,0
CC(C)(C)C(=O)N[C@H]1CC[C@H](CCN2CCN(c3nccc4c3CCO4)CC2)CC1,6.279923427,train,0
CC(C)(C)C1CCC(C(=O)N[C@H]2CC[C@H](CCN3CCC(c4coc5ccccc45)CC3)CC2)CC1,6.461489103,train,0
CC(C)(C)CC(=O)N[C@H]1CC[C@H](CCN2CCC(c3cccc4c3CCO4)CC2)CC1,6.402963335,train,0
CC(C)(C)CC(=O)N[C@H]1CC[C@H](CCN2CCC(c3coc4ccccc34)CC2)CC1,7.267365032,train,0
CC(C)(C)CC(=O)N[C@H]1CC[C@H](CCN2CCN(c3nccc4c3CCO4)CC2)CC1,6.351444844,train,0
CC(C)(C)OC(=O)NCCCCN1CCC(O)(c2ccc(Cl)cc2)CC1,5.677651573,train,0
CC(C)(C)OC(=O)NCCCN1CCC(O)(c2ccc(Cl)cc2)CC1,5.869511875,train,0
CC(C)(C)Oc1ccc(C(=O)N[C@H]2CC[C@H](CCN3CCC(c4coc5ccccc45)CC3)CC2)cc1,6.771445663,train,0
CC(C)(C)Oc1ccc(C(=O)N[C@H]2CC[C@H](CCN3CCN(c4nccc5c4CCO5)CC3)CC2)cc1,5.500038134,train,0
CC(C)(C)[C@@]1(O)CCN2C[C@@H]3c4ccccc4CCc4cccc(c43)[C@H]2C1,8.709503318,train,0
CC(C)(C)[C@]1(O)CCN2C[C@H]3c4ccccc4CCc4cccc(c43)[C@@H]2C1,8.982966661,train,0
CC(C)(C)c1ccc(C(=O)N[C@H]2CC[C@H](CCN3CCC(c4coc5ccccc45)CC3)CC2)cc1,5.9538093,train,0
CC(C)(C)c1ccc(C(=O)N[C@H]2CC[C@H](CCN3CCN(c4nccc5c4CCO5)CC3)CC2)cc1,5.778846678,train,0
CC(C)(C)c1ccc(S(=O)(=O)N[C@H]2CC[C@H](CCN3CCC(c4coc5ccccc45)CC3)CC2)cc1,7.148558185,train,0
CC(C)(C)c1ccccc1OCCN1CCC(N(CC2CC2)S(=O)(=O)c2ccc(F)cc2)CC1,6.793174124,train,0
CC(C)(CCCN1CCCC(c2ccccc2)C1)S(=O)(=O)c1ccccc1,6.655607726,train,0
CC(C)(CCCN1CCCC(c2cnco2)C1)S(=O)(=O)c1ccccc1,5.823619308,train,0
CC(C)(CCCN1CC[C@@H]2CCCC[C@H]2C1)S(=O)(=O)c1ccccc1,6.045275209,train,0
CC(C)(O)C(=O)N[C@H]1CC[C@H](CCN2CCC(c3cccc4c3CCO4)CC2)CC1,6.304430773,train,0
CC(C)(O)C(=O)N[C@H]1CC[C@H](CCN2CCC(c3cccc4c3OCO4)CC2)CC1,6.389659289,train,0
CC(C)(O)C(=O)N[C@H]1CC[C@H](CCN2CCC(c3coc4ccccc34)CC2)CC1,7.261933285,train,0
CC(C)(O)C(=O)N[C@H]1CC[C@H](CCN2CCN(c3cccc4c3OCO4)CC2)CC1,6.73990475,train,0
CC(C)(O)C(=O)N[C@H]1CC[C@H](CCN2CCN(c3nccc4c3CCO4)CC2)CC1,5.897566294,train,0
CC(C)(O)CC(=O)N[C@H]1CC[C@H](CCN2CCC(c3cccc4c3CCO4)CC2)CC1,6.753230685,train,0
CC(C)(O)CC(=O)N[C@H]1CC[C@H](CCN2CCC(c3cccc4c3OCO4)CC2)CC1,6.548459171,train,0
CC(C)(O)CC(=O)N[C@H]1CC[C@H](CCN2CCC(c3coc4ccccc34)CC2)CC1,7.373351732,train,0
CC(C)(O)CC(=O)N[C@H]1CC[C@H](CCN2CCN(c3cccc4c3OCO4)CC2)CC1,7.109132061,train,0
CC(C)(O)CC(=O)N[C@H]1CC[C@H](CCN2CCN(c3nccc4c3CCO4)CC2)CC1,5.9996961,train,0
CC(C)=CC(=O)N[C@H]1CC[C@H](CCN2CCC(c3cccc4c3CCO4)CC2)CC1,7.125518182,train,0
CC(C)=CC(=O)N[C@H]1CC[C@H](CCN2CCC(c3coc4ccccc34)CC2)CC1,7.721017883,train,0
CC(C)=CC(=O)N[C@H]1CC[C@H](CCN2CCN(c3nccc4c3CCO4)CC2)CC1,6.700274846,train,0
CC(C)C(=O)NCc1ccc2c(c1)C(N1CCN(C)CC1)Cc1ccccc1S2,7.886056648,train,0
CC(C)C(=O)NCc1ccc2c(c1)[C@@H](N1CCN(C)CC1)Cc1ccccc1S2,8.259637311,train,0
CC(C)C(=O)NCc1ccc2c(c1)[C@H](N1CCN(C)CC1)Cc1ccccc1S2,7.494850022,train,0
CC(C)C(=O)N[C@H]1CC[C@H](CCN2CCC(c3cccc4c3CCO4)CC2)CC1,6.543633967,train,0
CC(C)C(=O)N[C@H]1CC[C@H](CCN2CCC(c3cccc4c3OCO4)CC2)CC1,6.399647969,train,0
CC(C)C(=O)N[C@H]1CC[C@H](CCN2CCC(c3coc4ccccc34)CC2)CC1,7.392116256,train,0
CC(C)C(=O)N[C@H]1CC[C@H](CCN2CCN(c3cccc4c3OCO4)CC2)CC1,6.861476263,train,0
CC(C)C(=O)N[C@H]1CC[C@H](CCN2CCN(c3nccc4c3CCO4)CC2)CC1,6.151133789,train,0
CC(C)C(=O)Nc1cccc(C2CCN(Cc3ccc(Oc4ccc(F)c(F)c4)cc3)CC2)c1,6.326979093,train,0
CC(C)CC(=O)N[C@H]1CC[C@H](CCN2CCC(c3cccc4c3CCO4)CC2)CC1,6.670398752,train,0
CC(C)CC(=O)N[C@H]1CC[C@H](CCN2CCC(c3cccc4c3OCO4)CC2)CC1,6.620150821,train,0
CC(C)CC(=O)N[C@H]1CC[C@H](CCN2CCC(c3coc4ccccc34)CC2)CC1,7.351737594,train,0
CC(C)CC(=O)N[C@H]1CC[C@H](CCN2CCN(c3cccc4c3OCO4)CC2)CC1,6.873641273,train,0
CC(C)CC(=O)N[C@H]1CC[C@H](CCN2CCN(c3nccc4c3CCO4)CC2)CC1,6.183228588,train,0
CC(C)CCC(=O)N[C@H]1CC[C@H](CCN2CCC(c3cccc4c3CCO4)CC2)CC1,5.97118483,train,0
CC(C)CCC(=O)N[C@H]1CC[C@H](CCN2CCC(c3coc4ccccc34)CC2)CC1,7.174054857,train,0
CC(C)CCC(=O)N[C@H]1CC[C@H](CCN2CCN(c3nccc4c3CCO4)CC2)CC1,5.893435165,train,0
CC(C)CCN(CC[C@H]1CC[C@H](NC(=O)c2ccc3ccccc3c2)CC1)[C@H]1CCc2nc(N)sc2C1,6.460923901,train,0
CC(C)CCN1CCN2c3cccc4[nH]cc(c34)CC2C1,7.602146868,train,0
CC(C)CN1CCN2c3cccc4[nH]cc(c34)CC2C1,6.507917945,train,0
CC(C)CS(=O)(=O)n1ccc2c(-c3ccc(C#N)cc3)cc(N3CCN(C)CC3)nc21,6.68613278,train,0
CC(C)CS(=O)(=O)n1ccc2c(-c3ccc(C(F)(F)F)cc3)cc(N3CCN(C)CC3)nc21,6.434152181,train,0
CC(C)CS(=O)(=O)n1ccc2c(-c3ccc(C(F)(F)F)cc3)cc(N3CCNCC3)nc21,5.769295686,train,0
CC(C)CS(=O)(=O)n1ccc2c(-c3ccc(O)cc3)cc(N3CCN(C)CC3)nc21,6.962573502,train,0
CC(C)CS(=O)(=O)n1ccc2c(-c3ccc(OCc4ccccc4)cc3)cc(N3CCN(C)CC3)nc21,7.060480747,train,0
CC(C)CS(=O)(=O)n1ccc2c(-c3ccc4[nH]ccc4c3)cc(N3CCN(C)CC3)nc21,6.416801226,train,0
CC(C)CS(=O)(=O)n1ccc2c(-c3cccc(C(F)(F)F)c3)cc(N3CCN(C)CC3)nc21,6.199970641,train,0
CC(C)CS(=O)(=O)n1ccc2c(-c3ccccc3)cc(N3CCN(C)CC3)nc21,6.261219442,train,0
CC(C)CS(=O)(=O)n1ccc2c(-c3ccccc3C(F)(F)F)cc(N3CCN(C)CC3)nc21,6.943095149,train,0
CC(C)C[C@H]1C(=O)N2CCC[C@H]2[C@]2(O)O[C@](NC(=O)[C@@H]3C=C4c5cccc6[nH]c(Br)c(c56)C[C@H]4N(C)C3)(C(C)C)C(=O)N12,7.80161787,train,0
CC(C)Cc1ccc(C(=O)N[C@H]2CC[C@H](CCN3CCC(c4coc5ccccc45)CC3)CC2)cc1,6.533710836,train,0
CC(C)Cn1nc(S(=O)(=O)c2cccc3ccccc23)c2cc(N3CCNCC3)ccc21,5.720333056,train,0
CC(C)N1CCN(C2=Nc3cc(Cl)ccc3N(NC(=O)c3ccccc3Cl)c3ccccc32)CC1,6.000434512,train,0
CC(C)Nc1cc2c(cc1NS(=O)(=O)c1ccc(-c3ccc(Cl)cc3)cc1)CCN(C)CC2,7.291409155,train,0
CC(C)Oc1cc2c(cc1NS(=O)(=O)c1ccc(-c3ccc(Cl)cc3)cc1)CCN(C)CC2,8.136082623,train,0
CC(C)Oc1ccc2[nH]cc(C3=CCN(Cc4ccccc4)CC3)c2c1,6.492144128,train,0
CC(C)Oc1ccc2[nH]cc(C3=CCN(Cc4cccs4)CC3)c2c1,6.331614083,train,0
CC(C)Oc1ccccc1N1CCN(Cc2ccccc2C(=O)N2CCCCC2)CC1,7.420216403,train,0
CC(C)Oc1ccccc1OCCNCc1cccc(-c2ccccc2)c1,8.922632095,train,0
CC(C)Oc1ccccc1OCCNCc1cccc(-c2ccco2)c1,8.873284296,train,0
CC(C)Oc1ccccc1OCCNCc1cccc(-c2cccs2)c1,8.806235567,train,0
CC(C)Oc1ccccc1OCCNCc1cccc(-c2ccsc2)c1,8.894353587,train,0
CC(C)Oc1ccccc1OCCNCc1cccc(C2=CCCC2)c1,8.823561444,train,0
CC(C)Oc1ccccc1OCCNCc1cccc(C2=CCCCC2)c1,8.593630165,train,0
CC(C)Oc1ccccc1OCCNCc1cccc(C2=CCCCCC2)c1,8.388276692,train,0
CC(C)Oc1ccccc1OCCNCc1cccc(C2CC2)c1,8.795174862,train,0
CC(C)Oc1ccccc1OCCNCc1cccc(C2CCCC2)c1,8.806235567,train,0
CC(C)S(=O)(=O)n1ccc2c(-c3ccc(C(F)(F)F)cc3)cc(N3CCN(C)CC3)nc21,7.585026652,train,0
CC(C)[C@@H](O)C(=O)N[C@H]1CC[C@H](CCN2CCN(c3cccc4c3OCO4)CC2)CC1,7.040243327,train,0
CC(C)[C@H](O)C(=O)N[C@H]1CC[C@H](CCN2CCN(c3cccc4c3OCO4)CC2)CC1,7.128368695,train,0
CC(C)c1cc2c(cc1NS(=O)(=O)c1ccc(-c3ccc(Cl)cc3)cc1)CCN(C)CC2,6.995678626,train,0
CC(C)c1ccc(C(=O)N[C@H]2CC[C@H](CCN3CCC(c4coc5ccccc45)CC3)CC2)cc1,6.394867413,train,0
CC(C)c1cccc(OCCN2C3CCC2CC(NS(=O)(=O)c2ccc(F)cc2)C3)c1,7.214670165,train,0
CC(C)c1cccc(OCCN2C3CCC2CC(NS(=O)(=O)c2cccc(F)c2)C3)c1,6.698970004,train,0
CC(C)c1ccccc1N1CCN(CCCCCC(=O)N2CCc3ccccc3C2)CC1,8.638272164,train,0
CC(C)c1ccccc1N1CCN(CCCCCC(=O)N2Cc3ccccc3C2)CC1,7.180456064,train,0
CC(C)c1ccccc1N1CCN(CCCCCC(=O)NC2CCCc3ccccc32)CC1,7.795880017,train,0
CC(C)c1ccccc1N1CCN(CCCCCC(=O)NCc2ccc(C#N)cc2)CC1,7.677780705,train,0
CC(C)c1ccccc1N1CCN(CCCCCC(=O)NCc2ccc(OS(C)(=O)=O)cc2)CC1,8.055517328,train,0
CC(C)c1ccccc1OCCCN1CCC(NS(=O)(=O)c2ccc(F)cc2)CC1,6.482804102,train,0
CC(C)c1ccccc1OCCN1CCC(CNS(=O)(=O)c2ccc(F)cc2)CC1,7.292429824,train,0
CC(C)c1ccccc1OCCN1CCC(CNS(=O)(=O)c2cccc(Cl)c2)CC1,7.173925197,train,0
CC(C)c1ccccc1OCCN1CCC(N(C)S(=O)(=O)c2ccc(F)cc2)CC1,7.292429824,train,0
CC(C)c1ccccc1OCCN1CCC(N(C)S(=O)(=O)c2cccc(F)c2)CC1,7.337242168,train,0
CC(C)c1ccccc1OCCN1CCC(N(C)S(=O)(=O)c2ccccc2)CC1,7.214670165,train,0
CC(C)c1ccccc1OCCN1CCC(N(C)S(=O)(=O)c2cnn(C)c2)CC1,7.327902142,train,0
CC(C)c1ccccc1OCCN1CCC(N(CC2CC2)S(=O)(=O)c2ccc(F)cc2)CC1,7.677780705,train,0
CC(C)c1ccccc1OCCN1CCC(N(CC2CC2)S(=O)(=O)c2cccc(F)c2)CC1,7.795880017,train,0
CC(C)c1ccccc1OCCN1CCC(N(CC2CC2)S(=O)(=O)c2cnn(C)c2)CC1,7.721246399,train,0
CC(C)c1ccccc1OCCN1CCC(NC(=O)c2ccc3ccccc3n2)C1,7.096910013,train,0
CC(C)c1ccccc1OCCN1CCC(NS(=O)(=O)c2cc(F)ccc2F)CC1,6.829738285,train,0
CC(C)c1ccccc1OCCN1CCC(NS(=O)(=O)c2ccc(F)cc2)CC1,7.283996656,train,0
CC(C)c1ccccc1OCCN1CCC(NS(=O)(=O)c2cccc(Cl)c2)C1,7.585026652,train,0
CC(C)c1ccccc1OCCN1CCC(NS(=O)(=O)c2cccc3cccnc23)C1,7.958607315,train,0
CC(C)c1ccccc1OCCN1CCC(NS(=O)(=O)c2cccc3ncccc23)CC1,6.978810701,train,0
CC(C)c1ccccc1OCCN1CCC(NS(=O)(=O)c2ccccc2F)CC1,7.283996656,train,0
CC(C)c1ccccc1OCCN1CCC(NS(=O)(=O)c2cccs2)C1,7.769551079,train,0
CC(C)c1ccccc1OCCN1CCC(NS(=O)(=O)c2cnn(C)c2)CC1,6.850780887,train,0
CC(C)c1ccccc1OCCN1CC[C@@H](NS(=O)(=O)c2ccc(Cl)s2)C1,7.677780705,train,0
CC(C)c1ccccc1OCCN1CC[C@H](NS(=O)(=O)c2ccc(Cl)s2)C1,7.585026652,train,0
CC(C)c1nc(CN2CC[C@H](c3ccccc3)C2)cs1,5.504455662,train,0
CC(C)c1nc2c(N3CCNCC3)ccnc2n1Cc1cccc(Cl)c1,5.531357332,train,0
CC(C)c1nc2c(N3CCNCC3)ccnc2n1Cc1cccc(F)c1,5.463820468,train,0
CC(C)n1nc(S(=O)(=O)c2cccc3ccccc23)c2cc(N3CCNCC3)ccc21,5.691008971,train,0
CC(Oc1cc(Cl)cc(Cl)c1)c1nc(N)nc(N2CCN(C)CC2)n1,6.801342913,train,0
CC(Oc1cc(Cl)ccc1Cl)c1nc(N)nc(N2CCN(C)CC2)n1,6.424812155,train,0
CC(Oc1ccc(Cl)c(Cl)c1)c1nc(N)nc(N2CCN(C)CC2)n1,6.122053048,train,0
CC(Oc1cccc(Cl)c1)c1nc(N)nc(N2CCN(C)CC2)n1,6.246416941,train,0
CC(Oc1cccc(Cl)c1Cl)c1nc(N)nc(N2CCN(C)CC2)n1,6.363512104,train,0
CC(Oc1ccccc1Cl)c1nc(N)nc(N2CCN(C)CC2)n1,5.999132278,train,0
CC(Sc1ccccc1Cl)c1nc(N)nc(N2CCN(C)CC2)n1,6.283162277,train,0
CC([Se]c1ccccc1)c1nc(N)nc(N2CCN(C)CC2)n1,6.18243463,train,0
CC1(C(=O)N[C@H]2CC[C@H](CCN3CCC(c4cccc5c4OCO5)CC3)CC2)COC1,6.645853129,train,0
CC1(C(=O)N[C@H]2CC[C@H](CCN3CCN(c4cccc5c4OCO5)CC3)CC2)COC1,7.085762652,train,0
CC1(C)CC(=O)N(CCCCN2Cc3ccccc3C2)C(=O)C1,5.531196322,train,0
CC1(C)COc2c(OCCNCc3cccc(C4=CCCC4)c3)cccc21,8.741650107,train,0
CC1(C)Cc2cccc(OCCNCc3cccc(C4=CCCC4)c3)c2O1,8.8486608,train,0
CC1(C)Cc2cccc(OCCNCc3cncc(C4=CCCC4)c3)c2O1,8.894353587,train,0
CC1(C)Oc2c(cccc2N2CCN(CCCc3c[nH]c4ccccc34)CC2)NC1=O,8.075720714,train,0
CC1(C)Oc2cccc(OCCNCc3cccc(C4=CCCC4)c3)c2O1,8.651695137,train,0
CC1(CCCCN2CCN(c3ccccn3)CC2)Cc2cc(Cl)ccc2C1=O,5.488257276,train,0
CC1(CCCN2CCN(c3ccccn3)CC2)Cc2cc(Cl)ccc2C1=O,5.959698379,train,0
CC1(c2ccc(F)cc2)NC(=O)N(CC(O)CN2CCN(C(c3ccccc3)c3ccccc3)CC2)C1=O,6.581698709,train,0
CC1(c2ccc(F)cc2)NC(=O)N(CC(O)CN2CCN(c3ccc(Cl)c(Cl)c3)CC2)C1=O,5.703993331,train,0
CC1(c2ccc(F)cc2)NC(=O)N(CC(O)CN2CCN(c3ccc(F)cc3)CC2)C1=O,5.248566918,train,0
CC1(c2ccc(F)cc2)NC(=O)N(CC(O)CN2CCN(c3ccc(F)cc3F)CC2)C1=O,5.16806627,train,0
CC1(c2ccc(F)cc2)NC(=O)N(CC(O)CN2CCN(c3cccc(Cl)c3Cl)CC2)C1=O,6.518557371,train,0
CC1(c2ccc(F)cc2)NC(=O)N(CC(O)CN2CCN(c3ccccc3)CC2)C1=O,5.536554968,train,0
CC1(c2ccc(F)cc2)NC(=O)N(CC(O)CN2CCN(c3ccccc3Cl)CC2)C1=O,6.075720714,train,0
CC1=CC(C)=[N+]2C1=C(c1ccc(OCCCN3CCCCC3)cc1)c1c(C)cc(C)n1[B-]2(F)F,5.705093089,train,0
CC1C(=O)N(C2CCC(N3CCN(c4cccc(C(F)(F)F)c4)CC3)CC2)C(=O)C1C,5.443576879,train,0
CC1CC(=O)Nc2c(CCN3CCN(c4n[s+]([O-])c5ccccc45)CC3)cc(F)cc21,7.031517051,train,0
CC1CCN(CC[C@H]2CCCN2S(=O)(=O)c2cccc(O)c2)CC1,6.498940738,train,0
CC1CNc2cccc(N3CCN(CCCc4c[nH]c5ccccc45)CC3)c2C1,7.795880017,train,0
CC1Oc2c(N3CCN(CCCc4c[nH]c5ccccc45)CC3)cccc2N(C)C1=O,7.435333936,train,0
CC1Oc2c(cccc2N2CCN(CCCc3c[nH]c4ccccc34)CC2)NC1=O,8.259637311,train,0
CCC(=O)N[C@H]1CC[C@H](CCN2CCC(c3cccc4c3CCO4)CC2)CC1,6.460046158,train,0
CCC(=O)N[C@H]1CC[C@H](CCN2CCC(c3cccc4c3OCO4)CC2)CC1,6.689073145,train,0
CCC(=O)N[C@H]1CC[C@H](CCN2CCC(c3cccc4occc34)CC2)CC1,7.031984286,train,0
CCC(=O)N[C@H]1CC[C@H](CCN2CCC(c3coc4ccccc34)CC2)CC1,7.308918508,train,0
CCC(=O)N[C@H]1CC[C@H](CCN2CCN(c3cccc4c3OCO4)CC2)CC1,7.122168109,train,0
CCC(=O)N[C@H]1CC[C@H](CCN2CCN(c3nccc4c3CCO4)CC2)CC1,6.089535684,train,0
CCC(=O)N[C@H]1CC[C@H](CCN2CCN(c3nccc4occc34)CC2)CC1,6.107348966,train,0
CCC(=O)N[C@H]1CC[C@H](CCN2CCN(c3nccc4sccc34)CC2)CC1,6.785156152,train,0
CCC(=O)Nc1nc(C)c(-c2ccc3ccn(S(=O)(=O)c4ccccc4)c3c2)[nH]1,5.43985416,train,0
CCC(C)C(=O)N[C@H]1CC[C@H](CCN2CCC(c3cccc4c3CCO4)CC2)CC1,5.919987153,train,0
CCC(C)C(=O)N[C@H]1CC[C@H](CCN2CCC(c3cccc4c3OCO4)CC2)CC1,6.452705375,train,0
CCC(C)C(=O)N[C@H]1CC[C@H](CCN2CCC(c3coc4ccccc34)CC2)CC1,7.327717375,train,0
CCC(C)C(=O)N[C@H]1CC[C@H](CCN2CCN(c3nccc4c3CCO4)CC2)CC1,6.148497047,train,0
CCC(CNC(=O)/N=C(\N)NCCCc1sc(N)nc1C)c1ccccc1,6.279171159,train,0
CCC(O)C(=O)N[C@H]1CC[C@H](CCN2CCN(c3cccc4c3OCO4)CC2)CC1,6.909636121,train,0
CCC(Oc1cc(Cl)cc(Cl)c1)c1nc(N)nc(N2CCN(C)CC2)n1,6.432973634,train,0
CCC(Oc1cc(Cl)ccc1Cl)c1nc(N)nc(N2CCN(C)CC2)n1,6.493494968,train,0
CCC(Oc1ccc(Cl)c(Cl)c1)c1nc(N)nc(N2CCN(C)CC2)n1,6.235823868,train,0
CCC(Oc1cccc(Cl)c1Cl)c1nc(N)nc(N2CCN(C)CC2)n1,6.374687549,train,0
CCC(Oc1ccccc1)c1nc(N)nc(N2CCN(C)CC2)n1,5.821886748,train,0
CCC1(C)Cc2cccc(OCCNCc3cccc(C4=CCCC4)c3)c2O1,7.903785415,train,0
CCCC(=O)N[C@H]1CC[C@H](CCN2CCC(c3cccc4c3CCO4)CC2)CC1,6.703773713,train,0
CCCC(=O)N[C@H]1CC[C@H](CCN2CCC(c3cccc4c3OCO4)CC2)CC1,6.555346369,train,0
CCCC(=O)N[C@H]1CC[C@H](CCN2CCC(c3coc4ccccc34)CC2)CC1,7.334700501,train,0
CCCC(=O)N[C@H]1CC[C@H](CCN2CCN(c3cccc4c3OCO4)CC2)CC1,6.839681562,train,0
CCCC(=O)N[C@H]1CC[C@H](CCN2CCN(c3nccc4c3CCO4)CC2)CC1,6.081288335,train,0
CCCC(Oc1cc(Cl)cc(Cl)c1)c1nc(N)nc(N2CCN(C)CC2)n1,6.4225082,train,0
CCCC(Oc1cc(Cl)ccc1Cl)c1nc(N)nc(N2CCN(C)CC2)n1,6.638272164,train,0
CCCC(Oc1cccc(Cl)c1Cl)c1nc(N)nc(N2CCN(C)CC2)n1,6.304518324,train,0
CCCCC(=O)N[C@H]1CC[C@H](CCN2CCC(c3cccc4c3CCO4)CC2)CC1,6.385102784,train,0
CCCCC(=O)N[C@H]1CC[C@H](CCN2CCN(c3nccc4c3CCO4)CC2)CC1,5.941346258,train,0
CCCCC(Oc1cc(Cl)cc(Cl)c1)c1nc(N)nc(N2CCN(C)CC2)n1,6.567030709,train,0
CCCCC(Oc1cc(Cl)ccc1Cl)c1nc(N)nc(N2CCN(C)CC2)n1,6.982966661,train,0
CCCCC(Oc1cccc(Cl)c1Cl)c1nc(N)nc(N2CCN(C)CC2)n1,6.294992041,train,0
CCCCC1NCCc2cc(Cl)c(OC)cc21,6.107443509,train,0
CCCCCCCCCCN1CCC(c2cccc(O)c2)C1,6.332547047,train,0
CCCCCCCCCN1CCC(c2cccc(O)c2)C1,7.200659451,train,0
CCCCCCCCN1CCC(c2cccc(O)c2)C1,6.432973634,train,0
CCCCCCCN1CCC(c2cccc(O)c2)C1,6.431798276,train,0
CCCCCCN(CCc1ccccc1)CCc1cccc(O)c1,6.079876674,train,0
CCCCCCN1CCC(c2cccc(O)c2)C1,5.449038248,train,0
CCCCCCNC(=O)/N=C(\N)NC1CCc2nc(N)sc2C1,5.899653583,train,0
CCCCCCNC(=O)/N=C(\N)NCCCc1sc(N)nc1C,6.249229411,train,0
CCCCCCNC(=O)/N=C(\N)Nc1cccc(-c2csc(N)n2)c1,5.599826522,train,0
CCCCCCNCC1CCc2ccc(O)cc2O1,7.744727495,train,0
CCCCCN(CCc1ccccc1)CCc1cccc(O)c1,5.847405922,train,0
CCCCCN1CCN2c3cccc4[nH]cc(c34)CC2C1,7.004979829,train,0
CCCCCNC(=O)/N=C(\N)NCCCc1sc(N)nc1C,6.349032307,train,0
CCCCN(CC[C@H]1CC[C@H](NC(=O)c2ccc3ccccc3c2)CC1)[C@H]1CCc2nc(N)sc2C1,7.251811973,train,0
CCCCN(CCc1ccccc1)CCc1cccc(O)c1,5.90868484,train,0
CCCCN1C2CCC1CC(OC(c1ccc(F)cc1)c1ccc(F)cc1)C2,7.160521953,train,0
CCCCN1CCC(COC(=O)c2cc(Cl)c(NC)c3c2OCCO3)CC1,6.655607726,train,0
CCCCN1CCC(COC(=O)c2cc(F)c(N)c3c2OCCO3)CC1,6.210419288,train,0
CCCCN1CCC(c2cccc(O)c2)C1,5.54090921,train,0
CCCCN1CCN(c2cc(CC)cc(Cl)c2OC)CC1,7.511449283,train,0
CCCCN1CCN2c3cccc4[nH]cc(c34)CC2C1,6.955362801,train,0
CCCCN1CCc2cc(C#N)ccc2C1,5.080869586,train,0
CCCCc1cc(-c2ccoc2)nc(N2CCN(C)CC2)n1,7.420216403,train,0
CCCCc1ccc(S(=O)(=O)Nc2ccc3c(c2)CCN(C)CC3)cc1,7.486516043,train,0
CCCCc1ccc(S(=O)(=O)Nc2ccc3c(c2)CCNCC3)cc1,6.797266542,train,0
CCCCc1ccc(S(=O)(=O)Nc2ccc3c(c2)CN(C)C3)cc1,6.697820646,train,0
CCCCc1ccc(S(=O)(=O)Nc2ccc3c(c2)CN(C)CC3)cc1,6.398907391,train,0
CCCCc1ccc(S(=O)(=O)Nc2ccc3c(c2)CNC3)cc1,6.099452636,train,0
CCCCc1ccc(S(=O)(=O)Nc2ccc3c(c2)CNCC3)cc1,6.049509279,train,0
CCCCc1ccccc1N1CCN(CCCCCC(=O)NC2CCCc3ccccc32)CC1,7.214670165,train,0
CCCN(C/C=C/c1ccc(O)c(OC)c1)C1CCc2nc(N)sc2C1,5.333950262,train,0
CCCN(CC1CC1)[C@@H]1CCc2ccc3[nH]c(C(N)=O)cc3c2C1,6.408935393,train,0
CCCN(CCC)C1CCC(=C(C#Cc2ccccc2)C#Cc2ccccc2)CC1,5.210265399,train,0
CCCN(CCC)[C@@H]1CCc2c(ccc3ccoc23)[C@@H]1C,7.327902142,train,0
CCCN(CCC)[C@@H]1Cc2cccc3nc(O)n(c23)C1,7.906578315,train,0
CCCN(CCC/C=C/c1ccc(O)c(OC)c1)C1CCc2nc(N)sc2C1,6.821023053,train,0
CCCN(CCC/C=C/c1ccc(O)c(OC)c1)[C@H]1CCc2nc(N)sc2C1,6.906578315,train,0
CCCN(CCC/C=C\c1ccc(O)c(OC)c1)C1CCc2nc(N)sc2C1,6.630784143,train,0
CCCN(CCCCCCc1ccc(O)c(OC)c1)C1CCc2nc(N)sc2C1,7.225483034,train,0
CCCN(CCCCCc1cc(O)ccc1O)C1CCc2nc(N)sc2C1,6.928117993,train,0
CCCN(CCCCCc1cc(O)ccc1O)[C@H]1CCc2nc(N)sc2C1,6.946921557,train,0
CCCN(CCCCCc1ccc(O)c(O)c1)C1CCc2nc(N)sc2C1,6.931814138,train,0
CCCN(CCCCCc1ccc(O)c(O)c1)[C@H]1CCc2nc(N)sc2C1,7.175874166,train,0
CCCN(CCCCCc1ccc(O)c(OC)c1)C1CCc2nc(N)sc2C1,6.754487332,train,0
CCCN(CCCCCc1ccc(O)c(OC)c1)[C@H]1CCc2nc(N)sc2C1,7.159266765,train,0
CCCN(CCCCN1C(=O)CC(C)(C)CC1=O)[C@@H]1CCc2ccc3[nH]c(C#N)cc3c2C1,7.346787486,train,0
CCCN(CCCCN1C(=O)CC(C)(C)CC1=O)[C@@H]1CCc2ccc3[nH]c(C(N)=O)cc3c2C1,7.408935393,train,0
CCCN(CCCCN1C(=O)CC(C)(C)CC1=O)[C@H]1CCc2ccc3[nH]c(C(N)=O)cc3c2C1,6.038578906,train,0
CCCN(CCCCN1CCN(C(=O)c2cc3ccccc3[nH]2)CC1)C1CCc2nc(N)sc2C1,6.274088368,train,0
CCCN(CCCCN1CCN(c2ccccc2OC)CC1)Cc1ccc2c(c1)Cc1ccccc1-2,6.705533774,train,0
CCCN(CCCCNC(=O)/C=C/c1ccc(F)cc1)C1Cc2ccccc2C1,8.053952699,train,0
CCCN(CCCCNC(=O)/N=N/c1ccc(F)cc1)C1Cc2ccccc2C1,7.525793517,train,0
CCCN(CCCCNC(=O)c1cc2ccccc2[nH]1)[C@@H]1Cc2cccc3c2n(c(=O)n3CCC)C1,8.025488307,train,0
CCCN(CCCCNC(=O)c1ccc(-c2ccccc2)cc1)C1CCn2ncc(C=O)c2C1,5.201739382,train,0
CCCN(CCCCOc1ccc2ccc(=O)[nH]c2c1)CC1CC1c1cccc(Cl)c1Cl,6.36897246,train,0
CCCN(CCCCc1ccc2c(c1)OCO2)CCOc1cc(F)cc2c1OCCC2=O,5.812197361,train,0
CCCN(CCCCc1cn(CCOCCOCCOCCn2cc(CCCCN(CCC)C3Cc4ccccc4C3)nn2)nn1)C1Cc2ccccc2C1,7.13076828,train,0
CCCN(CCCN1CCN(C(=O)c2cc3ccccc3[nH]2)CC1)C1CCc2nc(N)sc2C1,6.031984286,train,0
CCCN(CCCc1ccc(O)c(O)c1)C1CCc2nc(N)sc2C1,6.301029996,train,0
CCCN(CCCc1ccc(O)c(OC)c1)C1CCc2nc(N)sc2C1,5.618884919,train,0
CCCN(CCN1CCN(C(=O)c2c[nH]c3ccc(O)cc23)CC1)C1CCc2nc(N)sc2C1,5.966576245,train,0
CCCN(CCN1CCN(C(=O)c2c[nH]c3ccccc23)CC1)C1CCc2nc(N)sc2C1,5.822752164,train,0
CCCN(CCN1CCN(C(=O)c2c[nH]c3ccccc23)CC1)[C@@H]1CCc2nc(N)sc2C1,5.880414225,train,0
CCCN(CCN1CCN(C(=O)c2c[nH]c3ccccc23)CC1)[C@H]1CCc2nc(N)sc2C1,6.04431225,train,0
CCCN(CCN1CCN(C(=O)c2cc3ccccc3[nH]2)CC1)C1CCc2nc(N)sc2C1,6.019023344,train,0
CCCN(CCN1CCN(C(=O)c2cc3ccccc3[nH]2)CC1)[C@@H]1CCc2nc(N)sc2C1,5.591929714,train,0
CCCN(CCN1CCN(C(=O)c2cc3ccccc3[nH]2)CC1)[C@H]1CCc2nc(N)sc2C1,5.968995719,train,0
CCCN(CCN1CCN(C(=O)c2ccc(-c3ccccc3)cc2)CC1)C1CCc2nc(N)sc2C1,5.7780644,train,0
CCCN(CCN1CCN(C(=O)c2ccc3[nH]ccc3c2)CC1)C1CCc2nc(N)sc2C1,5.90517962,train,0
CCCN(CCN1CCN(C(=O)c2ccc3[nH]ccc3c2)CC1)[C@@H]1CCc2nc(N)sc2C1,5.580539927,train,0
CCCN(CCN1CCN(C(=O)c2ccc3[nH]ccc3c2)CC1)[C@H]1CCc2nc(N)sc2C1,5.986320303,train,0
CCCN(CCN1CCN(CCc2c[nH]c3ccccc23)CC1)c1ccc(Br)cc1,7.256572322,train,0
CCCN(CCN1CCN(CCc2c[nH]c3ccccc23)CC1)c1ccc(OC)cc1,6.91721463,train,0
CCCN(CCN1CCN(Cc2cc3ccccc3[nH]2)CC1)Cc1ccc(Br)cc1,6.03574037,train,0
CCCN(CCN1CCN(Cc2cc3ccccc3[nH]2)CC1)Cc1ccc(OC)cc1,5.387110231,train,0
CCCN(CCN1CCN(Cc2cc3ccccc3[nH]2)CC1)c1ccc(Br)cc1,6.655607726,train,0
CCCN(CCN1CCN(Cc2cc3ccccc3[nH]2)CC1)c1ccc(OC)cc1,6.283162277,train,0
CCCN(CCN1CCN(Cc2ccc3[nH]ccc3c2)CC1)C1CCc2nc(N)sc2C1,6.876148359,train,0
CCCN(CCN1CCN(c2ccc(-c3ccc(OC)cc3)cc2)CC1)C1CCc2nc(N)sc2C1,6.669586227,train,0
CCCN(CCN1CCN(c2ccc(-c3cccc(OC)c3)cc2)CC1)C1CCc2nc(N)sc2C1,6.332547047,train,0
CCCN(CCN1CCN(c2ccc(-c3cccc(OC)c3)cc2)CC1)[C@H]1CCc2nc(N)sc2C1,6.463441557,train,0
CCCN(CCN1CCN(c2ccc(-c3ccccc3)cc2O)CC1)C1CCc2nc(N)sc2C1,7.145086978,train,0
CCCN(CCN1CCN(c2ccc(-c3ccccc3O)cc2)CC1)C1CCc2nc(N)sc2C1,6.679853714,train,0
CCCN(CCN1CCN(c2ccc(-c3ccncc3)cc2)CC1)[C@H]1CCc2nc(N)sc2C1,6.567030709,train,0
CCCN(CCN1CCN(c2ccc3[nH]ccc3c2)CC1)C1CCc2nc(N)sc2C1,7.321481621,train,0
CCCN(CCN1CCN(c2ccc3[nH]ccc3c2)CC1)[C@@H]1CCc2nc(N)sc2C1,6.869666232,train,0
CCCN(CCN1CCN(c2ccc3[nH]ccc3c2)CC1)[C@H]1CCc2nc(N)sc2C1,7.397940009,train,0
CCCN(CCN1CCN(c2cccc(Cl)c2Cl)CC1)C1CCc2nc(N)sc2C1,7.238072162,train,0
CCCN(CCNC(=O)/C=C/c1ccc(F)cc1)C1Cc2ccccc2C1,7.605209644,train,0
CCCN(CCNC(=O)/N=N/c1cc(F)c(F)c(F)c1)C1Cc2ccccc2C1,7.042722651,train,0
CCCN(CCNC(=O)/N=N/c1ccc(F)c(F)c1)C1Cc2ccccc2C1,8.166040157,train,0
CCCN(CCNC(=O)/N=N/c1ccc(F)cc1)C1Cc2ccccc2C1,8.261439373,train,0
CCCN(CC[C@H]1CC[C@H](NC(=O)/C=C/c2ccccc2)CC1)[C@H]1CCc2nc(N)sc2C1,6.480172006,train,0
CCCN(CC[C@H]1CC[C@H](NC(=O)c2cc3ccccc3o2)CC1)[C@H]1CCc2nc(N)sc2C1,7.161150909,train,0
CCCN(CC[C@H]1CC[C@H](NC(=O)c2ccc3ccccc3c2)CC1)[C@H]1CCc2nc(N)sc2C1,6.771483167,train,0
CCCN(CC[C@H]1C[C@@H](NC(=O)c2ccc3ccccc3c2)C1)[C@H]1CCc2nc(N)sc2C1,6.247951552,train,0
CCCN(CC[C@H]1C[C@H](NC(=O)c2ccc3ccccc3c2)C1)[C@H]1CCc2nc(N)sc2C1,6.232844134,train,0
CCCN(CC[C@]1(O)CC[C@@H](NC(=O)c2ccc3ccccc3c2)CC1)[C@H]1CCc2nc(N)sc2C1,5.788078916,train,0
CCCN(CC[C@]1(O)CC[C@H](NC(=O)c2ccc3ccccc3c2)CC1)[C@H]1CCc2nc(N)sc2C1,5.449771647,train,0
CCCN(CC[C@]1(O)C[C@@H](NC(=O)c2ccc3ccccc3c2)C1)C1CC1c1ccc(Cl)cc1,6.175223538,train,0
CCCN(CC[C@]1(O)C[C@@H](NC(=O)c2ccc3ccccc3c2)C1)[C@@H]1C[C@H]1c1ccc(Cl)cc1,6.20481541,train,0
CCCN(CC[C@]1(O)C[C@@H](NC(=O)c2ccc3ccccc3c2)C1)[C@@H]1C[C@H]1c1ccccc1,5.881735274,train,0
CCCN(CC[C@]1(O)C[C@@H](NC(=O)c2ccc3ccccc3c2)C1)[C@H]1CCc2nc(N)sc2C1,6.139063379,train,0
CCCN(CC[C@]1(O)C[C@@H](NC(=O)c2ccc3ccccc3c2)C1)[C@H]1C[C@@H]1c1cccc(Cl)c1,5.913284336,train,0
CCCN(CC[C@]1(O)C[C@@H](NC(=O)c2ccc3ccccc3c2)C1)[C@H]1C[C@@H]1c1ccccc1,5.669992299,train,0
CCCN(CC[C@]1(O)C[C@@H](NC(=O)c2ccc3ccccc3c2)C1)[C@H]1C[C@@H]1c1ccccc1Cl,6.165948746,train,0
CCCN(CC[C@]1(O)C[C@H](NC(=O)c2ccc3ccccc3c2)C1)[C@H]1CCc2nc(N)sc2C1,5.590235896,train,0
CCCN(CCc1ccc(NC(=O)CCc2cn(CCCCCCCCCCN(C)CCCCCNC(=O)COc3cncc(C#Cc4csc(C)n4)c3)nn2)cc1)C1CCc2c(O)cccc2C1,6.930690783,train,0
CCCN(CCc1ccc(NC(=O)CCc2cn(CCCCCCCCN(C)CCCCCNC(=O)COc3cncc(C#Cc4csc(C)n4)c3)nn2)cc1)C1CCc2c(O)cccc2C1,7.573150894,train,0
CCCN(CCc1ccc(NC(=O)CCc2cn(CCCCCCNC(=O)COc3cncc(C#Cc4csc(C)n4)c3)nn2)cc1)C1CCc2c(O)cccc2C1,6.686686126,train,0
CCCN(CCc1ccccc1)CCc1cccc(O)c1,7.184422252,train,0
CCCN1CCC(c2c[nH]c3cc(F)ccc23)CC1,7.454694646,train,0
CCCN1CCC(c2cc3ccccc3s2)CC1,5.936861222,train,0
CCCN1CCC(c2ccc3c(c2)N(S(=O)(=O)c2ccccc2)CC3)CC1,6.488116639,train,0
CCCN1CCC(c2cccc(C(F)(F)F)c2)C1,6.818156412,train,0
CCCN1CCC(c2cccc(C(F)(F)F)c2)CC1,6.720071036,train,0
CCCN1CCC(c2cccc(O)c2)C1,7.161150909,train,0
CCCN1CCC(c2cccc(OC)c2)CC1,5.811673124,train,0
CCCN1CCC(c2cccc(OS(=O)(=O)C(F)(F)F)c2)C1,6.787812396,train,0
CCCN1CCC(c2cccc(S(=O)(=O)C3CCCC3)c2)CC1,5.40999662,train,0
CCCN1CCC(c2cccc(S(C)(=O)=O)c2)CC1,5.124273753,train,0
CCCN1CCC(c2cccc3ccccc23)C1,7.142667504,train,0
CCCN1CCC(c2cn(C)c3cc(F)ccc23)CC1,6.680216915,train,0
CCCN1CCC(c2cn(C)c3ccc(F)cc23)CC1,7.590228032,train,0
CCCN1CCC(c2coc3ccccc23)CC1,5.830247249,train,0
CCCN1CCC(c2csc3ccccc23)CC1,7.241138203,train,0
CCCN1CCC(n2c(=O)n(C)c3cc(Cl)ccc32)CC1,5.491868921,train,0
CCCN1CCCC(c2cccc(C#N)c2)C1,5.942714356,train,0
CCCN1CCCC(c2cccc(O)c2)C1,6.574980304,train,0
CCCN1CCC[C@@H](c2cccc(OS(=O)(=O)C(F)(F)F)c2)C1,6.386158178,train,0
CCCN1CCC[C@@H](c2cccc(S(C)(=O)=O)c2)C1,5.766043591,train,0
CCCN1CCC[C@H](c2cccc(OS(=O)(=O)C(F)(F)F)c2)C1,5.080869586,train,0
CCCN1CCN(C2=Nc3cc(Cl)ccc3N(NC(=O)c3ccccc3Cl)c3ccccc32)CC1,6.387216143,train,0
CCCN1CCN2c3cccc4[nH]cc(c34)CC2C1,6.241304891,train,0
CCCN1CCO[C@@H]2c3cc4c(=O)[nH]ccc4cc3CC[C@H]21,5.91964052,train,0
CCCN1CC[C@H]2c3c(ccc4ccoc34)CC[C@H]21,6.821023053,train,0
CCCN1CCc2cc(OC)cc3c2[C@H]1Cc1ccc(C)c(O)c1-3,5.869344651,train,0
CCCN1C[C@H](CSC)C[C@@H]2c3cccc4[nH]cc(c34)C[C@H]21,7.573488739,train,0
CCCN1[C@@H](C)C[C@@H]2Cc3cccc(OC)c3C[C@@H]21,6.332547047,train,0
CCCNCC1CCc2ccc(O)cc2O1,7.301029996,train,0
CCCN[C@@H]1CCc2nc(N)sc2C1,5.999565923,train,0
CCCN[C@@H]1Cc2cccc3c2n(c(=O)n3CCCCCCOCCCCc2ccccc2)C1,7.253365801,train,0
CCCN[C@@H]1Cc2cccc3c2n(c(=O)n3CCCCOCCCCc2ccccc2)C1,7.417936637,train,0
CCCN[C@H]1CCC2N=C(N)SC2C1,8.30980392,train,0
CCCSc1ccccc1N1CCN(CCCOc2ccc(-c3nc4ccccc4[nH]3)cc2)CC1,8.045757491,train,0
CCCc1cc(OC)c(OC)c(C(=O)NC[C@@H]2CCCN2CC)c1,8.097997109,train,0
CCCc1cc(OC)c(OC)c(C(=O)NC[C@@H]2CCCN2CC)c1O,8.642065153,train,0
CCCc1ccccc1N1CCN(CCCCCC(=O)NC2CCCc3ccccc32)CC1,6.906578315,train,0
CCCc1nc(CN2CC[C@H](c3ccccc3)C2)cs1,5.297138829,train,0
CCN(CC)C(=O)N[C@H]1C=C2c3cccc4[nH]cc(c34)C[C@H]2N(C)C1,8.779891912,train,0
CCN(CC)CC1=Cc2cn(S(=O)(=O)c3ccccc3)c3cccc(c23)O1,5.361311113,train,0
CCN(CC)CCNC(=O)c1cc(Cl)c(N)cc1OC,6.517126416,train,0
CCN(CC)CCOc1ccccc1Cc1ccccc1,5.693574972,train,0
CCN(CC)[C@@H]1[C@@H](CO)[C@H]2CN(Cc3ccccc3)[C@H](c3ccc(Br)cc3)[C@H]21,5.300943145,train,0
CCN(CC)[C@@H]1[C@@H]2[C@@H](CN(Cc3ccccc3)[C@H]2c2ccc(Br)cc2)[C@H]1CO,5.698752911,train,0
CCN(CC)[C@@H]1[C@@H]2[C@@H](CN(Cc3ccccc3)[C@H]2c2ccccc2)[C@H]1CO,5.769295686,train,0
CCN(CC)[C@H]1[C@H](CO)[C@@H]2CN(Cc3ccccc3)[C@@H](C)[C@@H]21,5.40882405,train,0
CCN(CCCCOc1ccc2c(c1)NC(=O)CC2)CC1CC1c1cc(Cl)ccc1OC,6.578124781,train,0
CCN(CCCCOc1ccc2c(c1)NC(=O)CC2)CC1CC1c1cc(F)ccc1OC,6.48939529,train,0
CCN(CCCOc1ccc2c(c1)NC(=O)CC2)CC1CC1c1cc(Cl)ccc1OC,6.667763632,train,0
CCN(CCCOc1ccc2c(c1)NC(=O)CC2)CC1CC1c1cc(F)ccc1OC,6.79657328,train,0
CCN(CCc1ccccn1)Cc1csc(C2CCCC2)n1,5.22562904,train,0
CCN1C(=O)c2ccccc2[S+]([O-])c2ccc(C(=O)NCc3ccc(OC)cc3)cc21,6.521433504,train,0
CCN1C(=O)c2ccccc2[S@+]([O-])c2ccc(C(=O)NCc3ccc(C#N)cc3)cc21,7.619788758,train,0
CCN1C(=O)c2ccccc2[S@+]([O-])c2ccc(C(=O)NCc3ccc(F)cc3)cc21,7.040958608,train,0
CCN1C(=O)c2ccccc2[S@+]([O-])c2ccc(C(=O)N[C@H](C)c3ccc(Br)cc3)cc21,6.274905479,train,0
CCN1C(=O)c2ccccc2[S@+]([O-])c2ccc(C(=O)N[C@H](C)c3ccc4ccccc4c3)cc21,6.536107011,train,0
CCN1CC=C(C2=Nc3cc(Cl)ccc3Nc3ccc(F)cc32)CC1,6.467245621,train,0
CCN1CCCC1CNC(=O)c1cc(S(=O)(=O)CC)c(N)cc1OC,7.866780543,train,0
CCN1CCCC1CNc1nncc2ccc(OC)c(OC)c12,8.30980392,train,0
CCN1CCC[C@@H]1CNC(=O)c1c(O)c(Br)cc(OC)c1OC,8.122628654,train,0
CCN1CCC[C@H]1CNC(=O)c1c(O)c(Br)cc(OC)c1OC,8.973058372,train,0
CCN1CCC[C@H]1CNC(=O)c1c(O)c(CCCF)cc(OC)c1OC,8.744727495,train,0
CCN1CCC[C@H]1CNC(=O)c1c(O)c(CCF)cc(OC)c1OC,8.752026734,train,0
CCN1CCC[C@H]1CNC(=O)c1c(O)c(I)cc(OC)c1OC,8.991825816,train,0
CCN1CCC[C@H]1CNC(=O)c1c(O)c(OC)cc(Br)c1OC,8.027797162,train,0
CCN1CCC[C@H]1CNC(=O)c1c(O)ccc(OC)c1OC,8.756961951,train,0
CCN1CCC[C@H]1CNC(=O)c1c(OC)ccc(Br)c1O,8.809668302,train,0
CCN1CCC[C@H]1CNC(=O)c1c(OC)ccc(I)c1O,8.871974438,train,0
CCN1CCC[C@H]1CNC(=O)c1c(OC)ccc(S(N)(=O)=O)c1I,8.602059991,train,0
CCN1CCC[C@H]1CNC(=O)c1cc(Br)cc2c1OCC2,8.310691141,train,0
CCN1CCC[C@H]1CNC(=O)c1cc(CCCF)cc(OC)c1OC,8.629503034,train,0
CCN1CCC[C@H]1CNC(=O)c1cc(CCF)cc(OC)c1OC,8.202732459,train,0
CCN1CCC[C@H]1CNC(=O)c1cc(I)cc(OC)c1OC,8.884584023,train,0
CCN1CCC[C@H]1CNC(=O)c1cc(I)cc2c1OCC2,8.964570262,train,0
CCN1CCC[C@H]1CNC(=O)c1cc(I)ccc1OC,8.397940009,train,0
CCN1CCC[C@H]1CNC(=O)c1cccc(OC)c1OC,7.173925197,train,0
CCN1CCN(C2=Nc3cc(Cl)ccc3N(NC(=O)c3ccccc3Cl)c3ccccc32)CC1,6.148741651,train,0
CCN1CCN(c2cc(-c3ccc(F)cc3)c3c(n2)CCCCCC3)CC1,8.943095149,train,0
CCN1CCN(c2cc(-c3ccc(F)cc3)c3c(n2)CCC[C@@H](O)CC3)CC1,8.142667504,train,0
CCN1CCN(c2cc(-c3ccc(F)cc3)c3c(n2)CCC[C@H](O)CC3)CC1,7.653647026,train,0
CCN1CCN(c2cc(-c3ccc(F)cc3)c3c(n2)CC[C@@H](O)CCC3)CC1,7.88941029,train,0
CCN1CCN(c2cc(-c3ccc(F)cc3)c3c(n2)CC[C@H](O)CCC3)CC1,8.337242168,train,0
CCN1CCN(c2ccc3c(c2)CCN3S(=O)(=O)c2ccccc2)CC1,6.35753548,train,0
CCN1CCN(c2ccc3c(c2)N(S(=O)(=O)c2ccccc2)CC3)CC1,6.863279433,train,0
CCN1CCN2c3cccc4[nH]cc(c34)CC2C1,6.848864306,train,0
CCN1CCc2cc3nc(N)sc3cc2CC1,5.601886308,train,0
CCNC(=O)NC1CCC(CCN2CCN(c3nc(NC)nc(Cl)c3Cl)CC2)CC1,7.958607315,train,0
CCN[C@@H]1Cc2cc3nc(N)sc3cc2C1,6.821023053,train,0
CCNc1nc(Cl)c(Cl)c(N2CCN(CCC3CCC(NC(C)=O)CC3)CC2)n1,7.443697499,train,0
CCO/N=C(\CCN1CCN(c2ccccn2)CC1)c1ccccc1,6.88941029,train,0
CCO/N=C(\CCN1CCN(c2nccs2)CC1)c1ccccc1,6.588380294,train,0
CCOC(=O)[C@@H]1CCCN(CCCC(C)(C)S(=O)(=O)c2ccccc2)C1,6.148130399,train,0
CCOCC(=O)N[C@H]1CC[C@H](CCN2CCN(c3nccc4occc34)CC2)CC1,6.001304842,train,0
CCOCCC(=O)N[C@H]1CC[C@H](CCN2CCC(c3cccc4c3OCO4)CC2)CC1,6.404371526,train,0
CCOc1ccc(CCCCNCCOc2cc(F)cc3c2OCCC3=O)cc1,7.251037139,train,0
CCOc1ccc2[nH]cc(C3=CCN(Cc4ccc(OC)cc4)CC3)c2c1,6.876148359,train,0
CCOc1ccc2[nH]cc(C3=CCN(Cc4cccc(OC)c4)CC3)c2c1,6.962573502,train,0
CCOc1ccc2[nH]cc(C3=CCN(Cc4ccccc4)CC3)c2c1,6.818156412,train,0
CCOc1ccc2[nH]cc(C3=CCN(Cc4cccs4)CC3)c2c1,6.777283529,train,0
CCOc1ccc2c(c1)C(C1=C[C@H](C)N(C)CC1)=Nc1cc(Cl)ccc1N2,7.318758763,train,0
CCOc1ccc2ccccc2c1C(=O)NN1c2ccc(Cl)cc2N=C(N2CCN(C)CC2)c2ccccc21,6.560667306,train,0
CCS(=O)(=O)N[C@H]1CC[C@H](CCN2CCC(c3cccc4c3CCO4)CC2)CC1,6.476253533,train,0
CCS(=O)(=O)N[C@H]1CC[C@H](CCN2CCC(c3coc4ccccc34)CC2)CC1,7.309892561,train,0
CCS(=O)(=O)N[C@H]1CC[C@H](CCN2CCN(c3nccc4c3CCO4)CC2)CC1,5.960784234,train,0
CCS(=O)(=O)N[C@H]1CC[C@H](CCN2CCN(c3nccc4occc34)CC2)CC1,6.107348966,train,0
CCS(=O)(=O)N[C@H]1CC[C@H](CCN2CCN(c3nccc4sccc34)CC2)CC1,6.661543506,train,0
CCS(=O)(=O)c1ccc(OC)c(-c2ccc(CN3CCC(O)(c4ccc(Cl)cc4)CC3)[nH]2)c1,6.821023053,train,0
CC[C@@H](O)CC(=O)N[C@H]1CC[C@H](CCN2CCC(c3cccc4c3CCO4)CC2)CC1,6.447575154,train,0
CC[C@@H](O)CC(=O)N[C@H]1CC[C@H](CCN2CCC(c3coc4ccccc34)CC2)CC1,7.24848995,train,0
CC[C@@H](O)CC(=O)N[C@H]1CC[C@H](CCN2CCN(c3nccc4c3CCO4)CC2)CC1,6.073811951,train,0
CC[C@H](O)CC(=O)N[C@H]1CC[C@H](CCN2CCC(c3coc4ccccc34)CC2)CC1,7.459045191,train,0
CC[C@H](O)CC(=O)N[C@H]1CC[C@H](CCN2CCN(c3nccc4c3CCO4)CC2)CC1,6.05139145,train,0
CCc1cc(-c2ccoc2)nc(N2CCN(C)CC2)n1,6.330683119,train,0
CCc1cc(Cl)c(OC)c(C(=O)NC[C@@H]2C[C@@H](OCCCCOc3ccc4c(c3)NC(=O)CC4)CN2)c1O,8.557520231,train,0
CCc1cc(Cl)c(OC)c(N2CCN(C)CC2)c1,6.630784143,train,0
CCc1cc(Cl)c(OC)c(N2CCN(CC(O)CCNC(=O)c3ccc4c(c3)OCO4)CC2)c1,6.437707136,train,0
CCc1cc(Cl)c(OC)c(N2CCNCC2)c1,6.207608311,train,0
CCc1ccc(-c2cc(N3CCN(C)CC3)nc3c2ccn3S(=O)(=O)CC(C)C)cc1,6.211124884,train,0
CCc1ccc(C(=O)N[C@H]2CC[C@H](CCN3CCC(c4coc5ccccc45)CC3)CC2)cc1,6.687357275,train,0
CCc1ccc2c(c1)C(C1=CCN(C)CC1)=Nc1cc(C)ccc1N2,6.560667306,train,0
CCc1ccc2c(c1)C(C1=C[C@H](C)N(C)CC1)=Nc1cc(Cl)ccc1N2,7.537602002,train,0
CCc1ccc2c(c1)C(C1=C[C@H](C)N(C)CC1)=Nc1ccccc1N2,6.773400095,train,0
CCc1cccc(N2CCN(C/C=C/CNC(=O)c3nc(C)c[nH]3)CC2)c1Cl,7.76700389,train,0
CCc1cccc(N2CCN(CC(O)CCNC(=O)c3cn4ccccc4n3)CC2)c1Cl,6.71219827,train,0
CCc1cccc(N2CCN(CC(O)CCNC(=O)c3nc(C)c[nH]3)CC2)c1Cl,6.821023053,train,0
CCc1cccc(N2CCNCC2)c1Cl,6.853871964,train,0
CCc1ccccc1N1CCN(CCCCCC(=O)NC2CCCc3ccccc32)CC1,6.759450752,train,0
CCc1nc2c(N3CCNCC3)ccnc2n1Cc1cccc(Cl)c1,5.214598975,train,0
CCc1nc2c(N3CCNCC3)ccnc2n1Cc1cccc(F)c1,5.458046526,train,0
CCn1cncc1-c1c[nH]c2c(F)cc(I)cc12,5.519849275,train,0
CCn1cncc1-c1c[nH]c2ccc(C(F)(F)F)cc12,5.059931986,train,0
CCn1cncc1-c1c[nH]c2ccc(Cl)c(F)c12,5.029932203,train,0
CCn1cncc1-c1c[nH]c2ccc(I)c(F)c12,5.149905406,train,0
CCn1cncc1-c1c[nH]c2ccc(I)cc12,5.312164975,train,0
CN(C)C(=O)CCC(=O)N[C@H]1CC[C@H](CCN2CCC(c3cccc4c3CCO4)CC2)CC1,5.972935938,train,0
CN(C)C(=O)CCC(=O)N[C@H]1CC[C@H](CCN2CCC(c3coc4ccccc34)CC2)CC1,7.030118356,train,0
CN(C)C(=O)CCC(=O)N[C@H]1CC[C@H](CCN2CCN(c3nccc4c3CCO4)CC2)CC1,5.591132797,train,0
CN(C)C(=O)CN1CCc2cc3nc(N)sc3cc2CC1,5.300943145,train,0
CN(C)C(=O)N[C@H]1CC[C@H](CCN2CCC(c3cccc4c3CCO4)CC2)CC1,7.149353765,train,0
CN(C)C(=O)N[C@H]1CC[C@H](CCN2CCC(c3cccc4c3OCO4)CC2)CC1,7.269702338,train,0
CN(C)C(=O)N[C@H]1CC[C@H](CCN2CCN(c3cc(Cl)cc(Cl)c3)CC2)CC1,7.673664139,train,0
CN(C)C(=O)N[C@H]1CC[C@H](CCN2CCN(c3cc(Cl)ccc3Cl)CC2)CC1,8.036212173,train,0
CN(C)C(=O)N[C@H]1CC[C@H](CCN2CCN(c3ccc(Cl)c(Cl)c3)CC2)CC1,6.954677021,train,0
CN(C)C(=O)N[C@H]1CC[C@H](CCN2CCN(c3ccc(Cl)cc3Cl)CC2)CC1,6.970616222,train,0
CN(C)C(=O)N[C@H]1CC[C@H](CCN2CCN(c3cccc4c3OCO4)CC2)CC1,7.502793819,train,0
CN(C)C(=O)N[C@H]1CC[C@H](CCN2CCN(c3nccc4c3CCO4)CC2)CC1,6.490125715,train,0
CN(C)C(=O)N[C@H]1CC[C@H](CCNCC2CC2c2cccc(Cl)c2Cl)CC1,5.912717227,train,0
CN(C)C(=O)N[C@H]1CC[C@H](CCNCC2CC2c2cccc3c2OCCO3)CC1,5.63809902,train,0
CN(C)C(=O)N[C@H]1CC[C@H](CCNCC2CC2c2cccc3ccccc23)CC1,6.079313324,train,0
CN(C)C(=O)c1ccc(CN2CCc3cc4nc(N)sc4cc3CC2)cc1,7.366531544,train,0
CN(C)C(=O)c1cccc(CN2CCc3cc4nc(N)sc4cc3CC2)c1,7.366531544,train,0
CN(C)C1CCc2ccc3[nH]ccc3c2C1,6.521433504,train,0
CN(C)CC1=CC2=CN(S(=O)(=O)c3ccccc3)C3=CC=CC(O1)C23,5.173990022,train,0
CN(C)CC1=Cc2cn(S(=O)(=O)c3cccc4ccccc34)c3cccc(c23)O1,5.826813732,train,0
CN(C)CCCN1C(=O)c2ccccc2/C=C\c2ccccc21,5.045709238,train,0
CN(C)CCOc1ccccc1Cc1ccccc1,5.562090964,train,0
CN(C)CCc1cc(O)c(O)c2c1ccc1ccccc12,7.351941754,train,0
CN(C)CCc1cc2c(c3c1ccc1ccccc13)OCO2,7.178146865,train,0
CN(C)C[C@@H]1CC2c3ccccc3Oc3ccc(Br)cc3[C@H]2O1,6.431798276,train,0
CN(C)C[C@@H]1CC2c3ccccc3Oc3ccc(Cl)cc3[C@H]2O1,7.161150909,train,0
CN(C)C[C@@H]1CC2c3ccccc3Oc3ccc(F)cc3[C@H]2O1,6.716698771,train,0
CN(C)C[C@@H]1CC2c3ccccc3Sc3ccc(F)cc3[C@H]2O1,7.886056648,train,0
CN(C)C[C@H]1CC2c3ccccc3Oc3ccc(Br)cc3[C@H]2O1,7.173925197,train,0
CN(C)C[C@H]1CC2c3ccccc3Oc3ccc(Cl)cc3[C@H]2O1,8.161150909,train,0
CN(C)C[C@H]1CC2c3ccccc3Oc3ccc(F)cc3[C@H]2O1,7.48148606,train,0
CN(C)C[C@H]1CC2c3ccccc3Sc3ccc(F)cc3[C@H]2O1,8.525061148,train,0
CN(C)C[C@H]1C[C@@H]2c3ccccc3Cc3ccccc3[C@H]2O1,7.207608311,train,0
CN(C)C[C@H]1C[C@@H]2c3ccccc3Sc3ccc(F)cc3[C@H]2O1,7.886056648,train,0
CN(C)Cc1ccc(CNC(=O)CCCCCN2CCN(c3ccccc3-c3ccccc3)CC2)cc1,7.119186408,train,0
CN(C)Cc1cccc(CN/C=C2/C(=O)NC(=O)c3ccccc32)c1,5.103363569,train,0
CN(C)S(=O)(=O)N[C@H]1CC[C@H](CCN2CCC(c3cccc4c3CCO4)CC2)CC1,6.598771833,train,0
CN(C)S(=O)(=O)N[C@H]1CC[C@H](CCN2CCC(c3cccc4c3OCO4)CC2)CC1,6.637875815,train,0
CN(C)S(=O)(=O)N[C@H]1CC[C@H](CCN2CCC(c3coc4ccccc34)CC2)CC1,7.318577844,train,0
CN(C)S(=O)(=O)N[C@H]1CC[C@H](CCN2CCN(c3cccc4c3OCO4)CC2)CC1,6.89038771,train,0
CN(C)S(=O)(=O)N[C@H]1CC[C@H](CCN2CCN(c3nccc4c3CCO4)CC2)CC1,6.106515654,train,0
CN(C)S(=O)(=O)N[C@H]1CC[C@H](CCN2CCN(c3nccc4occc34)CC2)CC1,6.26760624,train,0
CN(C)[C@@H]1CCc2ccc3[nH]ccc3c2C1,6.76700389,train,0
CN(C)[C@@H]1Cc2cccc3nc(O)n(c23)C1,7.886056648,train,0
CN(C)[C@@H]1Cc2cccc3ncn(c23)C1,5.892111975,train,0
CN(C)[C@H]1CCc2ccc3[nH]ccc3c2C1,5.80106813,train,0
CN(C)c1ccc(CCCCNCCOc2cc(F)cc3c2OCCC3=O)cc1,7.448550002,train,0
CN(C)c1ccccc1N1CCN(CCCCCC(=O)NC2CCCc3ccccc32)CC1,7.48148606,train,0
CN(C1CCN(CCOc2ccccc2-c2ccccc2)CC1)S(=O)(=O)c1ccc(F)cc1,7.259637311,train,0
CN(C1CCN(CCOc2ccccc2-c2ccccc2)CC1)S(=O)(=O)c1ccccc1,7.27572413,train,0
CN(C1CCN(CCOc2ccccc2-c2ccccc2)CC1)S(=O)(=O)c1cnn(C)c1,7.443697499,train,0
CN(C1CCN(CCOc2ccccc2C(C)(C)C)CC1)S(=O)(=O)c1ccc(F)cc1,6.488116639,train,0
CN(C1CCN(CCOc2ccccc2C(C)(C)C)CC1)S(=O)(=O)c1cccc(F)c1,6.536107011,train,0
CN(C1CCN(CCOc2ccccc2C(C)(C)C)CC1)S(=O)(=O)c1ccccc1,6.442492798,train,0
CN(C1CCN(CCOc2ccccc2C(C)(C)C)CC1)S(=O)(=O)c1cnn(C)c1,6.55129368,train,0
CN(CC/C=C1\c2ccccc2Sc2ccc(Cl)cc21)Cc1ccc(OCCCN2CCCCC2)cc1,7.27572413,train,0
CN(CCc1c[nH]c2ccccc12)Cc1ccc(-c2ccccc2)o1,6.432973634,train,0
CN(CCc1ccccc1)[C@H]1C2C3CC4C5C3CC2C5C41,5.292685366,train,0
CN1C(=O)C(N2CCN(Cc3ccc(Cl)cc3)CC2)Cc2ccccc21,6.872895202,train,0
CN1C(=O)c2ccccc2[S+]([O-])c2ccc(C(=O)NCCc3cccs3)cc21,6.718966633,train,0
CN1C(=O)c2ccccc2[S@+]([O-])c2ccc(C(=O)NCCN3CCCC3)cc21,6.675717545,train,0
CN1C(=O)c2ccccc2[S@+]([O-])c2ccc(C(=O)NCCc3cccs3)cc21,6.995678626,train,0
CN1C(=O)c2ccccc2[S@+]([O-])c2ccc(C(=O)NCc3ccc(Br)cc3)cc21,6.617982957,train,0
CN1C(=O)c2ccccc2[S@+]([O-])c2ccc(C(=O)NCc3cccnc3)cc21,6.507239611,train,0
CN1CC=C(C2=Nc3cc(Cl)ccc3Nc3ccc(F)cc32)CC1,6.386158178,train,0
CN1CC=C(C2=Nc3cc(F)ccc3Nc3ccc(Cl)cc32)CC1,6.962573502,train,0
CN1CCC(=C2c3ccccc3CCc3sccc32)CC1,8.468521083,train,0
CN1CCC(C(=O)N[C@H]2CC[C@H](CCN3CCC(c4cccc5c4OCO5)CC3)CC2)CC1,6.822434644,train,0
CN1CCC(C(=O)N[C@H]2CC[C@H](CCN3CCN(c4cccc5c4OCO5)CC3)CC2)CC1,7.194227368,train,0
CN1CCC(c2cn(-c3ccc(F)cc3)c3ccc(-c4cccnc4)cc23)CC1,7.113509275,train,0
CN1CCC(c2cn(-c3ccc(F)cc3)c3ccc(-c4ccn(C)n4)cc23)CC1,6.793174124,train,0
CN1CCC(c2cn(-c3ccc(F)cc3)c3ccc(-c4ccncc4)cc23)CC1,7.552841969,train,0
CN1CCC(c2cn(-c3ccc(F)cc3)c3ccc(-c4ccnn4C)cc23)CC1,7.795880017,train,0
CN1CCC(c2cn(-c3ccc(F)cc3)c3ccc(-c4cncnc4)cc23)CC1,6.750287061,train,0
CN1CCC(c2cn(-c3ccc(F)cc3)c3ccc(-c4cnn(C)c4)cc23)CC1,6.821023053,train,0
CN1CCC(c2cn(-c3ccc(F)cc3)c3ccc(-c4ncn(C)n4)cc23)CC1,6.655607726,train,0
CN1CCC(c2cn(-c3ccc(F)cc3)c3ccc(-c4nnn(C)n4)cc23)CC1,7.15490196,train,0
CN1CCC(c2cn(-c3ccncc3)c3ccc(-c4cccnc4)cc23)CC1,5.958212681,train,0
CN1CCC(c2cn(-c3ccncc3)c3ccc(-c4ccncc4)cc23)CC1,6.583359493,train,0
CN1CCC(c2cn(-c3ccncc3)c3ccc(-c4ccnn4C)cc23)CC1,6.055024092,train,0
CN1CCC(c2cn(-c3ccncc3)c3ccc(-c4cncnc4)cc23)CC1,6.080398976,train,0
CN1CCC(c2cn(-c3ccncc3)c3ccc(-c4cnn(C)c4)cc23)CC1,5.193752173,train,0
CN1CCC(c2nnc(SCCCN3CC[C@]4(C[C@@H]4c4ccc(C(F)(F)F)cc4)C3)n2C)CC1=O,5.769745277,train,0
CN1CCC2C(C1)c1cccc3c1N2c1ccccc1CS3,6.896572603,train,0
CN1CCCC[C@H]1CCN1c2ccccc2Sc2ccc([S+](C)[O-])cc21,6.442636143,train,0
CN1CCCc2c1cccc2N1CCN(CCCc2c[nH]c3ccccc23)CC1,7.040958608,train,0
CN1CCN(C2=Cc3cc(Cl)ccc3Cn3cccc32)CC1,7.142064735,train,0
CN1CCN(C2=Cc3ccccc3Cn3cccc32)CC1,6.237321436,train,0
CN1CCN(C2=Cn3cccc3Sc3sccc32)CC1,8.026872146,train,0
CN1CCN(C2=Nc3cc(Cl)ccc3N(NC(=O)c3c(N)cccc3C(F)(F)F)c3ccccc32)CC1,7.031517051,train,0
CN1CCN(C2=Nc3cc(Cl)ccc3N(NC(=O)c3cc(F)ccc3C(F)(F)F)c3ccc(Cl)cc32)CC1,7.15490196,train,0
CN1CCN(C2=Nc3cc(Cl)ccc3N(NC(=O)c3ccccc3NC3CCCCC3)c3ccccc32)CC1,5.418050342,train,0
CN1CCN(C2=Nc3cc(Cl)ccc3N(NC(=O)c3cnn(-c4ccccc4)c3C(F)(F)F)c3ccccc32)CC1,5.680893941,train,0
CN1CCN(C2Cc3ccccc3Sc3ccc(-c4ccccc4)cc32)CC1,8.552841969,train,0
CN1CCN(C2Cc3ccccc3Sc3ccc(-c4ccccn4)cc32)CC1,8.537602002,train,0
CN1CCN(C2Cc3ccccc3Sc3ccc(-c4cccnc4)cc32)CC1,8.790484985,train,0
CN1CCN(C2Cc3ccccc3Sc3ccc(-c4ccn(C)n4)cc32)CC1,8.585026652,train,0
CN1CCN(C2Cc3ccccc3Sc3ccc(-c4ccncc4)cc32)CC1,8.677780705,train,0
CN1CCN(C2Cc3ccccc3Sc3ccc(-c4ccnn4C)cc32)CC1,8.730487056,train,0
CN1CCN(C2Cc3ccccc3Sc3ccc(-c4cncnc4)cc32)CC1,8.761953897,train,0
CN1CCN(C2Cc3ccccc3Sc3ccc(-c4cnn(C)c4)cc32)CC1,8.48148606,train,0
CN1CCN(C2Cc3ccccc3Sc3ccc(-c4ncn(C)n4)cc32)CC1,8.161150909,train,0
CN1CCN(C2Cc3ccccc3Sc3ccc(-c4nnn(C)n4)cc32)CC1,8.661561784,train,0
CN1CCN(C2Cc3ccccc3Sc3ccc(C#N)cc32)CC1,8.619788758,train,0
CN1CCN(C2Cc3ccccc3Sc3ccc(CN)cc32)CC1,7.443697499,train,0
CN1CCN(C2Cc3ccccc3Sc3ccc(CNC(=O)C(C)(C)C)cc32)CC1,8.148741651,train,0
CN1CCN(C2Cc3ccccc3Sc3ccc(Cc4nnn(C)n4)cc32)CC1,8.869666232,train,0
CN1CCN(C2Cc3ccccc3Sc3ccc(Cc4nnnn4C)cc32)CC1,8.537602002,train,0
CN1CCN(CC(=O)N[C@H]2CC[C@H](CCN3CCC(c4cccc5c4OCO5)CC3)CC2)CC1,6.979928896,train,0
CN1CCN(CC(=O)N[C@H]2CC[C@H](CCN3CCN(c4cccc5c4OCO5)CC3)CC2)CC1,7.408267761,train,0
CN1CCN(CCCNC(=O)c2cc(=O)c3ccccc3[nH]2)CC1,5.433680378,train,0
CN1CCN([C@@H]2C[C@@H](c3ccccc3)c3ccc(Cl)cc32)CC1(C)C,7.537602002,train,0
CN1CCN(c2cc(-c3ccc(C(F)(F)F)cc3)c3ccn(S(C)(=O)=O)c3n2)CC1,5.909389292,train,0
CN1CCN(c2ccc(C(=O)N[C@H]3CC[C@H](CCN4CCC(c5cccc6c5CCO6)CC4)CC3)cc2)CC1,6.829444941,train,0
CN1CCN(c2ccc(C(=O)N[C@H]3CC[C@H](CCN4CCC(c5coc6ccccc56)CC4)CC3)cc2)CC1,7.291664097,train,0
CN1CCN(c2ccc(C(=O)N[C@H]3CC[C@H](CCN4CCN(c5nccc6c5CCO6)CC4)CC3)cc2)CC1,6.743522794,train,0
CN1CCN(c2ccc(O)c3c2OCCO3)CC1,5.659166817,train,0
CN1CCN(c2ccc3[nH]nc(S(=O)(=O)c4cccc5ccccc45)c3c2)CC1,6.474955193,train,0
CN1CCN(c2ccc3[nH]nc(S(=O)(=O)c4ccccc4)c3c2)CC1,6.448550002,train,0
CN1CCN(c2nc(N)nc(CCCOc3cc(Cl)ccc3Cl)n2)CC1,6.382999659,train,0
CN1CCN(c2nc(N)nc(CCCOc3ccc(Cl)c(Cl)c3)n2)CC1,6.447331784,train,0
CN1CCN(c2nc(N)nc(CCCOc3cccc(Cl)c3Cl)n2)CC1,6.684029655,train,0
CN1CCN(c2nc(N)nc(COc3ccc(Cl)cc3Cl)n2)CC1,5.908333042,train,0
CN1CCN(c2nc(N)nc(COc3cccc(Cl)c3)n2)CC1,6.170696227,train,0
CN1CCN(c2nc(N)nc(COc3ccccc3)n2)CC1,5.86998805,train,0
CN1CCN(c2nc(N)nc(COc3ccccc3Cl)n2)CC1,5.626536278,train,0
CN1CCN(c2nc(N)nc(CSc3ccccc3)n2)CC1,6.133712661,train,0
CN1CCN(c2nc(N)nc(CSc3ccccc3Cl)n2)CC1,6.48148606,train,0
CN1CCN(c2nc(N)nc(C[Se]c3ccccc3)n2)CC1,6.294992041,train,0
CN1CCN2c3cccc4[nH]cc(c34)CC2C1,6.179571985,train,0
CN1CCN2c3ccccc3Cc3ccccc3C2C1,5.657972312,train,0
CN1CCOc2cc(O)ccc2Cc2ccccc2CC1,6.560667306,train,0
CN1CCc2c(c3cccc4c3n2-c2ccccc2CC4)C1,6.078636933,train,0
CN1CCc2cc(Br)c(NS(=O)(=O)c3ccc(-c4ccc(Cl)cc4)cc3)cc2CC1,7.19314197,train,0
CN1CCc2cc(Cl)c(NS(=O)(=O)c3ccc(-c4ccc(Cl)cc4)cc3)cc2CC1,7.389233405,train,0
CN1CCc2cc3nc(N)sc3cc2CC1,5.823619308,train,0
CN1CCc2ccc(NS(=O)(=O)c3ccc(-c4ccc(C#N)cc4)cc3)cc2CC1,6.29913194,train,0
CN1CCc2ccc(NS(=O)(=O)c3ccc(-c4ccc(Cl)cc4)cc3)cc2CC1,6.797266542,train,0
CN1CCc2ccc(NS(=O)(=O)c3ccc(-c4ccc(Cl)cc4)s3)cc2CC1,6.398907391,train,0
CN1CCc2ccc(NS(=O)(=O)c3ccc(-c4ccc(F)c(Cl)c4)cc3)cc2CC1,7.291409155,train,0
CN1CCc2ccc(OCCCN3CCC(C(=O)c4ccc(F)cc4F)CC3)cc2C1=O,6.04431225,train,0
CN1CCc2ccc(OCCCN3CCC(c4nsc5ccccc45)CC3)cc2C1=O,6.034328029,train,0
CN1CCc2ccc3c4c2[C@@]1(C)Cc1cccc(c1-4)C3,7.075720714,train,0
CN1CCc2ccccc2Cc2cc(N)c(O)cc2CC1,7.491915968,train,0
CN1C[C@@H]2c3ccccc3Oc3ccc(Cl)cc3[C@H]2C1,8.004364805,train,0
CNCC1Cc2ccc3c(ccn3S(=O)(=O)c3ccccc3)c21,5.699782895,train,0
CNC[C@H](O)c1ccc(O)c(O)c1,6.040481623,train,0
CN[C@@H]1Cc2cc(C#N)cc3[nH]c(=O)n(c23)C1,5.290645224,train,0
CN[C@@H]1Cc2cccc3[nH]c(=O)n(c23)C1,7.742321425,train,0
CN[C@@H]1Cc2cccc3c2n(c(=O)n3CCCCCCCCCCCCOCCCCc2ccccc2)C1,6.903089987,train,0
CN[C@@H]1Cc2cccc3c2n(c(=O)n3CCCCCCCCCCOCCCCc2ccccc2)C1,7.605548319,train,0
CN[C@@H]1Cc2cccc3c2n(c(=O)n3CCCCCCCCOCCCCc2ccccc2)C1,7.401209493,train,0
CN[C@@H]1Cc2cccc3c2n(c(=O)n3CCCCCCOCCCCc2ccccc2)C1,7.210419288,train,0
CN[C@@H]1Cc2cccc3c2n(c(=O)n3CCCCOCCCCc2ccccc2)C1,6.913640169,train,0
CN[C@@H]1Cc2cccc3c2n(c(=O)n3CCOCCOCCCCc2ccccc2)C1,6.950781977,train,0
CN[C@@H]1Cc2cccc3c2n(c(=O)n3CCOCCOCCOCCCCc2ccccc2)C1,7.447331784,train,0
CN[C@@H]1Cc2cccc3ncn(c23)C1,6.448550002,train,0
CN[C@H]1c2cc3c(ccn3S(=O)(=O)c3ccccc3)cc2[C@@H]1CCO,5.199931411,train,0
CNc1ccccc1N1CCN(CCCCCC(=O)NC2CCCc3ccccc32)CC1,6.966576245,train,0
CNc1nc(Cl)c(Cl)c(N2CCN(CCC3CCC(CCC(N)=O)CC3)CC2)n1,7.958607315,train,0
CNc1nc(Cl)c(Cl)c(N2CCN(CCC3CCC(NC(=O)N(C)C)CC3)CC2)n1,7.443697499,train,0
CNc1nc(Cl)c(Cl)c(N2CCN(CCC3CCC(NC(=O)N4CCOCC4)CC3)CC2)n1,7.958607315,train,0
CNc1nc(Cl)c(Cl)c(N2CCN(CCC3CCC(NC(C)=O)CC3)CC2)n1,7.443697499,train,0
CNc1nc(Cl)c(Cl)c(N2CCN(CCC3CCC(NC(N)=O)CC3)CC2)n1,7.443697499,train,0
CO/N=C(/CCN1CCC(c2ccccn2)CC1)c1ccc(Cl)cc1,7.690369833,train,0
CO/N=C(/CCN1CCN(c2ccccn2)CC1)c1cc(F)cc(F)c1,6.645891561,train,0
CO/N=C(/CCN1CCN(c2ccccn2)CC1)c1ccc(Cl)c(C)c1,7.208309351,train,0
CO/N=C(/CCN1CCN(c2ccccn2)CC1)c1ccc(F)cc1,6.653647026,train,0
CO/N=C(/CCN1CCN(c2ccccn2)CC1)c1cccc(C#N)c1,6.899629455,train,0
CO/N=C(/CCN1CCN(c2ccccn2)CC1)c1cccc(C)c1,7.161150909,train,0
CO/N=C(/CCN1CCN(c2ccccn2)CC1)c1cccc(F)c1,7.322393047,train,0
CO/N=C(/CCN1CCN(c2ccccn2)CC1)c1cccnc1,5.739690054,train,0
CO/N=C(/c1ccc(Cl)cc1)C(C)CN1CCN(c2ccccn2)CC1,6.832682665,train,0
CO/N=C(/c1ccc(Cl)cc1)C(CNOC)CN1CCN(c2ccccn2)CC1,6.782516056,train,0
CO/N=C(/c1ccc(Cl)cc1)C(O)CN1CCN(c2ccccn2)CC1,6.432973634,train,0
CO/N=C(\CCN1CCC(c2ccccn2)CC1)c1ccc(Cl)cc1,7.580044252,train,0
CO/N=C(\CCN1CCN(c2ccccn2)CC1)c1cc(F)cc(F)c1,6.876148359,train,0
CO/N=C(\CCN1CCN(c2ccccn2)CC1)c1ccc(C)c(C)c1,6.860120914,train,0
CO/N=C(\CCN1CCN(c2ccccn2)CC1)c1ccc(Cl)c(Cl)c1,7.1837587,train,0
CO/N=C(\CCN1CCN(c2ccccn2)CC1)c1ccc(Cl)cc1,7.188424994,train,0
CO/N=C(\CCN1CCN(c2ccccn2)CC1)c1ccc(F)c(Cl)c1,6.764471553,train,0
CO/N=C(\CCN1CCN(c2ccccn2)CC1)c1ccc(F)cc1,6.772113295,train,0
CO/N=C(\CCN1CCN(c2ccccn2)CC1)c1cccc(C)c1,7.15864053,train,0
CO/N=C(\CCN1CCN(c2ccccn2)CC1)c1cccc(Cl)c1,7.001304842,train,0
CO/N=C(\CCN1CCN(c2ccccn2)CC1)c1cccc(F)c1,6.991399828,train,0
CO/N=C(\CCN1CCN(c2ccccn2)CC1)c1ccccc1,6.761953897,train,0
CO/N=C(\CCN1CCN(c2ccccn2)CC1)c1ccccc1C,6.946921557,train,0
CO/N=C(\CCN1CCN(c2ccccn2)CC1C)c1ccc(Cl)cc1,7.110698297,train,0
CO/N=C(\CN1CCN(c2ccccn2)CC1)c1ccc(F)cc1,5.596707855,train,0
CO/N=C(\c1ccc(Cl)cc1)C(O)CN1CCN(c2ccccn2)CC1,6.001740662,train,0
COC(=O)C1(c2ccc(C)cc2)CC1CN1CCC(O)(c2ccccc2)CC1,5.890759031,train,0
COC(C)(C)C(=O)N[C@H]1CC[C@H](CCN2CCN(c3cccc4c3OCO4)CC2)CC1,6.929518825,train,0
COC(C)CC(=O)N[C@H]1CC[C@H](CCN2CCC(c3cccc4c3OCO4)CC2)CC1,6.394296405,train,0
COC(C)CC(=O)N[C@H]1CC[C@H](CCN2CCN(c3cccc4c3OCO4)CC2)CC1,6.73926098,train,0
COC(C)CC(=O)N[C@H]1CC[C@H](CCN2CCN(c3nccc4c3CCO4)CC2)CC1,6.095663208,train,0
COC(CC(=O)N[C@H]1CC[C@H](CCN2CCC(c3cccc4c3CCO4)CC2)CC1)OC,6.435215615,train,0
COC(CC(=O)N[C@H]1CC[C@H](CCN2CCC(c3coc4ccccc34)CC2)CC1)OC,7.302334837,train,0
COC(CC(=O)N[C@H]1CC[C@H](CCN2CCN(c3nccc4c3CCO4)CC2)CC1)OC,5.858268105,train,0
COC(CCC(=O)N[C@H]1CC[C@H](CCN2CCN(c3nccc4c3CCO4)CC2)CC1)OC,5.625911843,train,0
COC1(C(=O)N[C@H]2CC[C@H](CCN3CCC(c4cccc5c4OCO5)CC3)CC2)CCCCC1,6.7044329,train,0
COC1(C(=O)N[C@H]2CC[C@H](CCN3CCN(c4cccc5c4OCO5)CC3)CC2)CC1,7.057793458,train,0
COC1(C(=O)N[C@H]2CC[C@H](CCN3CCN(c4cccc5c4OCO5)CC3)CC2)CCCCC1,6.598651164,train,0
COCC(=O)N[C@H]1CC[C@H](CCN2CCC(c3cccc4c3CCO4)CC2)CC1,6.172501492,train,0
COCC(=O)N[C@H]1CC[C@H](CCN2CCC(c3cccc4c3OCO4)CC2)CC1,6.293982431,train,0
COCC(=O)N[C@H]1CC[C@H](CCN2CCC(c3cccc4occc34)CC2)CC1,6.589560214,train,0
COCC(=O)N[C@H]1CC[C@H](CCN2CCC(c3coc4ccccc34)CC2)CC1,7.090979146,train,0
COCC(=O)N[C@H]1CC[C@H](CCN2CCN(c3cccc4c3OCO4)CC2)CC1,6.621202514,train,0
COCC(=O)N[C@H]1CC[C@H](CCN2CCN(c3nccc4c3CCO4)CC2)CC1,5.810678159,train,0
COCC(=O)N[C@H]1CC[C@H](CCN2CCN(c3nccc4occc34)CC2)CC1,5.935916564,train,0
COCC(=O)N[C@H]1CC[C@H](CCN2CCN(c3nccc4sccc34)CC2)CC1,6.655607726,train,0
COCCC(=O)N[C@H]1CC[C@H](CCN2CCC(c3ccc(F)c4occc34)CC2)CC1,6.211902367,train,0
COCCC(=O)N[C@H]1CC[C@H](CCN2CCC(c3cccc4c3CCO4)CC2)CC1,6.292089334,train,0
COCCC(=O)N[C@H]1CC[C@H](CCN2CCC(c3cccc4c3OCO4)CC2)CC1,6.368962303,train,0
COCCC(=O)N[C@H]1CC[C@H](CCN2CCC(c3cccc4occc34)CC2)CC1,6.539703673,train,0
COCCC(=O)N[C@H]1CC[C@H](CCN2CCC(c3coc4ccccc34)CC2)CC1,7.141583122,train,0
COCCC(=O)N[C@H]1CC[C@H](CCN2CCN(c3cccc4c3OCO4)CC2)CC1,6.758602958,train,0
COCCC(=O)N[C@H]1CC[C@H](CCN2CCN(c3nc(C)cc4c3CCO4)CC2)CC1,5.827689031,train,0
COCCC(=O)N[C@H]1CC[C@H](CCN2CCN(c3nc(C)cc4occc34)CC2)CC1,6.365825128,train,0
COCCC(=O)N[C@H]1CC[C@H](CCN2CCN(c3ncc(C)c4c3CCO4)CC2)CC1,5.447940466,train,0
COCCC(=O)N[C@H]1CC[C@H](CCN2CCN(c3ncc(C)c4occc34)CC2)CC1,5.606951534,train,0
COCCC(=O)N[C@H]1CC[C@H](CCN2CCN(c3nccc4c3CCO4)CC2)CC1,5.827105302,train,0
COCCC(=O)N[C@H]1CC[C@H](CCN2CCN(c3nccc4occc34)CC2)CC1,5.870310108,train,0
COCCC(=O)N[C@H]1CC[C@H](CCN2CCN(c3nccc4sccc34)CC2)CC1,6.514278574,train,0
COCCS(=O)(=O)n1ccc2c(-c3ccc(C(F)(F)F)cc3)cc(N3CCN(C)CC3)nc21,7.27572413,train,0
COCOc1ccc(CNC(=O)CCCCCN2CCN(c3ccccc3-c3ccc(OC)cc3)CC2)cc1,6.492144128,train,0
COCOc1ccc(CNC(=O)CCCCCN2CCN(c3ccccc3-c3ccccc3)CC2)cc1,7.431798276,train,0
COC[C@@H](C)N1CCN(c2cccc(F)c2C#N)CC1,5.160333443,train,0
CO[C@@H](C(=O)N[C@H]1CC[C@H](CCN2CCN(c3cccc4c3OCO4)CC2)CC1)C(C)C,7.043351421,train,0
CO[C@@H](C)C(=O)N[C@H]1CC[C@H](CCN2CCC(c3cccc4c3OCO4)CC2)CC1,6.332603089,train,0
CO[C@@H](C)C(=O)N[C@H]1CC[C@H](CCN2CCN(c3cccc4c3OCO4)CC2)CC1,6.819816758,train,0
CO[C@@H](C)C(=O)N[C@H]1CC[C@H](CCN2CCN(c3nccc4c3CCO4)CC2)CC1,6.102647866,train,0
CO[C@@H]1CC[C@@H](CC(=O)N[C@H]2CC[C@H](CCN3CCC(c4cccc5c4OCO5)CC3)CC2)C1,6.479477166,train,0
CO[C@@H]1CC[C@@H](CC(=O)N[C@H]2CC[C@H](CCN3CCN(c4cccc5c4OCO5)CC3)CC2)C1,6.736245611,train,0
CO[C@@H]1CC[C@@H](CC(=O)N[C@H]2CC[C@H](CCN3CCN(c4nccc5occc45)CC3)CC2)C1,6.095284455,train,0
CO[C@@H]1CC[C@@H](CC(=O)N[C@H]2CC[C@H](CCN3CCN(c4nccc5sccc45)CC3)CC2)C1,6.597181617,train,0
CO[C@H](C(=O)N[C@H]1CC[C@H](CCN2CCN(c3cccc4c3OCO4)CC2)CC1)C(C)C,6.948770277,train,0
CO[C@H](C)C(=O)N[C@H]1CC[C@H](CCN2CCC(c3cccc4c3OCO4)CC2)CC1,6.296751623,train,0
CO[C@H](C)C(=O)N[C@H]1CC[C@H](CCN2CCN(c3cccc4c3OCO4)CC2)CC1,6.599807511,train,0
CO[C@H](C)C(=O)N[C@H]1CC[C@H](CCN2CCN(c3nccc4c3CCO4)CC2)CC1,6.16653414,train,0
CO[C@H]1CC[C@H](CC(=O)N[C@H]2CC[C@H](CCN3CCC(c4cccc5c4OCO5)CC3)CC2)CC1,6.441519434,train,0
CO[C@H]1CC[C@H](CC(=O)N[C@H]2CC[C@H](CCN3CCC(c4coc5ccccc45)CC3)CC2)CC1,7.16488041,train,0
CO[C@H]1CC[C@H](CC(=O)N[C@H]2CC[C@H](CCN3CCN(c4cccc5c4OCO5)CC3)CC2)CC1,6.12291098,train,0
CO[C@H]1CC[C@H](CC(=O)N[C@H]2CC[C@H](CCN3CCN(c4nccc5c4CCO5)CC3)CC2)C1,5.888502251,train,0
CO[C@H]1CC[C@H](CC(=O)N[C@H]2CC[C@H](CCN3CCN(c4nccc5c4CCO5)CC3)CC2)CC1,5.610320157,train,0
CO[C@H]1CC[C@H](CC(=O)N[C@H]2CC[C@H](CCN3CCN(c4nccc5occc45)CC3)CC2)CC1,5.834458923,train,0
CO[C@H]1CC[C@H](CC(=O)N[C@H]2CC[C@H](CCN3CCN(c4nccc5sccc45)CC3)CC2)C1,6.607303047,train,0
CO[C@H]1CC[C@H](CC(=O)N[C@H]2CC[C@H](CCN3CCN(c4nccc5sccc45)CC3)CC2)CC1,6.518557371,train,0
COc1c(OCCF)cccc1C(=O)C1CCN(CCc2ccc(F)cc2)CC1,5.416914634,train,0
COc1cc(C(F)(F)F)ccc1C1CCN(Cc2nc3ncccc3n2C)CC1,5.614215041,train,0
COc1cc(CCN(C)C)c2ccc3ccccc3c2c1OC,6.49104922,train,0
COc1cc(CCNCCc2ccc(O)c(O)c2)ccc1OCCCc1ccccc1,7.055517328,train,0
COc1cc(CCNCCc2ccc(O)c3[nH]c(=O)ccc23)ccc1OCCCc1ccccc1,6.990130384,train,0
COc1cc(CCNCCc2ccc(O)c3c2OCC(=O)N3)ccc1OCCCc1ccccc1,7.815392071,train,0
COc1cc(CCNC[C@@H](O)c2ccc(O)c(O)c2)ccc1OCCCc1ccccc1,5.745156785,train,0
COc1cc(CCNC[C@@H](O)c2ccc(O)c3[nH]c(=O)ccc23)ccc1OCCCc1ccccc1,5.587767826,train,0
COc1cc(CCNC[C@@H](O)c2ccc(O)c3c2OCC(=O)N3)ccc1OCCCc1ccccc1,6.760233938,train,0
COc1cc(CCNC[C@H](O)c2ccc(O)c(O)c2)ccc1OCCCc1ccccc1,7.061084054,train,0
COc1cc(CCNC[C@H](O)c2ccc(O)c3[nH]c(=O)ccc23)ccc1OCCCc1ccccc1,5.369381642,train,0
COc1cc(CCNC[C@H](O)c2ccc(O)c3c2OCC(=O)N3)ccc1OCCCc1ccccc1,7.031592384,train,0
COc1cc(Cl)ccc1C(=O)N[C@H]1C[C@@H]2CC[C@H](C1)N2Cc1ccco1,6.756218084,train,0
COc1cc(F)cc(N2CCN(CCCCNC(=O)c3ccc4nonc4c3)CC2)c1,5.872247484,train,0
COc1cc(N)c(Cl)cc1C(=O)NCCN(C)Cc1ccccc1,7.596879479,train,0
COc1cc(N)c(Cl)cc1C(=O)N[C@@H]1C[C@@H]2CC[C@H](C1)N2CC1CCCO1,6.981715692,train,0
COc1cc(N2CCC3CN(CCCSc4nnc(-c5cnccn5)n4C)CC32)ccc1F,6.29913194,train,0
COc1cc2c(cc1NS(=O)(=O)c1ccc(-c3ccc(Cl)cc3)cc1)CCN(C)CC2,8.302683458,train,0
COc1cc2c(cc1O)CN(CCCCNC(=O)c1ccc(C(N)=O)cc1)CC2,6.064996849,train,0
COc1cc2c(cc1O)CN(CCCCNC(=O)c1ccc(Cl)cc1)CC2,5.958212681,train,0
COc1cc2c(cc1O)CN(CCCCNC(=O)c1ccc3ccccc3c1)CC2,6.154281982,train,0
COc1cc2c(cc1O)CN(Cc1ccccc1CNC(=O)c1ccc(Br)cc1)CC2,7.113509275,train,0
COc1cc2c(cc1O)CN(Cc1ccccc1CNC(=O)c1ccc(Cl)cc1)CC2,7.318758763,train,0
COc1cc2c(cc1O)CN(Cc1ccccc1CNC(=O)c1ccc(F)cc1)CC2,7.27572413,train,0
COc1cc2c(cc1O)CN(Cc1ccccc1CNC(=O)c1ccc(I)c(OC)c1)CC2,7.552841969,train,0
COc1cc2c(cc1O)CN(Cc1ccccc1CNC(=O)c1ccc(I)cc1)CC2,7.070581074,train,0
COc1cc2c(cc1O)CN(Cc1ccccc1CNC(=O)c1ccc3ccccc3c1)CC2,6.507239611,train,0
COc1cc2c(cc1O)CN(Cc1ccccc1CNC(=O)c1cccc(Br)c1)CC2,6.821023053,train,0
COc1cc2c(cc1O)CN(Cc1ccccc1CNC(=O)c1cccc(C#N)c1)CC2,7.397940009,train,0
COc1cc2c(cc1O)CN(Cc1ccccc1CNC(=O)c1cccc(Cl)c1)CC2,6.995678626,train,0
COc1cc2c(cc1O)CN(Cc1ccccc1CNC(=O)c1cccc(Cl)c1Cl)CC2,6.55129368,train,0
COc1cc2c(cc1O)CN(Cc1ccccc1CNC(=O)c1ccccc1Br)CC2,6.375717904,train,0
COc1cc2c(cc1O)CN(Cc1ccccc1CNC(=O)c1ccccc1Cl)CC2,6.718966633,train,0
COc1cc2c(cc1O)CN(Cc1ccccc1CNC(=O)c1ccccc1OC)CC2,7.102372909,train,0
COc1cc2c(cc1OC)CN(CCCCn1cc(-c3ccc(F)cc3)c3ccccc31)CC2,6.059981845,train,0
COc1cc2c(cc1OC)CN(CCNC(=O)c1cc(C)ccc1OC)CC2,5.545002783,train,0
COc1cc2c(cc1OC)CN(Cc1ccccc1CNC(=O)c1cccc(C#N)c1)CC2,7.327902142,train,0
COc1cc2c3c(c1OC)N(c1ccc(F)cc1)CC3CN(C)CC2,7.494850022,train,0
COc1cc2ccccc2cc1C(=O)CCC1CCN(Cc2ccccc2)CC1,6.398907391,train,0
COc1ccc(-c2c(=O)n(CCCCN3CCCC(c4c[nH]c5ccccc45)C3)c(=O)n3ccccc23)cc1,5.946921557,train,0
COc1ccc(-c2c3n(c(=O)n(CCCCN4CCCC(c5c[nH]c6ccc(OC)cc56)C4)c2=O)CCCC3)cc1,5.744004273,train,0
COc1ccc(-c2cc(F)ccc2N2CCN(CCCCCC(=O)NCc3ccc(C#N)cc3)CC2)cc1,6.281498311,train,0
COc1ccc(-c2cc(N3CCN(C)CC3)nc3c2ccn3S(=O)(=O)CC(C)C)cc1,7.638272164,train,0
COc1ccc(-c2ccc(CNCCc3c[nH]c4ccc(OC)cc34)o2)cc1,5.864549301,train,0
COc1ccc(-c2ccccc2N2CCN(CCCCCC(=O)NCc3ccc(C#N)cc3)CC2)cc1,6.53165267,train,0
COc1ccc(-c2ccccc2N2CCN(CCCCCC(=O)N[C@@H](C)c3ccc(C#N)cc3)CC2)cc1,6.510041521,train,0
COc1ccc(-c2ccccc2N2CCN(CCCCCC(=O)N[C@@H](C)c3ccccc3)CC2)cc1,6.749579998,train,0
COc1ccc(-c2ccccc2N2CCN(CCCCCC(=O)N[C@H](C)c3ccc(C#N)cc3)CC2)cc1,6.612610174,train,0
COc1ccc(-c2ccccc2N2CCN(CCCCCC(=O)N[C@H](C)c3ccccc3)CC2)cc1,6.528708289,train,0
COc1ccc(-c2nc(CN(C)C[C@@H]3Cc4ccccc4O3)c(C)o2)cc1C,5.168258166,train,0
COc1ccc(-c2nnc(SCCCN3CCc4ccc(-c5cc(C)on5)cc4CC3)n2C)cc1,6.697820646,train,0
COc1ccc(-c2nnc(SCCCN3CCc4ccc(-c5cc(C)on5)cc4CC3)n2C)cn1,5.899653583,train,0
COc1ccc(Br)c(O)c1C(=O)NC[C@H]1CCCN1Cc1ccccc1,8.744727495,train,0
COc1ccc(C#CCCN2CC=C(c3ccccc3)CC2)cc1,6.488664864,train,0
COc1ccc(C(=O)NCc2ccccc2CN2CCc3cc(OC)c(O)cc3C2)cc1,7.124938737,train,0
COc1ccc(C(=O)N[C@H]2C[C@@H]3CC[C@H](C2)N3Cc2ccco2)c(OC)c1,6.184754408,train,0
COc1ccc(C23CC2CN(CCCSc2nnc(-c4cccc5nc(C)ccc45)n2C)C3)cc1,5.899653583,train,0
COc1ccc(C23CC2CN(CCCSc2nnc(-c4ocnc4C)n2C)C3)cc1,6.74742237,train,0
COc1ccc(C23CC2CN(CCCSc2nnc(-c4ocnc4C)n2C)C3)cc1C(F)(F)F,6.69776934,train,0
COc1ccc(C23CC2CN(CCCSc2nnc(-c4ocnc4C)n2C)C3)cc1Cl,6.349019665,train,0
COc1ccc(C2=CCN(CCCCc3ccncc3)CC2)cc1,5.785156152,train,0
COc1ccc(C2=NO[C@@H](CCCN3CCN(C(c4ccc(F)cc4)c4ccc(F)cc4)CC3)C2)cc1OC,6.396855627,train,0
COc1ccc(C2=NO[C@H](CCCN3CCN(C(c4ccc(F)cc4)c4ccc(F)cc4)CC3)C2)cc1OC,7.091514981,train,0
COc1ccc(CCC(=O)NN2c3ccc(Cl)cc3N=C(N3CCN(C)CC3)c3ccccc32)cc1Cl,6.234331445,train,0
COc1ccc(CCCCCCNCCOc2cc(F)cc3c2OC(C)CC3)cc1,8.480172006,train,0
COc1ccc(CCCCCNCCOc2cc(F)cc3c2OC(C)CC3)cc1,8.395773947,train,0
COc1ccc(CCCCNCCOc2c(F)ccc3c2OCCC3)cc1,7.651695137,train,0
COc1ccc(CCCCNCCOc2cc(C)cc3c2OCCC3)cc1,8.554395797,train,0
COc1ccc(CCCCNCCOc2cc(Cl)cc3c2OCCC3)cc1,8.827105302,train,0
COc1ccc(CCCCNCCOc2cc(F)cc3c2OC(C)(C)CC3)cc1,8.939679971,train,0
COc1ccc(CCCCNCCOc2cc(F)cc3c2OC(C)CC3)cc1,8.882066165,train,0
COc1ccc(CCCCNCCOc2cc(F)cc3c2OCC/C3=N/O)cc1,7.896196279,train,0
COc1ccc(CCCCNCCOc2cc(F)cc3c2OCC=C3)cc1,8.890084137,train,0
COc1ccc(CCCCNCCOc2cc(F)cc3c2OCCC3)cc1,8.89997427,train,0
COc1ccc(CCCCNCCOc2cc(F)cc3c2OCCC3=O)c2ccccc12,6.812479279,train,0
COc1ccc(CCCCNCCOc2cc(F)cc3c2OCCC3=O)cc1,7.19859629,train,0
COc1ccc(CCCCNCCOc2cc(F)cc3c2OCCC3O)cc1,8.763462739,train,0
COc1ccc(CCCCNCCOc2cc(F)cc3c2OCCC3OC)cc1,7.996970529,train,0
COc1ccc(CCCCNCCOc2cc(O)cc3c2OCCC3)cc1,8.559090918,train,0
COc1ccc(CCCCNCCOc2cc(OC)cc3c2OCCC3)cc1,8.560667306,train,0
COc1ccc(CCCCNCCOc2ccc(F)c3c2OCCC3)cc1,8.343901798,train,0
COc1ccc(CCCCNCCOc2cccc3c2OCCC3)cc1,8.80106813,train,0
COc1ccc(CCCNCCOc2cc(F)cc3c2OC(C)CC3)cc1,8.223298816,train,0
COc1ccc(CCN(CCCc2ccccc2)CCc2ccc3c(c2)OCO3)cc1OC,5.761953897,train,0
COc1ccc(CCNCCOc2cc(F)cc3c2OC(C)CC3)cc1,8.039529222,train,0
COc1ccc(CCNCCOc2cc(F)cc3c2OCCC3=O)cc1,7.408935393,train,0
COc1ccc(CCNCCOc2cc(F)cc3c2OCCC3O)cc1,8.399027104,train,0
COc1ccc(CN2C3CCC2CC(NC(=O)c2ccc4ccccc4c2)C3)cc1,8.795880017,train,0
COc1ccc(CN2CC=C(c3c[nH]c4ccc(OC(C)C)cc34)CC2)cc1,6.779891912,train,0
COc1ccc(CN2CC=C(c3c[nH]c4ccccc34)CC2)cc1,7.054039296,train,0
COc1ccc(CN2CCc3cc4nc(N)sc4cc3CC2)cc1,7.031517051,train,0
COc1ccc(CNCCN2CCN(Cc3cc4ccccc4[nH]3)CC2)cc1,5.397831449,train,0
COc1ccc(Cl)cc1C(=O)N[C@@H]1C[C@@H]2CC[C@H](C1)N2CC1CCCO1,5.61960784,train,0
COc1ccc(Cl)cc1C1CC1CNCCCCOc1ccc2c(c1)NC(=O)CC2,7.408824064,train,0
COc1ccc(Cl)cc1C1CC1CNCCCCOc1ccc2ccc(=O)[nH]c2c1,7.781335628,train,0
COc1ccc(Cl)cc1C1CC1CNCCCOc1ccc2c(c1)NC(=O)CC2,7.477817937,train,0
COc1ccc(Cl)cc1C1CC1CNCCCOc1ccc2ccc(=O)[nH]c2c1,7.468459291,train,0
COc1ccc(Cl)cc1OC[C@@H]1CN(Cc2ccc(Cl)cc2)CCO1,6.872895202,train,0
COc1ccc(Cl)cc1S(=O)(=O)N[C@H]1CC[C@@H](N2CCC(c3ccccc3OC3CC3)CC2)CC1,6.886056648,train,0
COc1ccc(Cl)cc1S(=O)(=O)N[C@H]1CC[C@H](N2CCC(c3ccccc3OC3CC3)CC2)CC1,6.809668302,train,0
COc1ccc(Cl)cc1[C@@H]1C[C@H]1CNCCCCOc1ccc2ccc(=O)[nH]c2c1,7.506542508,train,0
COc1ccc(Cl)cc1[C@@H]1C[C@H]1CNCCCOc1ccc2ccc(=O)[nH]c2c1,6.498099314,train,0
COc1ccc(Cl)cc1[C@H]1C[C@@H]1CNCCCCOc1ccc2c(c1)NC(=O)CC2,7.903437701,train,0
COc1ccc(Cl)cc1[C@H]1C[C@@H]1CNCCCOc1ccc2ccc(=O)[nH]c2c1,7.858865724,train,0
COc1ccc(F)cc1C1CC1CNCCCCOc1ccc2c(c1)NC(=O)CC2,7.299817882,train,0
COc1ccc(F)cc1C1CC1CNCCCCOc1ccc2ccc(=O)[nH]c2c1,7.359717416,train,0
COc1ccc(F)cc1C1CC1CNCCCOc1ccc2c(c1)NC(=O)CC2,7.545613846,train,0
COc1ccc(F)cc1C1CC1CNCCCOc1ccc2ccc(=O)[nH]c2c1,7.572676972,train,0
COc1ccc(F)cc1[C@@H]1C[C@H]1CNCCCCOc1ccc2ccc(=O)[nH]c2c1,7.349450261,train,0
COc1ccc(F)cc1[C@@H]1C[C@H]1CNCCCOc1ccc2ccc(=O)[nH]c2c1,6.439149381,train,0
COc1ccc(F)cc1[C@H]1C[C@@H]1CNCCCCOc1ccc2ccc(=O)[nH]c2c1,7.660648872,train,0
COc1ccc(F)cc1[C@H]1C[C@@H]1CNCCCOc1ccc2ccc(=O)[nH]c2c1,8.119558689,train,0
COc1ccc(N(CCCCN2CCC(O)(c3ccc(Cl)c(C(F)(F)F)c3)CC2)c2ccc(OC)cc2)cc1,6.378823718,train,0
COc1ccc(N2CCC3CN(CCCSc4nnc(-c5cnccn5)n4C)CC32)cc1,5.799726939,train,0
COc1ccc(N2CCN(Cc3c(C)nc4cc(C)nc(C)n34)CC2)cc1,6.688266808,train,0
COc1ccc(N2CCN(Cc3c(C)nc4cc(C)ncn34)CC2)cc1,5.040910886,train,0
COc1ccc(NCCN2CCN(CCc3c[nH]c4ccccc34)CC2)cc1,6.36552273,train,0
COc1ccc(NCCN2CCN(Cc3cc4ccccc4[nH]3)CC2)cc1,5.124880835,train,0
COc1ccc(NS(=O)(=O)c2sc3ccc(Cl)cc3c2C)cc1N1CCNCC1,6.336299075,train,0
COc1ccc(OC)c(C(=O)N[C@H]2C[C@@H]3CC[C@H](C2)N3Cc2ccco2)c1,5.958212681,train,0
COc1ccc(OCCNCCCOc2ccccc2)cc1,5.709778348,train,0
COc1ccc(Oc2cccc(CN3CCC(c4cccc(NC(=O)C(C)C)c4)CC3)c2)cc1,5.999565923,train,0
COc1ccc([C@H]2CC[C@@H](N3CCN(c4ccccn4)CC3)CC2)cc1,6.103473783,train,0
COc1ccc2[nH]c(C(=O)NCCC(F)CN3CCN(c4cccc(Cl)c4Cl)CC3)cc2c1,6.63638802,train,0
COc1ccc2[nH]c(C(=O)NCCC(O)CN3CCN(c4cccc(Cl)c4Cl)CC3)cc2c1,6.661543506,train,0
COc1ccc2[nH]c(C)c(CCNCc3ccc(-c4ccc(O)cc4)o3)c2c1,6.774690718,train,0
COc1ccc2[nH]cc(C3=CCN(Cc4cc(=O)[nH]c5ccccc45)CC3)c2c1,7.229147988,train,0
COc1ccc2[nH]cc(C3=CCN(Cc4ccco4)CC3)c2c1,6.844663963,train,0
COc1ccc2[nH]cc(C3=CCN(Cc4cccs4)CC3)c2c1,6.847711656,train,0
COc1ccc2[nH]cc(C3CC(=O)N(CCCCN4CCC(c5c[nH]c6ccc(F)cc56)CC4)C3=O)c2c1,7.200659451,train,0
COc1ccc2[nH]cc(C3CC(=O)N(CCCCN4CCC(c5c[nH]c6ccccc56)CC4)C3=O)c2c1,7.769551079,train,0
COc1ccc2[nH]cc(C3CCN(CCCCN4C(=O)CC(c5c[nH]c6ccc(F)cc56)C4=O)CC3)c2c1,7.677780705,train,0
COc1ccc2[nH]cc(C3CCN(CCCCN4C(=O)CC(c5c[nH]c6ccc(OC)cc56)C4=O)CC3)c2c1,6.661543506,train,0
COc1ccc2[nH]cc(C3CCN(CCCCN4C(=O)CC(c5c[nH]c6ccccc56)C4=O)CC3)c2c1,6.790484985,train,0
COc1ccc2[nH]cc(C3CCN(CCCN4C(=O)CC(c5c[nH]c6ccccc56)C4=O)CC3)c2c1,6.463441557,train,0
COc1ccc2[nH]cc(CCCN3CCN(c4cccc5c4OCCO5)CC3)c2c1,7.795880017,train,0
COc1ccc2[nH]cc(CCNCc3ccc(-c4ccc(O)cc4)o3)c2c1,6.655607726,train,0
COc1ccc2[nH]cc(CCNCc3ccc(-c4cccc(O)c4)o3)c2c1,6.406713933,train,0
COc1ccc2[nH]cc(CCNCc3ccc(-c4cn[nH]c4)o3)c2c1,5.761702932,train,0
COc1ccc2[nH]cc(CCNCc3ccc(-c4cnc5ccccc5c4)o3)c2c1,5.988852639,train,0
COc1ccc2c(c1)C(C1=CCN(C)CC1)=Nc1cc(C)ccc1N2,6.48148606,train,0
COc1ccc2c(c1)C(C1=C[C@H](C)N(C)CC1)=Nc1cc(Cl)ccc1N2,7.15490196,train,0
COc1ccc2c(c1)C1(CCC2)CCN(CCCSc2nnc(-c3ocnc3C)n2C)C1,6.598272138,train,0
COc1ccc2c(c1)CCCC21CCN(CCCSc2nnc(-c3ocnc3C)n2C)C1,5.999565923,train,0
COc1ccc2c(c1)CCN(C)C2Cc1ccccc1C,5.132414673,train,0
COc1ccc2c(c1)OCCN(C)CCc1ccccc1C2,6.798602876,train,0
COc1ccc2c(c1)c(-c1[nH]c(NCC(F)F)nc1C)cn2S(=O)(=O)c1ccccc1,5.399898744,train,0
COc1ccc2c(c1)c(-c1[nH]c(NCCc3ccccc3)nc1C)cn2S(=O)(=O)c1ccccc1,5.669789215,train,0
COc1ccc2c(c1)c(-c1[nH]c(NCc3ccccc3)nc1C)cn2S(=O)(=O)c1ccccc1,5.929592678,train,0
COc1ccc2c(c1)c(-c1c(C)nc(N)n1CC(F)F)cn2S(=O)(=O)c1ccccc1,5.419873675,train,0
COc1ccc2c(c1)c(C1=CCNCC1)cn2S(=O)(=O)c1ccc2cccnc2c1,6.617982957,train,0
COc1ccc2c(c1)c(C1=CCNCC1)cn2S(=O)(=O)c1cccc2ncccc12,6.518557371,train,0
COc1ccc2c(c1)c(C1=CCNCC1)cn2S(=O)(=O)c1cncc2ccccc12,5.478861916,train,0
COc1ccc2cc(S(=O)(=O)N[C@@H]3CCN(CCCc4noc5ccccc45)C3)ccc2c1,8.388276692,train,0
COc1ccc2cc(S(=O)(=O)N[C@H]3CCN(CCCc4noc5ccccc45)C3)ccc2c1,7.242376254,train,0
COc1ccc2nc(NC(=O)CCCCN3CCN(c4ccc(Cl)cc4)CC3)sc2c1,6.70333481,train,0
COc1ccc2ncc(C(=O)NCCC(O)CN3CCN(c4ccccc4OC)CC3)cc2c1,6.110698297,train,0
COc1cccc(-c2nnc(SCCCN3CCc4ccc(-c5cc(C)on5)cc4CC3)n2C)c1,8.048516769,train,0
COc1cccc(C(=O)NCc2ccccc2CN2CCc3cc(OC)c(O)cc3C2)c1,6.850780887,train,0
COc1cccc(C(=O)N[C@@H]2C[C@@H]3CC[C@H](C2)N3Cc2ccccn2)c1OC,7.987162775,train,0
COc1cccc(C(=O)N[C@@H]2C[C@@H]3CC[C@H](C2)N3Cc2ccco2)c1OC,7.563837353,train,0
COc1cccc(C23CC2CN(CCCSc2nnc(-c4ocnc4C)n2C)C3)c1,6.647405283,train,0
COc1cccc(C2=CCC(N3CCN(c4ccccc4)CC3)CC2)c1,5.659357622,train,0
COc1cccc(C2=CCC(N3CCN(c4ccccn4)CC3)CC2)c1,5.913284336,train,0
COc1cccc(CC(=O)N2CCC(C)c3cccc(CCN4CCN(c5nsc6ccccc56)CC4)c32)c1,8.301029996,train,0
COc1cccc(CCCCNCCOc2cc(F)cc3c2OCCC3=O)c1,6.950781977,train,0
COc1cccc(CCc2ccccc2OCc2cccc(OC)c2)c1,5.300943145,train,0
COc1cccc(CCc2ccccc2OCc2ccccc2)c1,5.300943145,train,0
COc1cccc(CCc2ccccc2OCc2ccccn2)c1,5.300943145,train,0
COc1cccc(CCc2ccccc2OCc2cccnc2)c1,5.300943145,train,0
COc1cccc(CN2C3CCC2CC(NC(=O)c2ccc4ccccc4c2)C3)c1,7.573488739,train,0
COc1cccc(CN2CC=C(c3c[nH]c4ccc(OC(C)C)cc34)CC2)c1,6.522878745,train,0
COc1cccc(CN2CC=C(c3c[nH]c4ccccc34)CC2)c1,7.554395797,train,0
COc1cccc(CN2CC[C@H](NC(=O)c3ccc(-c4cccs4)cc3)C2)c1,5.350567777,train,0
COc1cccc(CN2CCc3cc4nc(N)sc4cc3CC2)c1,7.455931956,train,0
COc1cccc(N2CCC3CN(CCCSc4nnc(-c5cnccn5)n4C)CC32)c1,6.398907391,train,0
COc1cccc(N2CCN(CC(O)CN3C(=O)NC(C)(c4ccc(F)cc4)C3=O)CC2)c1,5.285000033,train,0
COc1cccc(N2CCN(CCCCn3ncc(=O)n(C)c3=O)CC2)c1,5.589054141,train,0
COc1cccc(N2CCN(CCN(C)C[C@]34CC[C@H](CC3)C4(C)C)C2=O)c1,6.896572603,train,0
COc1cccc(OC)c1OCCNCC1COc2ccccc2O1,6.906473256,train,0
COc1cccc([C@H]2CC[C@@H](N3CCN(c4cccc5ccccc45)CC3)CC2)c1,5.882397308,train,0
COc1cccc([C@H]2CC[C@@H](N3CCN(c4ccccc4)CC3)CC2)c1,5.623240605,train,0
COc1cccc([C@H]2CC[C@@H](NCCOc3ccccn3)CC2)c1,6.105683937,train,0
COc1cccc2[nH]cc(CCNCc3ccc(-c4ccc(O)cc4)o3)c12,6.747146969,train,0
COc1cccc2c1C1CCN(CCCCNC(=O)C3=Cc4ccccc4CN3)CC1=N2,5.18869316,train,0
COc1cccc2c1CCCC21CCN(CCCSc2nnc(-c3ocnc3C)n2C)C1,6.398907391,train,0
COc1cccc2c1CCC[C@H]2CN(C)CCc1ccc2ccoc2c1,7.27572413,train,0
COc1cccc2cc3n(c12)CCN(CCCCN1CCn2c(cc4ccccc42)C1=O)C3,5.452102282,train,0
COc1cccc2cc3n(c12)CCN(CCCCNC(=O)C1=Cc2ccccc2CN1)C3,5.994390555,train,0
COc1ccccc1-c1nnc(SCCCN2CCc3ccc(-c4cc(C)on4)cc3CC2)n1C,7.094581931,train,0
COc1ccccc1C(=O)N[C@H]1C[C@@H]2CC[C@H](C1)N2Cc1ccco1,5.999565923,train,0
COc1ccccc1C(c1ccccc1OC)N1CCN(CCCCNC(=O)/C=C/c2ccccc2)CC1,6.01188716,train,0
COc1ccccc1C(c1ccccc1OC)N1CCN(CCCCNC(=O)c2cc3ccccc3s2)CC1,6.207608311,train,0
COc1ccccc1C(c1ccccc1OC)N1CCN(CCCCNC(=O)c2ccc3ccccc3c2)CC1,6.503070352,train,0
COc1ccccc1C1CC1CNC/C=C/COc1ccc2c(c1)NC(=O)CC2,6.340566626,train,0
COc1ccccc1C1CC1CNC/C=C/COc1ccc2ccc(=O)[nH]c2c1,6.895190853,train,0
COc1ccccc1C1CC1CNCCCCCOc1ccc2ccc(=O)[nH]c2c1,6.658982257,train,0
COc1ccccc1C1CC1CNCCCCOc1ccc2ccc(=O)[nH]c2c1,7.214102857,train,0
COc1ccccc1C1CC1CNCCCOc1ccc2ccc(=O)[nH]c2c1,6.806070303,train,0
COc1ccccc1C1CC1CNCC[C@H]1CC[C@H](NC(=O)N(C)C)CC1,5.739130417,train,0
COc1ccccc1C1CC1CNCC[C@H]1CC[C@H](NC(=O)N2CCCC2)CC1,5.659778048,train,0
COc1ccccc1C1CC1CNCC[C@H]1CC[C@H](NC(=O)c2ccccc2)CC1,5.981067059,train,0
COc1ccccc1C1CC1CNCC[C@H]1CC[C@H](NS(=O)(=O)c2ccccc2)CC1,6.009563462,train,0
COc1ccccc1C1CCN(Cc2nc3ccccc3n2C)CC1,6.369572125,train,0
COc1ccccc1CCCCNCCOc1cc(F)cc2c1OCCC2=O,7.607303047,train,0
COc1ccccc1CN1C2CCC1CC(NC(=O)c1ccc3ccccc3c1)C2,7.108462542,train,0
COc1ccccc1N(C(=O)c1ccccc1)C1CCN(CCCCNC(=O)c2ccc3ccccc3c2)CC1,5.335264031,train,0
COc1ccccc1N1CCC2(CCN(CCCSc3nnc(-c4ccccc4)n3C)C2)C1,5.195792395,train,0
COc1ccccc1N1CCC2(CCN(CCCSc3nnc(-c4ccccc4)n3C)CC2)C1,5.20978523,train,0
COc1ccccc1N1CCC2CN(CCCSc3nnc(-c4cnccn4)n3C)CC21,6.498625749,train,0
COc1ccccc1N1CCN(CC(F)CCNC(=O)c2cc3ccccc3s2)CC1,6.616184634,train,0
COc1ccccc1N1CCN(CC(F)CCNC(=O)c2ccc(-c3ccccn3)cc2)CC1,6.407823243,train,0
COc1ccccc1N1CCN(CC(F)CCNC(=O)c2ccc3c(c2)Cc2ccccc2-3)CC1,5.538951908,train,0
COc1ccccc1N1CCN(CC(O)CCNC(=O)c2ccc3c(c2)Cc2ccccc2-3)CC1,6.602059991,train,0
COc1ccccc1N1CCN(CC(O)CCNC(=O)c2ccc3cc(F)ccc3n2)CC1,5.999565923,train,0
COc1ccccc1N1CCN(CC(O)CCNC(=O)c2ccc3ccccc3n2)CC1,6.031517051,train,0
COc1ccccc1N1CCN(CC(O)CCNC(=O)c2ccc3cccnc3c2)CC1,5.986741335,train,0
COc1ccccc1N1CCN(CC(O)CCNC(=O)c2cnc3ccc(F)cc3c2)CC1,6.165579296,train,0
COc1ccccc1N1CCN(CC(O)CCn2cc(-c3ccc4[nH]ccc4c3)nn2)CC1,6.102372909,train,0
COc1ccccc1N1CCN(CC(O)CCn2cc(-c3ccc4c(c3)Cc3ccccc3-4)nn2)CC1,6.216096421,train,0
COc1ccccc1N1CCN(CCC2CCc3ccc(N)cc3C2O)CC1,6.747559623,train,0
COc1ccccc1N1CCN(CCC2CCc3ccc([N+](=O)[O-])cc3C2O)CC1,7.697885623,train,0
COc1ccccc1N1CCN(CCCC[C@@H]2CCCN2C(=O)CC2CC3CCC2C3)CC1,5.864549301,train,0
COc1ccccc1N1CCN(CCCn2c(-c3ccccc3)cn3c4c(=O)n(C)c(=O)n(C)c4nc23)CC1,6.841637508,train,0
COc1ccccc1N1CCN(CCCn2c(C)cn3c4c(=O)n(C)c(=O)n(C)c4nc23)CC1,6.46130062,train,0
COc1ccccc1N1CCN(CCNC(=O)c2sc3nc(OC)c(Cl)c(C)c3c2N)CC1,7.309099809,train,0
COc1ccccc1N1CCN(Cc2cn(-c3ccc(OCCCOC4O[C@H](CO)[C@@H](O)[C@H](O)[C@H]4F)cc3)nn2)CC1,5.605364769,train,0
COc1ccccc1N1CCN(Cc2cn3c(-n4cccn4)cccc3n2)CC1,6.3898531,train,0
COc1ccccc1NC1CCN(CCCCN2C(=O)c3ccccc3C2=O)CC1,5.640354207,train,0
COc1ccccc1NC1CCN(CCCCNC(=O)c2ccc3ccccc3c2)CC1,6.785156152,train,0
COc1ccccc1OCCNCC1OCCOC1(c1ccccc1)c1ccccc1,6.488664864,train,0
COc1ccccc1OCCNCCc1ccc(O)c(O)c1,7.187652734,train,0
COc1ccccc1OCCNC[C@@H](O)COc1cccc2[nH]c3ccccc3c12,7.568636236,train,0
COc1ccccc1OCCNC[C@@H](O)c1ccc(O)c(O)c1,6.575748413,train,0
COc1ccccc1OCCNC[C@H](O)COc1cccc2[nH]c3ccccc3c12,7.301029996,train,0
COc1ccccc1OCCNC[C@H](O)c1ccc(O)c(O)c1,6.27933235,train,0
COc1ccccc1[C@H]1CC[C@@H](N2CCN(c3ccccn3)CC2)CC1,5.673459331,train,0
COc1ncccc1-c1nnc(SCCCN2CC[C@]3(C[C@@H]3c3ccc(C(F)(F)F)cc3)C2)n1C,5.939623279,train,0
CS(=O)(=O)CC(=O)N[C@H]1CC[C@H](CCN2CCC(c3cccc4c3CCO4)CC2)CC1,6.377061031,train,0
CS(=O)(=O)CC(=O)N[C@H]1CC[C@H](CCN2CCC(c3cccc4c3OCO4)CC2)CC1,6.780153614,train,0
CS(=O)(=O)CC(=O)N[C@H]1CC[C@H](CCN2CCC(c3cccc4occc34)CC2)CC1,6.809948582,train,0
CS(=O)(=O)CC(=O)N[C@H]1CC[C@H](CCN2CCC(c3coc4ccccc34)CC2)CC1,7.28567024,train,0
CS(=O)(=O)CC(=O)N[C@H]1CC[C@H](CCN2CCN(c3cccc4c3OCO4)CC2)CC1,7.016013078,train,0
CS(=O)(=O)CC(=O)N[C@H]1CC[C@H](CCN2CCN(c3nccc4c3CCO4)CC2)CC1,5.991697976,train,0
CS(=O)(=O)N[C@H]1CC[C@H](CCN2CCC(c3cccc4c3CCO4)CC2)CC1,6.482540173,train,0
CS(=O)(=O)N[C@H]1CC[C@H](CCN2CCC(c3cccc4c3OCO4)CC2)CC1,6.382412604,train,0
CS(=O)(=O)N[C@H]1CC[C@H](CCN2CCC(c3coc4ccccc34)CC2)CC1,7.315603522,train,0
CS(=O)(=O)N[C@H]1CC[C@H](CCN2CCN(c3cccc4c3OCO4)CC2)CC1,6.83496352,train,0
CS(=O)(=O)N[C@H]1CC[C@H](CCN2CCN(c3nccc4c3CCO4)CC2)CC1,5.896025331,train,0
CS(=O)(=O)N[C@H]1CC[C@H](CCN2CCN(c3nccc4occc34)CC2)CC1,6.061980903,train,0
CS(=O)(=O)N[C@H]1CC[C@H](CCN2CCN(c3nccc4sccc34)CC2)CC1,6.575118363,train,0
CS(=O)(=O)Nc1cc(OCCN2CC3CCC(C2)C3Cc2ccc3c(c2)NC(=O)CC3)ccc1F,8.096910013,train,0
CS(=O)(=O)Oc1ccc(CNC(=O)CCCCCN2CCN(c3ccccc3-c3ccccc3)CC2)cc1,6.140261434,train,0
CS(=O)(=O)c1ccc(C(=O)N[C@H]2CC[C@H](CCN3CCC(c4cccc5c4CCO5)CC3)CC2)cc1,6.789146635,train,0
CS(=O)(=O)c1ccc(C(=O)N[C@H]2CC[C@H](CCN3CCC(c4cccc5c4CCO5)CC3)CC2)s1,6.708187313,train,0
CS(=O)(=O)c1ccc(C(=O)N[C@H]2CC[C@H](CCN3CCC(c4coc5ccccc45)CC3)CC2)cc1,7.094150173,train,0
CS(=O)(=O)c1ccc(C(=O)N[C@H]2CC[C@H](CCN3CCC(c4coc5ccccc45)CC3)CC2)s1,7.208730519,train,0
CS(=O)(=O)c1ccc(C(=O)N[C@H]2CC[C@H](CCN3CCN(c4nccc5c4CCO5)CC3)CC2)s1,6.286509457,train,0
CSc1ccc(-c2ccc(C(=O)NC3CCN(Cc4ccccc4)C3)cc2)cc1,5.397831449,train,0
CSc1ccc(CCCCNCCOc2cc(F)cc3c2OCCC3=O)cc1,7.400116928,train,0
CSc1ccccc1C1CC1CNCCCCOc1ccc2ccc(=O)[nH]c2c1,7.016148807,train,0
CSc1ccccc1OCCN1CCC(CNS(=O)(=O)c2cccc(Cl)c2)CC1,7.292429824,train,0
CSc1ccccc1OCCN1CCC(NS(=O)(=O)c2ccc(F)cc2)C1,7.37675071,train,0
CSc1ccccc1OCCN1CCC(NS(=O)(=O)c2cccc(Cl)c2)C1,7.431798276,train,0
C[C@@H](NC(=O)CCCCCN1CCN(c2ccccc2-c2ccccc2)CC1)c1ccccc1,6.931814138,train,0
C[C@@H](O)C(=O)N[C@H]1CC[C@H](CCN2CCC(c3cccc4c3OCO4)CC2)CC1,6.56953793,train,0
C[C@@H](O)C(=O)N[C@H]1CC[C@H](CCN2CCN(c3cccc4c3OCO4)CC2)CC1,7.041866324,train,0
C[C@@H]1CN(c2ccccc2-c2ccccc2)CCN1CCCCCC(=O)NCc1ccccc1,6.747146969,train,0
C[C@@H]1C[C@H](c2ccc(C(F)(F)F)cc2)CCN1Cc1nc2ncccc2n1C,6.229147988,train,0
C[C@@H]1Oc2c(cccc2N2CCN(CCCc3c[nH]c4c(F)cccc34)CC2)NC1=O,8.698970004,train,0
C[C@@H]1Oc2c(cccc2N2CCN(CCCc3c[nH]c4ccc(F)cc34)CC2)NC1=O,8.244125144,train,0
C[C@@H]1Oc2c(cccc2N2CCN(CCCc3c[nH]c4ccccc34)CC2)NC1=O,8.698970004,train,0
C[C@H](CN1CCN(c2cc(F)c(F)cc2F)CC1)N1C(=O)CC2(CCCC2)CC1=O,6.235823868,train,0
C[C@H](NC(=O)CCCCCN1CCN(c2ccccc2-c2ccccc2)CC1)c1ccccc1,7.26760624,train,0
C[C@H]1C=C(C2=Nc3cc(Cl)ccc3Nc3ccc(C#N)cc32)CCN1C,6.866461092,train,0
C[C@H]1C=C(C2=Nc3cc(Cl)ccc3Nc3ccc(Cl)cc32)CCN1C,6.970616222,train,0
C[C@H]1C=C(C2=Nc3cc(Cl)ccc3Nc3ccc(F)cc32)CCN1C,6.89279003,train,0
C[C@H]1C=C(C2=Nc3cc(Cl)ccc3Nc3ccc(OC(F)(F)F)cc32)CCN1C,6.954677021,train,0
C[C@H]1C=C(C2=Nc3ccccc3Nc3ccc(Cl)cc32)CCN1C,6.903089987,train,0
C[C@H]1CN(CCCNC(=O)CN2CCc3ccccc3C2)C[C@@H](C)O1,5.495393229,train,0
C[C@H]1CN(CC[C@H]2CC[C@H](N3C(=O)CC4(CCCC4)CC3=O)CC2)CCc2ccc(Cl)cc21,7.882728704,train,0
C[C@H]1CN(CC[C@H]2CC[C@H](N3C(=O)[C@H]4CCCC[C@H]4C3=O)CC2)CCc2ccc(Cl)cc21,7.821023053,train,0
C[C@H]1CN(CC[C@H]2CC[C@H](N3C(=O)[C@H]4[C@H]5C=C[C@H](C5)[C@H]4C3=O)CC2)CCc2ccc(Cl)cc21,7.349692477,train,0
C[C@H]1CN(CC[C@H]2CC[C@H](N3C(=O)[C@H]4[C@H]5CC[C@H](C5)[C@H]4C3=O)CC2)CCc2ccc(Cl)cc21,7.4867824,train,0
C[C@H]1CN(CC[C@H]2CC[C@H](N3C(=O)c4ccccc4C3=O)CC2)CCc2ccc(Cl)cc21,8.167491087,train,0
C[C@H]1CN(Cc2nc3ncccc3n2C)CC[C@H]1c1ccc(Cl)cc1F,5.790216985,train,0
C[C@H]1CN(c2ccccc2-c2ccccc2)CCN1CCCCCC(=O)NCc1ccccc1,6.612610174,train,0
C[C@H]1CO[C@@H](c2ccc(N)nc2)CN1CC(O)CCNC(=O)c1cc2ccccc2[nH]1,5.995248844,train,0
C[C@H]1CO[C@@H](c2ccc(N)nc2)CN1CC[C@H]1CC[C@H](NC(=O)c2cc3ccccc3[nH]2)CC1,6.978810701,train,0
C[C@H]1Oc2c(cccc2N2CCN(CCCc3c[nH]c4c(F)cccc34)CC2)NC1=O,8.200659451,train,0
C[C@H]1Oc2c(cccc2N2CCN(CCCc3c[nH]c4ccc(F)cc34)CC2)NC1=O,8.424238926,train,0
C[C@H]1Oc2c(cccc2N2CCN(CCCc3c[nH]c4ccccc34)CC2)NC1=O,8.013228266,train,0
C[C@]1(O)CC[C@@H](C(=O)N[C@H]2CC[C@H](CCN3CCN(c4nccc5c4CCO5)CC3)CC2)CC1,6.322393047,train,0
C[C@]1(O)CC[C@H](C(=O)N[C@H]2CC[C@H](CCN3CCN(c4nccc5c4CCO5)CC3)CC2)CC1,6.294563953,train,0
C[Si](C)(C)C#Cc1cccn1C1CCN(Cc2ccccc2)CC1,5.258626783,train,0
Cc1[nH]c2ccc(Cl)cc2c1C1=CCN(CCCCNS(=O)(=O)c2ccc3ccccc3c2)CC1,7,train,0
Cc1[nH]c2ccc(Cl)cc2c1C1=CCN(CCCNS(=O)(=O)c2ccc3ccccc3c2)CC1,6.995678626,train,0
Cc1[nH]c2ccc(Cl)cc2c1C1=CCN(CCNS(=O)(=O)c2ccc3ccccc3c2)CC1,6.742321425,train,0
Cc1c(C2CCN(CCc3ccccc3)CC2)n[nH]c1-c1ccc(Cl)cc1,6.536107011,train,0
Cc1c(OCCCCN2CCN(c3cccc4cc(F)ccc34)CC2)ccc2c1C(=O)NC2,7.981299501,train,0
Cc1c(OCCCCN2CCN(c3cccc4cccc(F)c34)CC2)ccc2c1C(=O)NC2,8.394694954,train,0
Cc1c(OCCCCN2CCN(c3cccc4ccccc34)CC2)ccc2c1C(=O)NC2,7.850780887,train,0
Cc1c(OCCCN2CCN(c3cccc4cc(F)ccc34)CC2)ccc2c1C(=O)NC2,8.568636236,train,0
Cc1c(OCCCN2CCN(c3cccc4cccc(F)c34)CC2)ccc2c1C(=O)NC2,7.835647144,train,0
Cc1c(OCCCN2CCN(c3cccc4ccccc34)CC2)ccc2c1C(=O)NC2,8.107348966,train,0
Cc1c(S(=O)(=O)NCCCCN2CCN(c3noc4ccccc34)CC2)sc2ccc(F)cc12,7.327902142,train,0
Cc1c(S(=O)(=O)N[C@@H]2CCN(CCCc3noc4ccccc34)C2)sc2ccc(Cl)cc12,8.003794894,train,0
Cc1c(S(=O)(=O)N[C@@H]2CCN(CCCc3noc4ccccc34)C2)sc2ccc(F)cc12,8.787546039,train,0
Cc1c(S(=O)(=O)N[C@H]2CCN(CCCc3noc4ccccc34)C2)sc2ccc(Cl)cc12,7.399027104,train,0
Cc1c(S(=O)(=O)N[C@H]2CCN(CCCc3noc4ccccc34)C2)sc2ccc(F)cc12,7.79209647,train,0
Cc1cc(-c2cc(N3CCN(C)CC3)nc3c2ccn3S(=O)(=O)CC(C)C)c(C)s1,6.19314197,train,0
Cc1cc(-c2ccc3c(c2)CCN(CCCSc2nnc(-c4ccc(C#N)cc4)n2C)CC3)no1,5.999565923,train,0
Cc1cc(-c2ccc3c(c2)CCN(CCCSc2nnc(-c4ccc(C(F)(F)F)cc4)n2C)CC3)n(C)n1,6.29913194,train,0
Cc1cc(-c2ccc3c(c2)CCN(CCCSc2nnc(-c4ccc(C(F)(F)F)cc4)n2C)CC3)no1,6.29913194,train,0
Cc1cc(-c2ccc3c(c2)CCN(CCCSc2nnc(-c4ccc(Cl)c(Cl)c4)n2C)CC3)no1,6.29913194,train,0
Cc1cc(-c2ccc3c(c2)CCN(CCCSc2nnc(-c4ccc(Cl)cc4)n2C)CC3)no1,6.398907391,train,0
Cc1cc(-c2ccc3c(c2)CCN(CCCSc2nnc(-c4ccc5nc(C)c(C)nc5c4)n2C)CC3)no1,5.199931411,train,0
Cc1cc(-c2ccc3c(c2)CCN(CCCSc2nnc(-c4cccc(Cl)c4)n2C)CC3)no1,6.697820646,train,0
Cc1cc(-c2ccc3c(c2)CCN(CCCSc2nnc(-c4cccc(F)c4)n2C)CC3)no1,5.899653583,train,0
Cc1cc(-c2ccc3c(c2)CCN(CCCSc2nnc(-c4ccccc4)n2C)CC3)no1,6.398907391,train,0
Cc1cc(-c2ccc3c(c2)CCN(CCCSc2nnc(-c4ccccc4Cl)n2C)CC3)no1,6.498625749,train,0
Cc1cc(-c2ccc3c(c2)CCN(CCCSc2nnc(-c4cccs4)n2C)CC3)no1,6.598272138,train,0
Cc1cc(-c2ccc3c(c2)CCN(CCCSc2nnc(-c4ccncc4)n2C)CC3)no1,5.999565923,train,0
Cc1cc(-c2ccc3c(c2)CCN(CCCSc2nnc(C(C)(C)C)n2C)CC3)no1,6.797266542,train,0
Cc1cc(-c2ccc3c(c2)CCN(CCCSc2nnc(C(C)C)n2C)CC3)no1,6.19931041,train,0
Cc1cc(-c2ccc3c(c2)CCN(CCCSc2nnc(C(F)(F)F)n2C)CC3)no1,6.797266542,train,0
Cc1cc(-c2ccc3c(c2)CCN(CCCSc2nnc(C4CCC(C)CC4)n2C)CC3)no1,6.896572603,train,0
Cc1cc(-c2ccc3c(c2)CCN(CCCSc2nnc(C4CCCC4)n2C)CC3)no1,6.598272138,train,0
Cc1cc(-c2ccc3c(c2)CCN(CCCSc2nnc(C4CCOCC4)n2C)CC3)no1,5.899653583,train,0
Cc1cc(-c2nnc(SCCCN3CC4CCN(c5ccc(C(F)(F)F)cc5)C4C3)n2C)on1,6.797266542,train,0
Cc1cc(-c2nnc(SCCCN3CC[C@]4(C[C@@H]4c4ccc(C(F)(F)F)cc4)C3)n2C)on1,6.279171159,train,0
Cc1cc(C(=O)N[C@H]2CC[C@H](CCN3CCC(c4cccc5c4CCO5)CC3)CC2)on1,6.90274269,train,0
Cc1cc(C(=O)N[C@H]2CC[C@H](CCN3CCC(c4coc5ccccc45)CC3)CC2)on1,7.427012292,train,0
Cc1cc(C(=O)N[C@H]2CC[C@H](CCN3CCN(c4nccc5c4CCO5)CC3)CC2)on1,6.400335221,train,0
Cc1cc(C(N)=O)c(-c2cccc(OC(=O)NCCCN3CCN(c4ccccc4)CC3)c2)o1,7.519218269,train,0
Cc1cc(C(N)=O)c(-c2cccc(OC(=O)NCCN3CCN(c4ccccc4)CC3)c2)o1,6.85692272,train,0
Cc1cc(C(N)=O)c(-c2cccc(OC(=O)NCCN3CCN(c4ccccc4)CC3)c2)s1,6.667763632,train,0
Cc1cc(C)c(-c2ccc3c(c2)C(N2CCN(C)CC2)Cc2ccccc2S3)c(C)c1,8.229147988,train,0
Cc1cc(C)c2c(N)c(C(=O)NCCCCCCN3CCC(O)(c4ccc(Cl)cc4)CC3)sc2n1,6.010052383,train,0
Cc1cc(C)c2c(N)c(C(=O)NCCCCCN3CCC(O)(c4ccc(Cl)cc4)CC3)sc2n1,5.70144921,train,0
Cc1cc(C)c2c(N)c(C(=O)NCCCCN3CCC(O)(c4ccc(Cl)cc4)CC3)sc2n1,5.648715388,train,0
Cc1cc(C)c2c(N)c(C(=O)NCCCN3CCC(O)(c4ccc(Cl)cc4)CC3)sc2n1,5.769520482,train,0
Cc1cc(C)c2c(N)c(C(=O)NCCN3CCC(O)(c4ccc(Cl)cc4)CC3)sc2n1,6.040003044,train,0
Cc1cc(C)n(C2CN(CCCc3nc(-c4ccccc4)no3)C2)n1,5.252044693,train,0
Cc1cc(CC(=O)N[C@H]2CC[C@H](CCN3CCC(c4cccc5c4CCO5)CC3)CC2)on1,6.266802735,train,0
Cc1cc(CC(=O)N[C@H]2CC[C@H](CCN3CCC(c4cccc5c4OCO5)CC3)CC2)on1,6.286761538,train,0
Cc1cc(CC(=O)N[C@H]2CC[C@H](CCN3CCC(c4coc5ccccc45)CC3)CC2)on1,7.072680975,train,0
Cc1cc(CC(=O)N[C@H]2CC[C@H](CCN3CCN(c4cccc5c4OCO5)CC3)CC2)on1,6.501524032,train,0
Cc1cc(CC(=O)N[C@H]2CC[C@H](CCN3CCN(c4nccc5c4CCO5)CC3)CC2)on1,5.884189859,train,0
Cc1cc(CCN2CCN(c3noc4ccccc34)CC2)c2c(c1)C(C)CC(=O)N2,7.443697499,train,0
Cc1cc(Cl)ccc1OCc1nc(N)nc(N2CCN(C)CC2)n1,5.359518563,train,0
Cc1cc(OCc2nc(N)nc(N3CCN(C)CC3)n2)ccc1Cl,5.911863911,train,0
Cc1cc(Oc2nccc3occc23)ccc1-c1c(C)ncc2nccn12,5.080869586,train,0
Cc1cc(S(=O)(=O)Nc2ccc3c(c2)CCN(C)CC3)ccc1-c1ccc(Cl)cc1,7.486516043,train,0
Cc1cc2c(c(N3CCN(CC[C@H]4CC[C@H](NC(=O)C5CCOCC5)CC4)CC3)n1)CCO2,5.709742731,train,0
Cc1cc2c(c(N3CCN(CC[C@H]4CC[C@H](NC(=O)CC5CCOCC5)CC4)CC3)n1)CCO2,5.713094647,train,0
Cc1cc2c(cc1NS(=O)(=O)c1ccc(-c3ccc(Cl)cc3)cc1)CCN(C)CC2,7.773400095,train,0
Cc1cc2c(cc1O)[C@H]1C[C@@](O)(c3ccc(Cl)cc3)CCN1CC2,7.876148359,train,0
Cc1cc2c(cc1O)[C@H]1C[C@](O)(c3ccc(Cl)cc3)CCN1CC2,6.876148359,train,0
Cc1cc2c(cc1OCCCCN1CCN(c3cccc4cc(F)ccc34)CC1)C(=O)NC2,8.741841807,train,0
Cc1cc2c(cc1OCCCCN1CCN(c3cccc4cccc(F)c34)CC1)C(=O)NC2,8.476253533,train,0
Cc1cc2c(cc1OCCCN1CCN(c3cccc4cc(F)ccc34)CC1)C(=O)NC2,8.317854924,train,0
Cc1cc2c(cc1OCCCN1CCN(c3cccc4cccc(F)c34)CC1)C(=O)NC2,7.754487332,train,0
Cc1cc2c(cc1OCCCN1CCN(c3cccc4ccccc34)CC1)C(=O)NC2,7.642065153,train,0
Cc1cc2occc2c(N2CCN(CC[C@H]3CC[C@H](NC(=O)C4CCOCC4)CC3)CC2)n1,6.559720787,train,0
Cc1cc2occc2c(N2CCN(CC[C@H]3CC[C@H](NC(=O)CC4CCOCC4)CC3)CC2)n1,6.192735645,train,0
Cc1ccc(-c2ccc(S(=O)(=O)Nc3ccc4c(c3)CCN(C)CC4)cc2)s1,6.498625749,train,0
Cc1ccc(-c2ccc3c(c2)C(N2CCN(C)CC2)Cc2ccccc2S3)cc1,8.13667714,train,0
Cc1ccc(-c2ccc3c(c2)C(N2CCN(C)CC2)Cc2ccccc2S3)s1,8.408935393,train,0
Cc1ccc(-c2nnc(SCCCN3CC[C@]4(C[C@@H]4c4ccc(C(F)(F)F)cc4)C3)n2C)c(C)n1,5.909646702,train,0
Cc1ccc(-c2nnc(SCCCN3CCc4ccc(-c5cc(C)on5)cc4CC3)n2C)cc1,6.398907391,train,0
Cc1ccc(-c2nnc(SCCCN3C[C@@H]4C[C@]4(c4ccc(C(F)(F)F)cc4)C3)n2C)cn1,6.19931041,train,0
Cc1ccc(C(=O)N[C@H]2CC[C@H](CCN3CCC(c4cccc5c4CCO5)CC3)CC2)cn1,6.818156412,train,0
Cc1ccc(C(=O)N[C@H]2CC[C@H](CCN3CCC(c4cccc5c4OCO5)CC3)CC2)cn1,6.871406893,train,0
Cc1ccc(C(=O)N[C@H]2CC[C@H](CCN3CCC(c4coc5ccccc45)CC3)CC2)cn1,7.535659515,train,0
Cc1ccc(C(=O)N[C@H]2CC[C@H](CCN3CCN(c4nccc5c4CCO5)CC3)CC2)cn1,6.503623946,train,0
Cc1ccc(C(C)C)c(OCc2nc(N)nc(N3CCN(C)CC3)n2)c1,5.960585881,train,0
Cc1ccc(C)c(C(=O)CCCN2CCC(c3cc(C)ccc3C)CC2)c1,6.49010756,train,0
Cc1ccc(C)c(N2CCN(CC(O)CN3C(=O)NC(C)(c4ccc(F)cc4)C3=O)CC2)c1,5.741123371,train,0
Cc1ccc(C23CC2CN(CCCSc2nnc(-c4ocnc4C)n2C)C3)c(F)c1,6.19931041,train,0
Cc1ccc(C2=CCN(CCCCc3ccncc3)CC2)cc1,6.018634491,train,0
Cc1ccc(C2CCN(CCC3NC(=O)c4ccccc43)CC2)cc1C,5.91721463,train,0
Cc1ccc(C2CCN(Cc3ccc(Oc4ccc(F)c(F)c4)cc3)CC2)cc1NC(=O)C(C)C,6.396855627,train,0
Cc1ccc(CC(C)CNC(=O)/N=C(\N)NCCCc2sc(N)nc2C)cc1,6.29913194,train,0
Cc1ccc(CN2C3CCC2CC(NC(=O)c2ccc4ccccc4c2)C3)cc1,8.853871964,train,0
Cc1ccc(CN2CC[C@H](NC(=O)c3cccc(-c4cccs4)c3)C2)cc1,7.214670165,train,0
Cc1ccc(N2CCC3CN(CCCSc4nnc(-c5cnccn5)n4C)CC32)cc1,6.19931041,train,0
Cc1ccc(N2CCN(CC(O)CN3C(=O)NC(C)(c4ccc(F)cc4)C3=O)CC2)cc1C,5.645507399,train,0
Cc1ccc(N2CCN(CCC3C(=O)Nc4ccccc43)CC2)cc1C,5.734474665,train,0
Cc1ccc(N2CCN(CCC3NC(=O)c4ccccc43)CC2)cc1C,5.734474665,train,0
Cc1ccc(N2CCN(CCCCc3ccc(F)cc3)CC2)nc1,5.714901609,train,0
Cc1ccc(N2CCN(CCCSc3ccc(F)cc3)CC2)nc1,5.977709151,train,0
Cc1ccc(N2CCN(CCN3Cc4ccccc4C3)C2=O)s1,6.29913194,train,0
Cc1ccc(N2CCN(CC[C@@H]3NC(=O)c4ccccc43)CC2)cc1C,5.230401152,train,0
Cc1ccc(N2CCN(CC[C@H]3NC(=O)c4ccccc43)CC2)cc1C,5.56082526,train,0
Cc1ccc(N2CCN(C[C@@H]3C[C@@H]3c3ccccc3)CC2)c(C)c1,6.287350298,train,0
Cc1ccc(N2CCN(C[C@H]3C[C@@H]3c3ccccc3)CC2)c(C)c1,6.266802735,train,0
Cc1ccc(N2CCN(C[C@H]3C[C@H]3c3ccccc3)CC2)c(C)c1,6.028724151,train,0
Cc1ccc(NC(=O)C(C)C)cc1C1CCN(Cc2ccc(Oc3ccc(F)c(F)c3)cc2)CC1,5.130709596,train,0
Cc1ccc(OCCCNCCOc2ccc(C)cc2)cc1,6.558430537,train,0
Cc1ccc(OCCCNCCOc2ccc(Cl)cc2)cc1,5.879669605,train,0
Cc1ccc(OCCCNCCOc2ccccc2)cc1,7.183294816,train,0
Cc1ccc(OCCNCCCOc2ccc(Br)cc2)cc1,5.239924488,train,0
Cc1ccc(OCCNCCCOc2ccc(F)cc2)cc1,6.408879718,train,0
Cc1ccc(OCCNCCCOc2cccc(C)c2)cc1,6.528532259,train,0
Cc1ccc(OCCNCCCOc2ccccc2)cc1,6.568395028,train,0
Cc1ccc(OCCNCCCOc2ccccc2)cc1C,6.837017629,train,0
Cc1ccc(OCCNCCCOc2ccccc2)cc1Cl,6.518557371,train,0
Cc1ccc(OCCNCCCOc2ccccc2C)cc1,6.528532259,train,0
Cc1ccc(OCc2nc(N)nc(N3CCN(C)CC3)n2)cc1,5.535063571,train,0
Cc1ccc(S(=O)(=O)N[C@H]2CC[C@H](CCN3CCC(c4coc5ccccc45)CC3)CC2)cc1,7.224608028,train,0
Cc1ccc2[nH]cc(CCCN3CCN(c4cccc5c4OCCO5)CC3)c2c1,7.931814138,train,0
Cc1ccc2c(-c3nnc(SCCCN4CC5CC5(c5ccc(Br)cc5)C4)n3C)cccc2n1,5.39989111,train,0
Cc1ccc2c(-c3nnc(SCCCN4CC5CC5(c5ccc(C#N)cc5)C4)n3C)cccc2n1,5.199931411,train,0
Cc1ccc2c(-c3nnc(SCCCN4CC5CC5(c5ccc(C(C)(C)C)cc5)C4)n3C)cccc2n1,6.099452636,train,0
Cc1ccc2c(-c3nnc(SCCCN4CC5CC5(c5ccc(Cl)cc5)C4)n3C)cccc2n1,6.398636641,train,0
Cc1ccc2c(-c3nnc(SCCCN4CC5CC5(c5ccccc5)C4)n3C)cccc2n1,6.747543594,train,0
Cc1ccc2c(-c3nnc(SCCCN4CCc5ccc(-c6cc(C)on6)cc5CC4)n3C)cccc2n1,5.999565923,train,0
Cc1ccc2c(-c3nnc(SCCCN4C[C@@H]5C[C@]5(c5ccc(C(F)(F)F)cc5)C4)n3C)cccc2n1,6.19931041,train,0
Cc1ccc2c(OCCN3CCC(Cc4cc(F)c5c(c4)NC(=O)CO5)CC3)cc(Cl)cc2n1,5.599826522,train,0
Cc1ccc2c(OCCN3CCC(Cc4cc5c(cc4F)OCC(=O)N5)CC3)cc(Cl)cc2n1,5.499862364,train,0
Cc1ccc2c(OCCN3CCC(Cc4cc5c(cc4F)OCC(=O)N5)CC3)cc(F)cc2n1,5.699782895,train,0
Cc1ccc2c(OCCN3CCC(Cc4ccc5c(c4)NC(=O)CO5)CC3)cccc2n1,5.899653583,train,0
Cc1ccc2c(OCCN3CCC(Cc4ccc5c(c4F)NC(=O)CO5)CC3)cc(Cl)cc2n1,5.899653583,train,0
Cc1ccc2c(OCCN3CCC(Cc4ccc5c(c4F)NC(=O)CO5)CC3)cc(F)cc2n1,5.899653583,train,0
Cc1ccc2c(OCCN3CCC(Cc4cccc(N5CCCS5(=O)=O)c4)CC3)cccc2n1,6.29913194,train,0
Cc1ccc2c(OCCN3CCC(Cc4cccc(NS(C)(=O)=O)c4)CC3)cccc2n1,7.19314197,train,0
Cc1ccc2c(OCCN3CCN(Cc4cccc5cccnc45)CC3)cccc2n1,5.499862364,train,0
Cc1ccc2c(c1)C(C1=C[C@H](C)N(C)CC1)=Nc1cc(Cl)ccc1N2,7.193820026,train,0
Cc1ccc2c(c1)C(C1=C[C@H](C)N(C)CC1)=Nc1ccccc1N2,6.086186148,train,0
Cc1ccc2c(c1)N=C(C1=CCN(C)CC1)c1cc(C)ccc1N2,6.158015195,train,0
Cc1ccc2c(c1)N=C(C1=CCN(C)CC1)c1cc(F)ccc1N2,6.348721986,train,0
Cc1ccc2c(c1)N=C(C1=CCNCC1)c1cc(F)ccc1N2,6.07109231,train,0
Cc1ccc2c(c1)N=C(C1=C[C@H](C)N(C)CC1)c1cc(Cl)ccc1N2,7.004364805,train,0
Cc1ccc2c(c1)N=C(C1=C[C@H](C)N(C)CC1)c1cc(F)ccc1N2,6.342944147,train,0
Cc1ccc2c(c1)N=C(C1=C[C@H](C)N(C)CC1)c1cc(OC(F)(F)F)ccc1N2,5.913996294,train,0
Cc1ccc2c(c1)c1c(n2/C=C\c2ccccc2)CCN(C)C1,7.447696891,train,0
Cc1ccc2c(c1)c1c(n2CCc2ccc(C)nc2)CCN(C)C1,6.19931041,train,0
Cc1ccc2c(c1)c1c(n2CCc2ccccc2)CCN(C)C1,7.064946411,train,0
Cc1ccc2c3c(ccc2n1)OC[C@H](CN1CCN(c2ccc4cc(C#N)ccc4n2)CC1)O3,5.883724412,train,0
Cc1ccc2cc(-c3nnc(SCCCN4CCc5ccc(-c6cc(C)on6)cc5CC4)n3C)ccc2n1,5.699782895,train,0
Cc1ccc2n1Cc1ccccc1C=C2N1CCN(C)CC1,6.034328029,train,0
Cc1ccc2sc(S(=O)(=O)N[C@@H]3CCN(CCCc4noc5ccccc45)C3)cc2c1,8.562566556,train,0
Cc1ccc2sc(S(=O)(=O)N[C@H]3CCN(CCCc4noc5ccccc45)C3)cc2c1,7.602233744,train,0
Cc1cccc(-c2ccc3c(c2)C(N2CCN(C)CC2)Cc2ccccc2S3)c1,8.356547324,train,0
Cc1cccc(-c2ccc3c(c2)C(N2CCN(C)CC2)Cc2ccccc2S3)c1C,8.522878745,train,0
Cc1cccc(C)c1-c1ccc2c(c1)C(N1CCN(C)CC1)Cc1ccccc1S2,8.251811973,train,0
Cc1cccc(CN2C3CCC2CC(NC(=O)c2ccc4ccccc4c2)C3)c1,8.366531544,train,0
Cc1cccc(N2CCC3CN(CCCSc4nnc(-c5cnccn5)n4C)CC32)c1,6.498625749,train,0
Cc1cccc(N2CCN(CCC(=O)c3cc4c5c(c3)CCC(=O)N5CCC4)CC2)c1C,5.731913696,train,0
Cc1cccc(N2CCN(CCCCNC(=O)[C@H]3CCc4ccccc4N3)CC2)c1,5.466863712,train,0
Cc1cccc(N2CCN(CCCCn3c(C)cn4c5c(=O)n(C)c(=O)n(C)c5nc34)CC2)c1C,7.552841969,train,0
Cc1cccc(N2CCN(CCc3ccc4[nH]nnc4c3)CC2)c1C,7.281581358,train,0
Cc1cccc(OCCNCCCOc2ccccc2)c1,7.203009609,train,0
Cc1cccc(OCc2nc(N)nc(N3CCN(C)CC3)n2)c1,6.130181792,train,0
Cc1cccc(S(=O)(=O)N(C)[C@H](C)CCN2CCC(C)CC2)c1,5.399898744,train,0
Cc1cccc(S(=O)(=O)NCCCCN2CC=C(c3c(C)[nH]c4ccc(Cl)cc34)CC2)c1,7.244125144,train,0
Cc1cccc(S(=O)(=O)NCCCCN2CC=C(c3c[nH]c4ccc(Cl)cc34)CC2)c1,8.455931956,train,0
Cc1cccc(S(=O)(=O)NCCCCN2CC=C(c3c[nH]c4ccc(F)cc34)CC2)c1,8.397940009,train,0
Cc1cccc(S(=O)(=O)NCCCCN2CCN(c3noc4ccccc34)CC2)c1,7.346787486,train,0
Cc1cccc(S(=O)(=O)NCCCN2CC=C(c3c(C)[nH]c4ccc(Cl)cc34)CC2)c1,7.167491087,train,0
Cc1cccc(S(=O)(=O)NCCCN2CC=C(c3c[nH]c4ccc(Cl)cc34)CC2)c1,8.187086643,train,0
Cc1cccc(S(=O)(=O)NCCCN2CC=C(c3c[nH]c4ccc(F)cc34)CC2)c1,7.744727495,train,0
Cc1cccc(S(=O)(=O)NCCCN2CCN(c3noc4ccccc34)CC2)c1,5.698752911,train,0
Cc1cccc(S(=O)(=O)NCCN2CC=C(c3c(C)[nH]c4ccc(Cl)cc34)CC2)c1,6.454692884,train,0
Cc1cccc(S(=O)(=O)NCCN2CC=C(c3c[nH]c4ccc(Cl)cc34)CC2)c1,8.366531544,train,0
Cc1cccc(S(=O)(=O)NCCN2CC=C(c3c[nH]c4ccc(F)cc34)CC2)c1,7.677780705,train,0
Cc1cccc(S(=O)(=O)N[C@@H]2CCN(CCCc3noc4ccccc34)C2)c1,7.486516043,train,0
Cc1cccc(S(=O)(=O)N[C@H]2CCN(CCCc3noc4ccccc34)C2)c1,6.975883927,train,0
Cc1cccc(S(=O)(=O)n2ccc3c(N4CCNCC4)nc4ccccc4c32)c1,5.666149855,train,0
Cc1cccc2c(CCCN3CCN(c4cccc5c4OCCO5)CC3)c[nH]c12,7.772113295,train,0
Cc1ccccc1-c1cc2c(=O)n(CCN3CCN(c4ccccc4Cl)CC3)c(=O)[nH]c2[nH]1,6.20238627,train,0
Cc1ccccc1-c1ccc2c(c1)C(N1CCN(C)CC1)Cc1ccccc1S2,8.585026652,train,0
Cc1ccccc1CN1C2CCC1CC(NC(=O)c1ccc3ccccc3c1)C2,6.924453039,train,0
Cc1ccccc1N1CCC2CN(CCCSc3nnc(-c4cnccn4)n3C)CC21,5.499862364,train,0
Cc1ccccc1N1CCN(CCCCCC(=O)NC2CCCc3ccccc32)CC1,6.841637508,train,0
Cc1ccccc1OCCNCCCOc1ccccc1,7.678815973,train,0
Cc1ccccc1OCc1nc(N)nc(N2CCN(C)CC2)n1,5.371815492,train,0
Cc1ccn(CCN2CCC(Cc3ccccc3F)CC2)n1,5.650916831,train,0
Cc1ccn2c(=O)c(CCN3CC[C@H]4[C@@H](C3)c3cccc5c3N4CCN5C)c(C)nc2c1,5.522734005,train,0
Cc1ccoc1-c1nnc(SCCCN2C[C@@H]3C[C@]3(c3ccc(C(F)(F)F)cc3)C2)n1C,6.398907391,train,0
Cc1cn2c3c(=O)n(C)c(=O)n(C)c3nc2n1CCCCCN1CCN(c2ccc(Cl)c(Cl)c2)CC1,7.22184875,train,0
Cc1cn2c3c(=O)n(C)c(=O)n(C)c3nc2n1CCCCCN1CCN(c2ccc(Cl)cc2)CC1,6.970616222,train,0
Cc1cn2c3c(=O)n(C)c(=O)n(C)c3nc2n1CCCCCN1CCN(c2ccccc2O)CC1,6.328827157,train,0
Cc1cn2c3c(=O)n(C)c(=O)n(C)c3nc2n1CCCCN1CCN(c2ccc(Cl)cc2)CC1,6.906578315,train,0
Cc1cn2c3c(=O)n(C)c(=O)n(C)c3nc2n1CCCCN1CCN(c2ccccc2O)CC1,6.36552273,train,0
Cc1cn2c3c(=O)n(C)c(=O)n(C)c3nc2n1CCCN1CCN(c2cccc(Cl)c2)CC1,6.114525697,train,0
Cc1cnc(-c2ccc3c(c2)CCN(CCCSc2nnc(-c4cc5ccccc5[nH]4)n2C)CC3)o1,5.999565923,train,0
Cc1cnc(-c2ccc3c(c2)CCN(CCCSc2nnc(-c4ccc5[nH]ccc5c4)n2C)CC3)o1,6.19931041,train,0
Cc1cnc(-c2ccc3c(c2)CCN(CCCSc2nnc(-c4cccn4C)n2C)CC3)o1,5.899653583,train,0
Cc1cnc(-c2ccc3c(c2)CCN(CCCSc2nnc(-c4cccs4)n2C)CC3)o1,6.598272138,train,0
Cc1cnc(-c2nnc(SCCCN3C[C@@H]4C[C@]4(c4ccc(C(F)(F)F)cc4)C3)n2C)cn1,6.29913194,train,0
Cc1cnc(N2CCN(CC[C@H]3CC[C@H](NC(=O)C4CCOCC4)CC3)CC2)c2c1OCC2,5.345727173,train,0
Cc1cnc(N2CCN(CC[C@H]3CC[C@H](NC(=O)C4CCOCC4)CC3)CC2)c2ccoc12,5.948076084,train,0
Cc1cnc(N2CCN(CC[C@H]3CC[C@H](NC(=O)CC4CCOCC4)CC3)CC2)c2c1OCC2,5.529883647,train,0
Cc1cnc(N2CCN(CC[C@H]3CC[C@H](NC(=O)CC4CCOCC4)CC3)CC2)c2ccoc12,5.565590792,train,0
Cc1nc(-c2ccc(C(=O)N[C@H]3CC[C@H](CCN4CCC(c5cccc6c5CCO6)CC4)CC3)cc2)no1,5.428407617,train,0
Cc1nc(-c2ccc(C(=O)N[C@H]3CC[C@H](CCN4CCC(c5coc6ccccc56)CC4)CC3)cc2)no1,6.642236619,train,0
Cc1nc(-c2cccc(C(=O)N[C@H]3CC[C@H](CCN4CCN(c5nccc6c5CCO6)CC4)CC3)c2)no1,5.667965723,train,0
Cc1nc(-c2cccc(C(=O)N[C@H]3CC[C@H](CCN4CCc5ccc(S(C)(=O)=O)cc5CC4)CC3)c2)no1,6.24923987,train,0
Cc1nc(C(=O)O)ccc1-c1nnc(SCCCN2CC[C@]3(C[C@@H]3c3ccc(C(F)(F)F)cc3)C2)n1C,5.119942509,train,0
Cc1nc(C(N)=O)ccc1-c1nnc(SCCCN2CC[C@]3(C[C@@H]3c3ccc(C(F)(F)F)cc3)C2)n1C,5.809707329,train,0
Cc1nc(C)c(-c2nnc(SCCCN3CCC4(CCc5cc(Cl)ccc54)C3)n2C)s1,6.398907391,train,0
Cc1nc(C)c(-c2nnc(SCCCN3CCC4(CCc5ccc(Cl)cc54)C3)n2C)s1,6.498625749,train,0
Cc1nc(C)c(-c2nnc(SCCCN3CCC4(CCc5ccc(F)cc54)C3)n2C)s1,6.398907391,train,0
Cc1nc(C)c(-c2nnc(SCCCN3CCC4CC4(c4ccc(C(F)(F)F)cc4)CC3)n2C)o1,6.697820646,train,0
Cc1nc(C)c(-c2nnc(SCCCN3CCC4CC4(c4ccc(C(F)(F)F)cc4)CC3)n2C)s1,6.697820646,train,0
Cc1nc(N)sc1CCCN/C(N)=N/C(=O)NC(C)c1cccc(F)c1,6.498625749,train,0
Cc1nc(N)sc1CCCN/C(N)=N/C(=O)NC(C)c1ccco1,5.769745277,train,0
Cc1nc(N)sc1CCCN/C(N)=N/C(=O)NCC(C)C1CCCCC1,6.578346724,train,0
Cc1nc(N)sc1CCCN/C(N)=N/C(=O)NCC(C)CC1CCCCC1,6.31909366,train,0
Cc1nc(N)sc1CCCN/C(N)=N/C(=O)NCC(C)CCCc1ccccc1,6.229265779,train,0
Cc1nc(N)sc1CCCN/C(N)=N/C(=O)NCC(C)CCc1ccccc1,6.44878185,train,0
Cc1nc(N)sc1CCCN/C(N)=N/C(=O)NCc1ccccc1,6.21927955,train,0
Cc1nc(N)sc1CCCN/C(N)=N/C(=O)N[C@@H](C)c1ccccc1,6.099452636,train,0
Cc1nc(N)sc1CCCN/C(N)=N/C(=O)N[C@H](C)c1ccccc1,6.807209603,train,0
Cc1nc(N)sc1CCCN/C(N)=N/C(=S)N[C@H](C)c1ccccc1,5.92962961,train,0
Cc1nc2c(OCCNCc3ccccc3)cccc2[nH]1,7.790484985,train,0
Cc1nc2c(o1)CC(CN1CC=C(c3c[nH]c4cc(F)ccc34)CC1)CC2=O,6.757508265,train,0
Cc1nc2c(o1)CC(CN1CCC(c3c[nH]c4cc(F)ccc34)CC1)CC2=O,6.697820646,train,0
Cc1ncc2nccn2c1-c1ccc(Oc2nccc3occc23)cc1C(F)(F)F,5.01768353,train,0
Cc1ncccc1-c1nnc(SCCCN2CC[C@]3(C[C@@H]3c3ccc(C(F)(F)F)cc3)C2)n1C,5.829706007,train,0
Cc1ncoc1-c1nnc(SCC(O)CN2CC[C@@]3(C[C@H]3c3ccc(C(F)(F)F)cc3)C2)n1C,5.759750368,train,0
Cc1ncoc1-c1nnc(SCCCCN2CC[C@]3(C[C@@H]3c3ccc(C(F)(F)F)cc3)C2)n1C,5.939616841,train,0
Cc1ncoc1-c1nnc(SCCCN2CC3CC3(c3cc(C(F)(F)F)ccc3F)C2)n1C,6.448359589,train,0
Cc1ncoc1-c1nnc(SCCCN2CC3CC3(c3cc(F)cc(C(F)(F)F)c3)C2)n1C,7.676648293,train,0
Cc1ncoc1-c1nnc(SCCCN2CC3CC3(c3ccc(Br)cc3)C2)n1C,6.896572603,train,0
Cc1ncoc1-c1nnc(SCCCN2CC3CC3(c3ccc(C(C)(C)C)cc3)C2)n1C,7.094581931,train,0
Cc1ncoc1-c1nnc(SCCCN2CC3CC3(c3ccc(C(F)(F)F)c(F)c3)C2)n1C,6.64694617,train,0
Cc1ncoc1-c1nnc(SCCCN2CC3CC3(c3ccc(C(F)(F)F)cc3)C2)n1C,6.896572603,train,0
Cc1ncoc1-c1nnc(SCCCN2CC3CC3(c3ccc(Cl)cc3)C2)n1C,6.647946145,train,0
Cc1ncoc1-c1nnc(SCCCN2CC3CC3(c3ccc(Cl)cc3F)C2)n1C,6.498625749,train,0
Cc1ncoc1-c1nnc(SCCCN2CC3CC3(c3ccc(F)cc3)C2)n1C,6.398907391,train,0
Cc1ncoc1-c1nnc(SCCCN2CC3CC3(c3ccc(OC(F)(F)F)cc3)C2)n1C,6.398416232,train,0
Cc1ncoc1-c1nnc(SCCCN2CC3CC3(c3cccc(C(F)(F)F)c3)C2)n1C,7.486516043,train,0
Cc1ncoc1-c1nnc(SCCCN2CC3CC3(c3cccc(C(F)(F)F)c3F)C2)n1C,6.896572603,train,0
Cc1ncoc1-c1nnc(SCCCN2CC3CC3(c3cccc(Cl)c3)C2)n1C,6.995678626,train,0
Cc1ncoc1-c1nnc(SCCCN2CC3CC3(c3cccc(F)c3)C2)n1C,6.747543594,train,0
Cc1ncoc1-c1nnc(SCCCN2CC3CC3(c3cccc(OC(F)(F)F)c3)C2)n1C,7.238041257,train,0
Cc1ncoc1-c1nnc(SCCCN2CC3CC3(c3ccccc3)C2)n1C,6.697820646,train,0
Cc1ncoc1-c1nnc(SCCCN2CC3CCN(c4c(F)cccc4F)C3C2)n1C,6.29913194,train,0
Cc1ncoc1-c1nnc(SCCCN2CC3CCN(c4cc(Cl)cc(Cl)c4)C3C2)n1C,7.958607315,train,0
Cc1ncoc1-c1nnc(SCCCN2CC3CCN(c4ccc(C(F)(F)F)cc4)C3C2)n1C,6.896572603,train,0
Cc1ncoc1-c1nnc(SCCCN2CC3CCN(c4ccc(Cl)cc4Cl)C3C2)n1C,6.29913194,train,0
Cc1ncoc1-c1nnc(SCCCN2CC3CCN(c4ccc(F)cc4)C3C2)n1C,6.697820646,train,0
Cc1ncoc1-c1nnc(SCCCN2CC3CCN(c4ccc(OC(F)(F)F)cc4)C3C2)n1C,6.19931041,train,0
Cc1ncoc1-c1nnc(SCCCN2CC3CCN(c4cccc(F)c4)C3C2)n1C,6.797266542,train,0
Cc1ncoc1-c1nnc(SCCCN2CC3CCN(c4ccccc4)C3C2)n1C,6.598272138,train,0
Cc1ncoc1-c1nnc(SCCCN2CC3CCN(c4ccccc4OC(F)(F)F)C3C2)n1C,7.678815973,train,0
Cc1ncoc1-c1nnc(SCCCN2CCC3(CCCc4cc(Br)ccc43)C2)n1C,6.29913194,train,0
Cc1ncoc1-c1nnc(SCCCN2CCC3(CCCc4ccc(Br)cc43)C2)n1C,6.498625749,train,0
Cc1ncoc1-c1nnc(SCCCN2CCC3(CCc4c(Br)cccc43)C2)n1C,6.598272138,train,0
Cc1ncoc1-c1nnc(SCCCN2CCC3(CCc4cc(Br)ccc43)C2)n1C,6.896572603,train,0
Cc1ncoc1-c1nnc(SCCCN2CCC3(CCc4cc(F)ccc43)C2)n1C,6.995678626,train,0
Cc1ncoc1-c1nnc(SCCCN2CCC3(CCc4ccc(Br)cc43)C2)n1C,7.389233405,train,0
Cc1ncoc1-c1nnc(SCCCN2CCC3(c4ccc(C(F)(F)F)cc4)CC3C2)n1C,6.498625749,train,0
Cc1ncoc1-c1nnc(SCCCN2CCC3(c4cccc(C(F)(F)F)c4)CC3C2)n1C,5.599826522,train,0
Cc1ncoc1-c1nnc(SCCCN2CCC3(c4ccccc4)CC3C2)n1C,5.499862364,train,0
Cc1ncoc1-c1nnc(SCCCN2CCC3CC3(c3ccc(C(F)(F)F)cc3)C2)n1C,6.29913194,train,0
Cc1ncoc1-c1nnc(SCCCN2CCC3CC3(c3ccc(C(F)(F)F)cc3)CC2)n1C,6.995678626,train,0
Cc1ncoc1-c1nnc(SCCCN2CCC3CC3(c3cccc(C(F)(F)F)c3)C2)n1C,6.498625749,train,0
Cc1ncoc1-c1nnc(SCCCN2CCC3CC3(c3ccccc3)C2)n1C,6.398907391,train,0
Cc1ncoc1-c1nnc(SCCCN2CC[C@@]3(C[C@@H]3c3ccc(C(F)(F)F)cc3)C2)n1C,6.19931041,train,0
Cc1ncoc1-c1nnc(SCCCN2CC[C@@]3(C[C@@H]3c3ccc(C(F)(F)F)cc3F)C2)n1C,6.054503609,train,0
Cc1ncoc1-c1nnc(SCCCN2CC[C@@]3(C[C@@H]3c3ccc(F)cc3)C2)n1C,6.099452636,train,0
Cc1ncoc1-c1nnc(SCCCN2CC[C@@]3(C[C@@H]3c3ccc(F)cc3C(F)(F)F)C2)n1C,5.659801857,train,0
Cc1ncoc1-c1nnc(SCCCN2CC[C@@]3(C[C@@H]3c3ccc(F)cc3F)C2)n1C,6.019546651,train,0
Cc1ncoc1-c1nnc(SCCCN2CC[C@@]3(C[C@@H]3c3ccccc3)C2)n1C,6.149384393,train,0
Cc1ncoc1-c1nnc(SCCCN2CC[C@@]3(C[C@@H]3c3ccccc3C(F)(F)F)C2)n1C,7.19314197,train,0
Cc1ncoc1-c1nnc(SCCCN2CC[C@@]3(C[C@H]3c3ccc(C(F)(F)F)cc3F)C2)n1C,7.110778609,train,0
Cc1ncoc1-c1nnc(SCCCN2CC[C@@]3(C[C@H]3c3ccc(F)cc3)C2)n1C,6.92537327,train,0
Cc1ncoc1-c1nnc(SCCCN2CC[C@@]3(C[C@H]3c3ccc(F)cc3C(F)(F)F)C2)n1C,5.88966286,train,0
Cc1ncoc1-c1nnc(SCCCN2CC[C@@]3(C[C@H]3c3ccc(F)cc3F)C2)n1C,6.88089233,train,0
Cc1ncoc1-c1nnc(SCCCN2CC[C@@]3(C[C@H]3c3ccccc3)C2)n1C,6.134406325,train,0
Cc1ncoc1-c1nnc(SCCCN2CC[C@]3(C[C@@H]3c3cc(Cl)cc(Cl)c3)C2)n1C,7.203009609,train,0
Cc1ncoc1-c1nnc(SCCCN2CC[C@]3(C[C@@H]3c3ccc(C(F)(F)F)cc3)C2)n1C,6.667965723,train,0
Cc1ncoc1-c1nnc(SCCCN2CC[C@]3(C[C@@H]3c3ccc(F)cc3C(F)(F)F)C2)n1C,5.419886237,train,0
Cc1ncoc1-c1nnc(SCCCN2CC[C@]3(C[C@@H]3c3ccc(F)cc3F)C2)n1C,6.528532259,train,0
Cc1ncoc1-c1nnc(SCCCN2CC[C@]3(C[C@@H]3c3ccccc3)C2)n1C,6.029536893,train,0
Cc1ncoc1-c1nnc(SCCCN2CC[C@]3(C[C@@H]3c3ccccc3C(F)(F)F)C2)n1C,5.799726939,train,0
Cc1ncoc1-c1nnc(SCCCN2CC[C@]3(C[C@H]3c3cc(Cl)cc(Cl)c3)C2)n1C,7.173471694,train,0
Cc1ncoc1-c1nnc(SCCCN2CC[C@]3(C[C@H]3c3ccc(C(F)(F)F)cc3)C2)n1C,6.114429436,train,0
Cc1ncoc1-c1nnc(SCCCN2CC[C@]3(C[C@H]3c3ccc(C(F)(F)F)cc3F)C2)n1C,6.503611014,train,0
Cc1ncoc1-c1nnc(SCCCN2CC[C@]3(C[C@H]3c3ccc(F)cc3)C2)n1C,5.984578984,train,0
Cc1ncoc1-c1nnc(SCCCN2CC[C@]3(C[C@H]3c3ccc(F)cc3C(F)(F)F)C2)n1C,6.777387564,train,0
Cc1ncoc1-c1nnc(SCCCN2CC[C@]3(C[C@H]3c3ccc(F)cc3F)C2)n1C,6.219276761,train,0
Cc1ncoc1-c1nnc(SCCCN2CC[C@]3(C[C@H]3c3ccccc3)C2)n1C,6.144360555,train,0
Cc1ncoc1-c1nnc(SCCCN2CC[C@]3(C[C@H]3c3ccccc3C(F)(F)F)C2)n1C,6.522935879,train,0
Cc1ncoc1-c1nnc(SCCCN2C[C@@H]3C[C@]3(c3ccc(C(C)(C)C)cc3)C2)n1C,7.094581931,train,0
Cc1ncoc1-c1nnc(SCCCN2C[C@@H]3C[C@]3(c3ccc(C(F)(F)F)cc3F)C2)n1C,5.675511767,train,0
Cc1ncoc1-c1nnc(SCCCN2[C@H]3CC[C@@H]2C[C@H](c2ccc(C(C)(C)C)cc2)C3)n1C,6.398907391,train,0
Cc1ncoc1-c1nnc(SCCCN2[C@H]3CC[C@@H]2C[C@H](c2ccc(C(F)(F)F)cc2)C3)n1C,6.398907391,train,0
Cc1ncoc1-c1nnc(SCCCNC2CC3CC3(c3ccccc3)C2)n1C,6.598272138,train,0
Cc1ncoc1-c1nnc(SCCCN[C@@H]2CC[C@]3(c4ccc(C(F)(F)F)cc4)CC23)n1C,6.29913194,train,0
Cc1ncoc1-c1nnc(SCCCN[C@@H]2CC[C@]3(c4ccc(C(F)(F)F)cc4F)CC23)n1C,6.697820646,train,0
Cc1ncoc1-c1nnc(SCCN2CC[C@@]3(C[C@@H]3c3ccc(C(F)(F)F)cc3)C2)n1C,6.099452636,train,0
Cc1ncoc1-c1nnc(SCCN2CC[C@]3(C[C@@H]3c3ccc(C(F)(F)F)cc3)C2)n1C,6.289151549,train,0
Cc1ncoc1-c1nnc(SCCN2CC[C@]3(C[C@H]3c3ccc(C(F)(F)F)cc3)C2)n1C,6.149354885,train,0
Cc1ncsc1-c1nnc(SCCCN2CC[C@]3(C[C@@H]3c3ccc(C(F)(F)F)cc3)C2)n1C,5.789732325,train,0
Cc1ncsc1-c1nnc(SCCCN2CC[C@]3(C[C@H]3c3ccc(C(F)(F)F)cc3)C2)n1C,5.909646702,train,0
Cc1noc(C)c1-c1ccc(S(=O)(=O)Nc2ccc3c(c2)CCN(C)CC3)cc1,6.995678626,train,0
Cc1noc2c1C(=O)CC(CN1CCC(c3c[nH]c4cc(F)ccc34)CC1)C2,7.19314197,train,0
Cc1oc(-c2ccc3ccccc3c2)nc1CN1CCO[C@H](CCN)C1,5.817300097,train,0
Cc1oc(-c2ccco2)nc1CN(C)C[C@@H]1Cc2ccccc2O1,5.244201343,train,0
Cc1oc(-c2ccco2)nc1CN1CCN([C@@H]2CCc3ccccc3C2)CC1,5.904481958,train,0
Cc1sc(N)nc1-c1cn(S(=O)(=O)c2ccccc2)c2ccccc12,5.289882635,train,0
Clc1ccc(-c2cc(C3CCN(CCc4ccccc4)CC3)[nH]n2)cc1,6.283162277,train,0
Clc1ccc(C2=CCN(CCCCc3ccncc3)CC2)cc1,6.3400838,train,0
Clc1ccc(CN2CC=C(c3nc4cc(Cl)ccc4[nH]3)CC2)cc1,6.480172006,train,0
Clc1ccc(CN2CC=C(c3nc4cc(Cl)ccc4s3)CC2)cc1,5.698752911,train,0
Clc1ccc(CN2CC=C(c3nc4ccccc4[nH]3)CC2)cc1,6.17327748,train,0
Clc1ccc(CN2CCC(c3cc(-c4ccc(Cl)cc4)no3)CC2)cc1,6.882728704,train,0
Clc1ccc(CN2CCC(c3cc(-c4ccc(Cl)cc4)on3)CC2)cc1,6.793174124,train,0
Clc1ccc(OCCNCCCOc2ccccc2)cc1,6.638102256,train,0
Clc1ccc2[nH]cc(CCCN3CCN(c4cccc5c4OCCO5)CC3)c2c1,7.4867824,train,0
Clc1ccc2c(CCCN3CCN(c4cccc5c4OCCO5)CC3)c[nH]c2c1,8.508638306,train,0
Clc1ccc2c(c1)C(N1CCNCC1)=Nc1ccccc1S2,8.769551079,train,0
Clc1ccc2c(c1)CC(CCN1CCN(c3ccccn3)CC1)C2,5.908989872,train,0
Clc1cccc(C2CCN(CCCOc3ccc4scnc4c3)CC2)c1Cl,7.119186408,train,0
Clc1cccc(CN2CC=C(c3nc4ccccc4s3)CC2)c1,6.467245621,train,0
Clc1cccc(OCCNCCCOc2ccccc2)c1,7.64054398,train,0
Clc1cccc2[nH]cc(CCCN3CCN(c4cccc5c4OCCO5)CC3)c12,7.602059991,train,0
Clc1cccc2c(CCCN3CCN(c4cccc5c4OCCO5)CC3)c[nH]c12,7.782516056,train,0
Clc1ccccc1OCCNCCCOc1ccccc1,6.946153573,train,0
Cn1c(=O)c2c(nc3n(CCCCCN4CCN(c5ccc(Cl)cc5)CC4)c(-c4ccccc4)cn23)n(C)c1=O,8,train,0
Cn1c(=O)c2c(nc3n(CCCCCN4CCN(c5ccc(Cl)cc5)CC4)c(=O)ccn23)n(C)c1=O,6.665546249,train,0
Cn1c(=O)c2c(nc3n(CCCCCN4CCN(c5ccc(Cl)cc5)CC4)ccn23)n(C)c1=O,6.585026652,train,0
Cn1c(=O)c2c(nc3n(CCCCCN4CCN(c5ccccc5O)CC4)c(-c4ccccc4)cn23)n(C)c1=O,7.602059991,train,0
Cn1c(=O)c2c(nc3n(CCCCCN4CCN(c5ccccc5O)CC4)c(=O)ccn23)n(C)c1=O,6.467245621,train,0
Cn1c(=O)c2c(nc3n(CCCCCN4CCN(c5ccccc5O)CC4)ccn23)n(C)c1=O,6.575118363,train,0
Cn1c(=O)c2c(nc3n(CCCCN4CCN(c5ccc(Cl)cc5)CC4)c(-c4ccccc4)cn23)n(C)c1=O,7.619788758,train,0
Cn1c(=O)c2c(nc3n(CCCCN4CCN(c5ccc(Cl)cc5)CC4)c(=O)ccn23)n(C)c1=O,7.161150909,train,0
Cn1c(=O)c2c(nc3n(CCCCN4CCN(c5ccccc5O)CC4)c(-c4ccccc4)cn23)n(C)c1=O,8.301029996,train,0
Cn1c(=O)c2c(nc3n(CCCCN4CCN(c5ccccc5O)CC4)ccn23)n(C)c1=O,6.154281982,train,0
Cn1c(=O)c2c(nc3nc(NCCCN4CCN(c5ccccc5)CC4)c(Br)cn32)n(C)c1=O,6.381951903,train,0
Cn1c(=O)sc2cc(CCCCN3CCN(Cc4ccc(Cl)c(Cl)c4)CC3)ccc21,6.995678626,train,0
Cn1c(=O)sc2cc(CCCCN3CCN(Cc4ccc(Cl)cc4Cl)CC3)ccc21,6.995678626,train,0
Cn1c(=O)sc2cc(CCN3CCN(Cc4ccc(Cl)c(Cl)c4)CC3)ccc21,6.696803943,train,0
Cn1c(=O)sc2cc(CCN3CCN(Cc4ccc(Cl)cc4Cl)CC3)ccc21,6.995678626,train,0
Cn1c(C(N)=O)ccc1-c1cccc(OC(=O)NCCN2CCN(c3ccccc3)CC2)c1,7.243250699,train,0
Cn1c(CN2CCC(c3ccc(C(F)(F)F)cc3)CC2)nc2ccccc21,6.424267911,train,0
Cn1c(CN2CCC(c3ccc(C(F)(F)F)cc3)CC2)nc2cnccc21,6.172630727,train,0
Cn1c(CN2CCC(c3ccc(C(F)(F)F)cc3)CC2)nc2ncccc21,6.392544977,train,0
Cn1c(CN2CCC(c3ccc(C(F)(F)F)cc3F)CC2)nc2ncccc21,5.749336081,train,0
Cn1c(CN2CCC(c3ccc(Cl)cc3)CC2)nc2ccccc21,7.773400095,train,0
Cn1c(CN2CCC(c3ccc(Cl)cc3F)CC2)nc2ccccc21,7.036212173,train,0
Cn1c(CN2CCC(c3ccc(F)cc3)CC2)nc2ccccc21,7.602059991,train,0
Cn1c(CN2CCC(c3ccc(OC(F)(F)F)cc3F)CC2)nc2ncccc21,5.927750102,train,0
Cn1c(CN2CCC(c3cccc(C(F)(F)F)c3)CC2)nc2ccccc21,6.896572603,train,0
Cn1c(CN2CCC(c3cccc(Cl)c3)CC2)nc2ccccc21,7.389233405,train,0
Cn1c(CN2CCC(c3ccccc3F)CC2)nc2ccccc21,7.208052776,train,0
Cn1c(CN2CCC(c3ncc(C(F)(F)F)cc3Cl)CC2)nc2ccccc21,6.099452636,train,0
Cn1c(CN2CCC(c3nsc4ccccc34)CC2)nc2ccccc21,7.094581931,train,0
Cn1c(CN2CCN(c3ncc(C(F)(F)F)cc3Cl)CC2)nc2ccccc21,5.299913558,train,0
Cn1c(CN2[C@H]3CC[C@@H]2CC(c2ccc(C(F)(F)F)cc2)C3)nc2ncccc21,6.448550002,train,0
Cn1c(N2CCCC2)nc2c(CN3CCN(c4ccc(Cl)c(Cl)c4)CC3)c[nH]c2c1=O,6.331219458,train,0
Cn1c(N2CCCC2)nc2c(CN3CCN(c4ccc(F)cc4)CC3)c[nH]c2c1=O,6.236029816,train,0
Cn1c(N2CCCC2)nc2c(CN3CCN(c4ccccn4)CC3)c[nH]c2c1=O,6.694026881,train,0
Cn1c(SCCCN2CC3CCN(c4c(F)cc(F)cc4F)C3C2)nnc1-c1ccn(C)c(=O)c1,5.899653583,train,0
Cn1c(SCCCN2CC3CCN(c4c(F)cc(F)cc4F)C3C2)nnc1-c1cnccn1,6.19931041,train,0
Cn1c(SCCCN2CC3CCN(c4c(F)cccc4C(F)(F)F)C3C2)nnc1-c1cnccn1,6.398907391,train,0
Cn1c(SCCCN2CC3CCN(c4c(F)cccc4F)C3C2)nnc1-c1cnccn1,6.19931041,train,0
Cn1c(SCCCN2CC3CCN(c4ccc(C#N)cc4)C3C2)nnc1-c1cnccn1,5.199931411,train,0
Cn1c(SCCCN2CC3CCN(c4ccc(C(F)(F)F)cc4)C3C2)nnc1-c1cc[nH]c(=O)c1,6.19931041,train,0
Cn1c(SCCCN2CC3CCN(c4ccc(C(F)(F)F)cc4)C3C2)nnc1-c1ccc(=O)[nH]c1,6.398907391,train,0
Cn1c(SCCCN2CC3CCN(c4ccc(C(F)(F)F)cc4)C3C2)nnc1-c1ccc(=O)n(C)c1,6.19931041,train,0
Cn1c(SCCCN2CC3CCN(c4ccc(C(F)(F)F)cc4)C3C2)nnc1-c1ccccn1,6.398907391,train,0
Cn1c(SCCCN2CC3CCN(c4ccc(C(F)(F)F)cc4)C3C2)nnc1-c1cccnc1,6.099452636,train,0
Cn1c(SCCCN2CC3CCN(c4ccc(C(F)(F)F)cc4)C3C2)nnc1-c1cccnn1,6.498625749,train,0
Cn1c(SCCCN2CC3CCN(c4ccc(C(F)(F)F)cc4)C3C2)nnc1-c1ccncc1,6.398907391,train,0
Cn1c(SCCCN2CC3CCN(c4ccc(C(F)(F)F)cc4)C3C2)nnc1-c1ccncn1,6.797266542,train,0
Cn1c(SCCCN2CC3CCN(c4ccc(C(F)(F)F)cc4)C3C2)nnc1-c1ccnnc1,6.19931041,train,0
Cn1c(SCCCN2CC3CCN(c4ccc(C(F)(F)F)cc4)C3C2)nnc1-c1cnccn1,6.598272138,train,0
Cn1c(SCCCN2CC3CCN(c4ccc(C(F)(F)F)cc4)C3C2)nnc1-c1cncnc1,5.899653583,train,0
Cn1c(SCCCN2CC3CCN(c4ccc(C(F)(F)F)cc4)C3C2)nnc1-c1nccs1,6.797266542,train,0
Cn1c(SCCCN2CC3CCN(c4ccc(C(F)(F)F)cc4)C3C2)nnc1C1CCCC1,6.697820646,train,0
Cn1c(SCCCN2CC3CCN(c4ccc(C(F)(F)F)cc4)C3C2)nnc1C1CCCCC1,5.199931411,train,0
Cn1c(SCCCN2CC3CCN(c4ccc(C(F)(F)F)cc4)C3C2)nnc1N1CCOCC1,6.697820646,train,0
Cn1c(SCCCN2CC3CCN(c4ccc(F)cc4)C3C2)nnc1-c1cc[nH]c(=O)c1,6.19931041,train,0
Cn1c(SCCCN2CC3CCN(c4ccc(F)cc4)C3C2)nnc1-c1ccn(C)c(=O)c1,6.398907391,train,0
Cn1c(SCCCN2CC3CCN(c4ccc(F)cc4)C3C2)nnc1-c1cnccn1,6.697820646,train,0
Cn1c(SCCCN2CC3CCN(c4ccc(F)cc4)C3C2)nnc1C1CCOCC1,6.598272138,train,0
Cn1c(SCCCN2CC3CCN(c4ccc(F)cc4C(F)(F)F)C3C2)nnc1-c1cnccn1,5.899653583,train,0
Cn1c(SCCCN2CC3CCN(c4ccc(F)cc4F)C3C2)nnc1-c1cnccn1,6.398907391,train,0
Cn1c(SCCCN2CC3CCN(c4ccc(OC(F)(F)F)cc4)C3C2)nnc1-c1cnccn1,6.498625749,train,0
Cn1c(SCCCN2CC3CCN(c4cccc(C#N)c4)C3C2)nnc1-c1cnccn1,6.995678626,train,0
Cn1c(SCCCN2CC3CCN(c4cccc(C(F)(F)F)c4)C3C2)nnc1-c1cnccn1,7.486516043,train,0
Cn1c(SCCCN2CC3CCN(c4cccc(F)c4)C3C2)nnc1-c1cnccn1,6.598272138,train,0
Cn1c(SCCCN2CC3CCN(c4cccc(OC(F)(F)F)c4)C3C2)nnc1-c1cnccn1,6.995678626,train,0
Cn1c(SCCCN2CC3CCN(c4ccccc4)C3C2)nnc1C1CCOCC1,6.598272138,train,0
Cn1c(SCCCN2CC3CCN(c4ccccc4C#N)C3C2)nnc1-c1cnccn1,6.697820646,train,0
Cn1c(SCCCN2CC3CCN(c4ccccc4C(F)(F)F)C3C2)nnc1-c1ccccn1,6.498625749,train,0
Cn1c(SCCCN2CC3CCN(c4ccccc4C(F)(F)F)C3C2)nnc1-c1cccnc1,6.099452636,train,0
Cn1c(SCCCN2CC3CCN(c4ccccc4C(F)(F)F)C3C2)nnc1-c1ccncc1,6.598272138,train,0
Cn1c(SCCCN2CC3CCN(c4ccccc4C(F)(F)F)C3C2)nnc1-c1cnccn1,6.498625749,train,0
Cn1c(SCCCN2CC3CCN(c4ccccc4F)C3C2)nnc1-c1cnccn1,6.398907391,train,0
Cn1c(SCCCN2CC3CCN(c4ccccc4OC(F)(F)F)C3C2)nnc1-c1cnccn1,7.486516043,train,0
Cn1c(SCCCN2CCC3(CC2)CCN(c2ccc(F)cc2)CC3)nnc1-c1ccccc1,5.009084245,train,0
Cn1c(SCCCN2CCC3CC3(c3ccc(C(F)(F)F)cc3)CC2)nnc1-c1ccnnc1,6.398907391,train,0
Cn1c(SCCCN2CC[C@]3(C[C@@H]3c3ccc(C(F)(F)F)cc3)C2)nnc1-c1ccc(-c2ncco2)cc1,6.304081596,train,0
Cn1c(SCCCN2CC[C@]3(C[C@@H]3c3ccc(C(F)(F)F)cc3)C2)nnc1-c1ccc(=O)n(C)c1,6.059503437,train,0
Cn1c(SCCCN2CC[C@]3(C[C@@H]3c3ccc(C(F)(F)F)cc3)C2)nnc1-c1ccc(C#N)cc1,6.45874535,train,0
Cn1c(SCCCN2CC[C@]3(C[C@@H]3c3ccc(C(F)(F)F)cc3)C2)nnc1-c1ccc(C#N)nc1,6.159373315,train,0
Cn1c(SCCCN2CC[C@]3(C[C@@H]3c3ccc(C(F)(F)F)cc3)C2)nnc1-c1ccc(C(N)=O)cc1,6.408882234,train,0
Cn1c(SCCCN2CC[C@]3(C[C@@H]3c3ccc(C(F)(F)F)cc3)C2)nnc1-c1ccc(C(N)=O)nc1,6.289152391,train,0
Cn1c(SCCCN2CC[C@]3(C[C@@H]3c3ccc(C(F)(F)F)cc3)C2)nnc1-c1ccc(CC(N)=O)cc1,6.329067984,train,0
Cn1c(SCCCN2CC[C@]3(C[C@@H]3c3ccc(C(F)(F)F)cc3)C2)nnc1-c1ccc(S(N)(=O)=O)cc1,6.658011831,train,0
Cn1c(SCCCN2CC[C@]3(C[C@@H]3c3ccc(C(F)(F)F)cc3)C2)nnc1-c1cccc(-c2ncco2)c1,6.114380775,train,0
Cn1c(SCCCN2CC[C@]3(C[C@@H]3c3ccc(C(F)(F)F)cc3)C2)nnc1-c1cccc(C(N)=O)c1,6.334017957,train,0
Cn1c(SCCCN2CC[C@]3(C[C@@H]3c3ccc(C(F)(F)F)cc3)C2)nnc1-c1ccccc1C(N)=O,7.389233405,train,0
Cn1c(SCCCN2CC[C@]3(C[C@@H]3c3ccc(C(F)(F)F)cc3)C2)nnc1-c1ccccn1,6.622572317,train,0
Cn1c(SCCCN2CC[C@]3(C[C@@H]3c3ccc(C(F)(F)F)cc3)C2)nnc1-c1cccnc1,6.049513443,train,0
Cn1c(SCCCN2CC[C@]3(C[C@@H]3c3ccc(C(F)(F)F)cc3)C2)nnc1-c1cccnc1C(F)(F)F,6.019546651,train,0
Cn1c(SCCCN2CC[C@]3(C[C@@H]3c3ccc(C(F)(F)F)cc3)C2)nnc1-c1cccnn1,5.859686836,train,0
Cn1c(SCCCN2CC[C@]3(C[C@@H]3c3ccc(C(F)(F)F)cc3)C2)nnc1-c1ccco1,6.31909366,train,0
Cn1c(SCCCN2CC[C@]3(C[C@@H]3c3ccc(C(F)(F)F)cc3)C2)nnc1-c1cccs1,6.623039211,train,0
Cn1c(SCCCN2CC[C@]3(C[C@@H]3c3ccc(C(F)(F)F)cc3)C2)nnc1-c1ccn(C)c(=O)c1,5.689786219,train,0
Cn1c(SCCCN2CC[C@]3(C[C@@H]3c3ccc(C(F)(F)F)cc3)C2)nnc1-c1ccncc1,6.209292713,train,0
Cn1c(SCCCN2CC[C@]3(C[C@@H]3c3ccc(C(F)(F)F)cc3)C2)nnc1-c1ccncn1,6.528532259,train,0
Cn1c(SCCCN2CC[C@]3(C[C@@H]3c3ccc(C(F)(F)F)cc3)C2)nnc1-c1ccnnc1,5.809718739,train,0
Cn1c(SCCCN2CC[C@]3(C[C@@H]3c3ccc(C(F)(F)F)cc3)C2)nnc1-c1ccoc1,6.29913194,train,0
Cn1c(SCCCN2CC[C@]3(C[C@@H]3c3ccc(C(F)(F)F)cc3)C2)nnc1-c1ccsc1,6.478691895,train,0
Cn1c(SCCCN2CC[C@]3(C[C@@H]3c3ccc(C(F)(F)F)cc3)C2)nnc1-c1cnccn1,6.329067984,train,0
Cn1c(SCCCN2CC[C@]3(C[C@@H]3c3ccc(C(F)(F)F)cc3)C2)nnc1-c1csnn1,6.547975554,train,0
Cn1c(SCCCN2CC[C@]3(C[C@@H]3c3ccc(C(F)(F)F)cc3)C2)nnc1-c1nccs1,6.368982617,train,0
Cn1c(SCCCN2CC[C@]3(C[C@@H]3c3ccc(C(F)(F)F)cc3)C2)nnc1C1=CC=NC(=O)C1,5.839699577,train,0
Cn1c(SCCCN2CC[C@]3(C[C@@H]3c3ccc(C(F)(F)F)cc3)C2)nnc1C1=CCC(=O)N=C1,6.294075992,train,0
Cn1c(SCCCN2CC[C@]3(C[C@@H]3c3ccc(C(F)(F)F)cc3)C2)nnc1C1CC2CCC(C1)O2,6.199304098,train,0
Cn1c(SCCCN2CC[C@]3(C[C@@H]3c3ccc(C(F)(F)F)cc3)C2)nnc1C1CCCCC1,6.567869518,train,0
Cn1c(SCCCN2CC[C@]3(C[C@@H]3c3ccc(C(F)(F)F)cc3)C2)nnc1C1CCN(C(N)=O)CC1,5.964597766,train,0
Cn1c(SCCCN2CC[C@]3(C[C@@H]3c3ccc(C(F)(F)F)cc3)C2)nnc1C1CCNC(=O)C1,5.8696791,train,0
Cn1c(SCCCN2CC[C@]3(C[C@@H]3c3ccc(C(F)(F)F)cc3)C2)nnc1C1CCOCC1,6.12441981,train,0
Cn1c(SCCCN2CC[C@]3(C[C@@H]3c3ccc(C(F)(F)F)cc3F)C2)nnc1-c1cccnc1,6.139398502,train,0
Cn1c(SCCCN2CC[C@]3(C[C@@H]3c3ccc(F)cc3)C2)nnc1-c1cccnc1,6.179345429,train,0
Cn1c(SCCCN2CC[C@]3(C[C@@H]3c3ccc(F)cc3F)C2)nnc1-c1cccnc1,6.344025438,train,0
Cn1c(SCCCN2CC[C@]3(C[C@@H]3c3ccccc3)C2)nnc1-c1cccnc1,5.479869024,train,0
Cn1c(SCCCN2CC[C@]3(C[C@H]3c3ccc(C(F)(F)F)cc3)C2)nnc1-c1ccccn1,6.19931041,train,0
Cn1c(SCCCN2CC[C@]3(C[C@H]3c3ccc(C(F)(F)F)cc3)C2)nnc1-c1cccnc1,5.8696791,train,0
Cn1c(SCCCN2CC[C@]3(C[C@H]3c3ccc(C(F)(F)F)cc3)C2)nnc1-c1cccnn1,5.749755703,train,0
Cn1c(SCCCN2CC[C@]3(C[C@H]3c3ccc(C(F)(F)F)cc3)C2)nnc1-c1ccncc1,6.059503437,train,0
Cn1c(SCCCN2CC[C@]3(C[C@H]3c3ccc(C(F)(F)F)cc3)C2)nnc1-c1ccncn1,6.35900209,train,0
Cn1c(SCCCN2CC[C@]3(C[C@H]3c3ccc(C(F)(F)F)cc3)C2)nnc1-c1ccnnc1,5.58983036,train,0
Cn1c(SCCCN2CC[C@]3(C[C@H]3c3ccc(C(F)(F)F)cc3)C2)nnc1-c1cnccn1,5.839699577,train,0
Cn1c(SCCCN2CC[C@]3(C[C@H]3c3ccc(C(F)(F)F)cc3)C2)nnc1-c1csnn1,6.926318301,train,0
Cn1c(SCCCN2CC[C@]3(C[C@H]3c3ccc(C(F)(F)F)cc3)C2)nnc1-c1nccs1,6.329067984,train,0
Cn1c(SCCCN2C[C@@H]3C[C@]3(c3ccc(C(F)(F)F)cc3)C2)nnc1-c1ccccc1,6.797266542,train,0
Cn1cc(-c2ccc3c(c2)c(C2CCN(CCN4CCNC4=O)CC2)cn3-c2ccc(F)cc2)nn1,6.507239611,train,0
Cn1cc(-c2nnc(SCCCN3CC4CCN(c5ccc(C(F)(F)F)cc5)C4C3)n2C)cn1,6.697820646,train,0
Cn1cc(-c2nnc(SCCCN3CC[C@]4(C[C@@H]4c4ccc(C(F)(F)F)cc4)C3)n2C)cn1,6.269193508,train,0
Cn1cc(CN2CCc3cc4nc(N)sc4cc3CC2)cn1,7.795880017,train,0
Cn1cc(S(=O)(=O)N(CC2CC2)C2CCN(CCOc3ccccc3-c3ccccc3)CC2)cn1,7.769551079,train,0
Cn1cc(S(=O)(=O)N(CC2CC2)C2CCN(CCOc3ccccc3C(C)(C)C)CC2)cn1,6.63638802,train,0
Cn1ccc(CN2CCc3cc4nc(N)sc4cc3CC2)n1,6.454692884,train,0
Cn1ccc2c(S(=O)(=O)N[C@@H]3CCN(CCCc4noc5ccccc45)C3)cccc21,7.994819487,train,0
Cn1ccc2c(S(=O)(=O)N[C@H]3CCN(CCCc4noc5ccccc45)C3)cccc21,7.408712735,train,0
Cn1ccc2cc(S(=O)(=O)N[C@@H]3CCN(CCCc4noc5ccccc45)C3)ccc21,8.713700749,train,0
Cn1ccc2cc(S(=O)(=O)N[C@H]3CCN(CCCc4noc5ccccc45)C3)ccc21,7.876148359,train,0
Cn1cnc(S(=O)(=O)N[C@H]2CC[C@H](CCN3CCC(c4cccc5c4OCO5)CC3)CC2)c1,6.938208361,train,0
Cn1cnc(S(=O)(=O)N[C@H]2CC[C@H](CCN3CCN(c4cccc5c4OCO5)CC3)CC2)c1,7.249337354,train,0
Cn1cncc1-c1c[nH]c2ccc(Br)cc12,5.729787145,train,0
Cn1cncc1-c1c[nH]c2ccc(C(N)=O)cc12,5.254769015,train,0
Cn1nc(S(=O)(=O)c2cccc3ccccc23)c2cc(N3CCNCC3)ccc21,5.648977147,train,0
Cn1nccc1-c1nnc(SCCCN2CC[C@]3(C[C@@H]3c3ccc(C(F)(F)F)cc3)C2)n1C,6.069489048,train,0
Cn1nnc(-c2ccc3c(c2)c(C2CCN(CCN4CCNC4=O)CC2)cn3-c2ccc(F)cc2)n1,6.850780887,train,0
Cn1nnc(Cc2ccc3c(c2)c(C2CCN(CCN4CCNC4=O)CC2)cn3-c2ccc(F)cc2)n1,8.431798276,train,0
FC(F)(F)Oc1ccc(CN2CCOC(CCc3ccccc3)C2)cc1,5.259558355,train,0
FC(F)(F)Oc1ccc(CN2CCO[C@H](CCc3ccccc3)C2)cc1,5.259558355,train,0
FC(F)(F)c1cc(Oc2nccc3ccsc23)ccc1-c1cccc2nccn12,5.060430831,train,0
FC(F)(F)c1cc(Oc2nccc3occc23)ccc1-c1cccc2nccn12,5.119129267,train,0
FC(F)(F)c1cccc(C2CCNC2)c1,6.995678626,train,0
FC(F)(F)c1nc2c(-[n+]3cc[n+](Cc4ccccc4)cc3)cccc2[nH]1,8.593777299,train,0
FC(F)(F)c1nc2c(OCCNCc3ccccc3)cccc2[nH]1,8.560667306,train,0
Fc1ccc(-c2cncc(CNC[C@H]3CCc4ccccc4O3)c2)cc1,7.697885623,train,0
Fc1ccc(C2=CCN(CCCCc3ccncc3)CC2)cc1,5.275232754,train,0
Fc1ccc(CN2CCC(Nc3ccc(C(F)(F)F)nn3)CC2)cc1F,6.798602876,train,0
Fc1ccc(N2CCN(CCC3OCCc4ccccc43)CC2)cc1,6.698970004,train,0
Fc1ccc(N2CCN(CCNc3cncc(Cl)n3)CC2)cc1,5.465846926,train,0
Fc1ccc(OCCCNCCOc2ccc(Cl)cc2)cc1,6.608235935,train,0
Fc1ccc2[nH]cc(CCCN3CCN(c4cccc5c4OCCO5)CC3)c2c1,7.698970004,train,0
Fc1ccc2c(CCCN3CCN(c4cccc5c4OCCO5)CC3)c[nH]c2c1,7.806875402,train,0
Fc1ccc2c(CCNCc3cccc(OCC(F)(F)C(F)F)c3)c[nH]c2c1,5.915066425,train,0
Fc1ccc2c(c1)CC(CCN1CCCN(c3ccccn3)CC1)C2,6.22056415,train,0
Fc1cccc2[nH]cc(CCCN3CCN(c4cccc5c4OCCO5)CC3)c12,8.040958608,train,0
Fc1cccc2c(CCCN3CCN(c4cccc5c4OCCO5)CC3)c[nH]c12,7.935542011,train,0
N#C/N=C(\NCCCN1CCN(c2cccc3ccccc23)CC1)c1ccncc1,5.795608668,train,0
N#CC(C#N)=Cc1cccn1C1CCN(Cc2ccccc2)CC1,5.107849722,train,0
N#CCC(=O)N[C@H]1CC[C@H](CCN2CCC(c3cccc4c3CCO4)CC2)CC1,6.852014679,train,0
N#CCC(=O)N[C@H]1CC[C@H](CCN2CCC(c3cccc4c3OCO4)CC2)CC1,6.690753203,train,0
N#CCC(=O)N[C@H]1CC[C@H](CCN2CCC(c3coc4ccccc34)CC2)CC1,7.371508895,train,0
N#CCC(=O)N[C@H]1CC[C@H](CCN2CCN(c3cccc4c3OCO4)CC2)CC1,7.113622093,train,0
N#CCC(=O)N[C@H]1CC[C@H](CCN2CCN(c3nccc4c3CCO4)CC2)CC1,6.152735898,train,0
N#CCO/N=C(\CCN1CCN(c2ccccn2)CC1)c1ccccc1,6.850780887,train,0
N#Cc1c(CN2CCN(CCc3ccccc3)CC2)cn2ccccc12,5.739451627,train,0
N#Cc1cc(N2CCN(CC[C@H]3CC[C@H](NS(N)(=O)=O)CC3)CC2)cc(C(F)(F)F)c1,7.420216403,train,0
N#Cc1ccc(CCCCNCCOc2cc(F)cc3c2OCCC3=O)cc1,7.146301788,train,0
N#Cc1ccc(CNC(=O)CCCCCN2CCN(c3ccc(F)cc3-c3ccc(C#N)cc3)CC2)cc1,5.85823677,train,0
N#Cc1ccc(CNC(=O)CCOCCN2CCN(c3ccccc3-c3ccccc3)CC2)cc1,6.199282922,train,0
N#Cc1ccc(CNC(=O)CCOCCN2CCN(c3cccnc3-c3ccc(F)cc3)CC2)cc1,5.707743929,train,0
N#Cc1ccc(CNC(=O)CCOCCN2CCN(c3cccnc3-c3ccccc3)CC2)cc1,5.36181036,train,0
N#Cc1ccc(CNC(=O)CCOCCN2CCN(c3ncccc3-c3ccc(F)cc3)CC2)cc1,6.163675884,train,0
N#Cc1ccc(CNC(=O)CCOCCN2CCN(c3ncccc3-c3ccccc3)CC2)cc1,6.269217724,train,0
N#Cc1ccc(S(=O)(=O)C2(F)CCN(CCc3ccc(F)cc3F)CC2)cc1,6.063486258,train,0
N#Cc1ccc2[nH]c(CN3CCN(c4ccc(Cl)cc4)CC3)cc2c1,5.110723603,train,0
N#Cc1ccc2[nH]cc(CCCCN3CCN(c4ccc5oc(C(N)=O)cc5c4)CC3)c2c1,6.175874166,train,0
N#Cc1ccc2[nH]cc(CN3CCN(c4ccc(Cl)c(Cl)c4)CC3)c2c1,6.20983922,train,0
N#Cc1ccc2[nH]cc(CN3CCN(c4ccc(F)cc4)CC3)c2c1,5.682047064,train,0
N#Cc1cccc(C(=O)NCc2ccccc2CN2CCc3cc(O)c(O)cc3C2)c1,6.045275209,train,0
N#Cc1cccc(N2CCN(CCCCN3CCn4c(cc5ccccc54)C3=O)CC2)c1,6.468521083,train,0
N#Cc1cccc(N2CCNCC2)c1,5.310602337,train,0
N#Cc1ccccc1N1CCN(CNC(=O)c2cccc(Cl)c2)CC1,5.63981002,train,0
N/C(=N\C(=O)NCc1ccccc1)NC1CCc2nc(N)sc2C1,6.259211121,train,0
NC(=O)c1ccc2occ(N3CCN(CCCOc4ccc(=O)n(-c5ccc(Cl)c(Cl)c5)n4)CC3)c2c1,6.420216403,train,0
NC(=O)c1ccccc1OCCCN1CC=C(c2cn(Cc3ccccc3)c3ccccc23)CC1,7.494850022,train,0
NC(=O)c1ccccc1OCCCN1CC=C(c2cn(S(=O)(=O)c3ccccc3)c3ccccc23)CC1,6.793174124,train,0
NC(=O)c1ccccc1OCCCN1CCC(c2cn(Cc3ccccc3)c3ccccc23)CC1,7.522878745,train,0
NC(=O)c1ccccc1OCCCN1CCC(c2cn(S(=O)(=O)c3ccccc3)c3ccccc23)CC1,7.200659451,train,0
NC(=O)c1ccccc1OCCCN1CCN(c2cccc3c2ccn3Cc2ccc(F)cc2)CC1,7.346787486,train,0
NC(=O)c1ccccc1OCCCN1CCN(c2cccc3c2ccn3Cc2cccc(Cl)c2)CC1,7.113509275,train,0
NC(=O)c1ccccc1OCCCN1CCN(c2cccc3c2ccn3Cc2cccc(F)c2)CC1,7.337242168,train,0
NC(=O)c1ccccc1OCCCN1CCN(c2cccc3c2ccn3Cc2ccccc2)CC1,7.017728767,train,0
NC(=O)c1ccccc1OCCCN1CCN(c2cccc3c2ccn3Cc2ccccc2F)CC1,7.657577319,train,0
NC(=O)c1ccccc1OCCCNCCc1cn(Cc2ccccc2)c2ccccc12,6.567030709,train,0
NC(=O)c1ccccc1OCCCNCCc1cn(S(=O)(=O)c2ccccc2)c2ccccc12,6.742321425,train,0
NC(=O)c1ccn(-c2cccc(OC(=O)NCCN3CCN(c4ccccc4)CC3)c2)c1,6.727914675,train,0
NC(N)=NC(=O)c1ccc2c(c1)Cc1ccccc1-2,5.853561865,train,0
NC1CCc2cc(O)c(O)cc2C1,7.175874166,train,0
NCC1OCCc2c1ccc(O)c2O,5.336204878,train,0
NCCCCCCn1cc(CCCCN2CCC(c3ccc(-c4cc(C(=O)O)cc5cc(-c6ccc(C(F)(F)F)cc6)ccc45)cc3)CC2)nn1,5.085603948,train,0
NC[C@@H]1O[C@H](C2CCCCC2)Cc2c1ccc(O)c2O,5.950394387,train,0
NC[C@@H]1O[C@H](c2ccccc2)Cc2c1ccc(O)c2O,6.109578981,train,0
NC[C@H](O)c1ccc(O)c(O)c1,5.885722703,train,0
NCc1ccc2c(c1)c(C1CCN(CCN3CCNC3=O)CC1)cn2-c1ccc(F)cc1,7.420216403,train,0
N[C@@H]1CCc2c(F)cccc2C1,6.062983893,train,0
N[C@@H]1Cc2cccc3[nH]c(=O)n(c23)C1,6.93930216,train,0
N[C@H]1CCCC[C@@H]1NC(=O)c1c2c(c3c4c(ncnc14)-c1ccccc1C3=O)N[C@@H]1CCCC[C@H]1N2,5.494714326,train,0
Nc1ccc(C#CCCN2CC=C(c3ccccc3)CC2)cc1,7.311046537,train,0
Nc1ccc2c(c1)C(O)C(CCN1CCC(C(=O)c3ccc(F)cc3O)CC1)CC2,6.189330718,train,0
Nc1cccc(-c2ccc(C(=O)NC3CCN(Cc4ccccc4)C3)cc2)c1,5.300943145,train,0
Nc1cccc(C#CCCN2CC=C(c3ccccc3)CC2)c1,7.055024092,train,0
Nc1ccccc1C#CCCN1CC=C(c2ccccc2)CC1,6.737620112,train,0
Nc1nc2c(s1)C[C@@H](N(CCC1CCCCC1)CC[C@H]1CC[C@H](NC(=O)c3ccc4ccccc4c3)CC1)CC2,5.920456993,train,0
Nc1nc2c(s1)C[C@@H](NCC[C@H]1CC[C@H](NC(=O)c3ccc4ccccc4c3)CC1)CC2,6.17327748,train,0
Nc1nc2cc3c(cc2s1)CCN(C(=O)c1ccccc1)CC3,5.366430557,train,0
Nc1nc2cc3c(cc2s1)CCN(C1CC1)CC3,5.958212681,train,0
Nc1nc2cc3c(cc2s1)CCN(CC(F)(F)F)CC3,5.300943145,train,0
Nc1nc2cc3c(cc2s1)CCN(CCO)CC3,6.096367484,train,0
Nc1nc2cc3c(cc2s1)CCN(Cc1ccc(F)cc1)CC3,7.119186408,train,0
Nc1nc2cc3c(cc2s1)CCN(Cc1cccc(F)c1)CC3,7.366531544,train,0
Nc1nc2cc3c(cc2s1)CCN(Cc1ccccc1)CC3,7.091514981,train,0
Nc1nc2cc3c(cc2s1)CCN(Cc1ccccn1)CC3,5.300943145,train,0
Nc1nc2cc3c(cc2s1)CCN(Cc1cccnc1)CC3,6.696803943,train,0
Nc1nc2cc3c(cc2s1)CCN(Cc1ccncc1)CC3,7.408935393,train,0
Nc1nc2cc3c(cc2s1)CCN(Cc1cnc[nH]1)CC3,6.235823868,train,0
Nc1nc2cc3c(cc2s1)CCN(Cc1cnco1)CC3,6.493494968,train,0
Nc1nc2cc3c(cc2s1)CCN(Cc1cscn1)CC3,6.308918508,train,0
Nc1nc2cc3c(cc2s1)CCN(Cc1ncon1)CC3,5.300943145,train,0
Nc1nc2cc3c(cc2s1)CCNCC3,5.40882405,train,0
O=C(/C=C/c1ccccc1)NCCCCN1CCCN(C(c2ccccc2)c2ccccc2)CC1,6.790484985,train,0
O=C(/C=C/c1ccccc1)NCCCCN1CCN(C(c2ccccc2)c2ccc(Cl)cc2)CC1,6.015922966,train,0
O=C(/C=C/c1ccccc1)NCCCCN1CCN2c3ccccc3Cc3ccccc3C2C1,6.366531544,train,0
O=C(CC(F)(F)F)N[C@H]1CC[C@H](CCN2CCC(c3cccc4c3CCO4)CC2)CC1,6.461426266,train,0
O=C(CC(F)(F)F)N[C@H]1CC[C@H](CCN2CCC(c3cccc4c3OCO4)CC2)CC1,6.676933624,train,0
O=C(CC(F)(F)F)N[C@H]1CC[C@H](CCN2CCC(c3coc4ccccc34)CC2)CC1,7.359916269,train,0
O=C(CC(F)(F)F)N[C@H]1CC[C@H](CCN2CCN(c3cccc4c3OCO4)CC2)CC1,7.035174882,train,0
O=C(CC(F)(F)F)N[C@H]1CC[C@H](CCN2CCN(c3nccc4c3CCO4)CC2)CC1,6.162096055,train,0
O=C(CC1(O)CCC1)N[C@H]1CC[C@H](CCN2CCC(c3cccc4c3OCO4)CC2)CC1,6.579664616,train,0
O=C(CC1(O)CCC1)N[C@H]1CC[C@H](CCN2CCN(c3cccc4c3OCO4)CC2)CC1,7.019678414,train,0
O=C(CC1(O)CCC1)N[C@H]1CC[C@H](CCN2CCN(c3nccc4c3CCO4)CC2)CC1,6.387640052,train,0
O=C(CC1(O)CCCCC1)N[C@H]1CC[C@H](CCN2CCC(c3cccc4c3OCO4)CC2)CC1,6.441219453,train,0
O=C(CC1(O)CCCCC1)N[C@H]1CC[C@H](CCN2CCN(c3cccc4c3OCO4)CC2)CC1,6.793876036,train,0
O=C(CC1(O)CCOCC1)N[C@H]1CC[C@H](CCN2CCC(c3cccc4c3OCO4)CC2)CC1,6.513399521,train,0
O=C(CC1CC1)N[C@H]1CC[C@H](CCN2CCC(c3cccc4c3CCO4)CC2)CC1,6.57105571,train,0
O=C(CC1CC1)N[C@H]1CC[C@H](CCN2CCC(c3cccc4c3OCO4)CC2)CC1,6.517355053,train,0
O=C(CC1CC1)N[C@H]1CC[C@H](CCN2CCC(c3coc4ccccc34)CC2)CC1,7.459545386,train,0
O=C(CC1CC1)N[C@H]1CC[C@H](CCN2CCN(c3cccc4c3OCO4)CC2)CC1,6.845058955,train,0
O=C(CC1CC1)N[C@H]1CC[C@H](CCN2CCN(c3nccc4c3CCO4)CC2)CC1,6.230770418,train,0
O=C(CC1CCC1)N[C@H]1CC[C@H](CCN2CCC(c3cccc4c3CCO4)CC2)CC1,6.51970554,train,0
O=C(CC1CCC1)N[C@H]1CC[C@H](CCN2CCC(c3coc4ccccc34)CC2)CC1,7.227531597,train,0
O=C(CC1CCC1)N[C@H]1CC[C@H](CCN2CCN(c3nccc4c3CCO4)CC2)CC1,6.219178824,train,0
O=C(CC1CCCCO1)N[C@H]1CC[C@H](CCN2CCC(c3cccc4c3OCO4)CC2)CC1,6.280602414,train,0
O=C(CC1CCCO1)N[C@H]1CC[C@H](CCN2CCC(c3cccc4c3CCO4)CC2)CC1,6.419987887,train,0
O=C(CC1CCCO1)N[C@H]1CC[C@H](CCN2CCC(c3cccc4c3OCO4)CC2)CC1,6.408868584,train,0
O=C(CC1CCCO1)N[C@H]1CC[C@H](CCN2CCC(c3coc4ccccc34)CC2)CC1,7.268733651,train,0
O=C(CC1CCCO1)N[C@H]1CC[C@H](CCN2CCN(c3cccc4c3OCO4)CC2)CC1,6.721909776,train,0
O=C(CC1CCCO1)N[C@H]1CC[C@H](CCN2CCN(c3nccc4c3CCO4)CC2)CC1,5.898321649,train,0
O=C(CC1CCOCC1)N[C@H]1CC[C@H](CCN2CCC(c3ccc(F)c4occc34)CC2)CC1,6.20978523,train,0
O=C(CC1CCOCC1)N[C@H]1CC[C@H](CCN2CCC(c3cccc4c3CCO4)CC2)CC1,6.186419011,train,0
O=C(CC1CCOCC1)N[C@H]1CC[C@H](CCN2CCC(c3cccc4c3OCO4)CC2)CC1,6.452508355,train,0
O=C(CC1CCOCC1)N[C@H]1CC[C@H](CCN2CCC(c3cccc4occc34)CC2)CC1,6.657972312,train,0
O=C(CC1CCOCC1)N[C@H]1CC[C@H](CCN2CCC(c3coc4ccccc34)CC2)CC1,7.104798525,train,0
O=C(CC1CCOCC1)N[C@H]1CC[C@H](CCN2CCN(c3cccc4c3OCO4)CC2)CC1,6.854306476,train,0
O=C(CC1CCOCC1)N[C@H]1CC[C@H](CCN2CCN(c3nccc4c3CCO4)CC2)CC1,6.060480747,train,0
O=C(CC1CCOCC1)N[C@H]1CC[C@H](CCN2CCN(c3nccc4occc34)CC2)CC1,6.164943898,train,0
O=C(CC1CCOCC1)N[C@H]1CC[C@H](CCN2CCN(c3nccc4sccc34)CC2)CC1,6.838631998,train,0
O=C(CC1COC1)N[C@H]1CC[C@H](CCN2CCC(c3cccc4c3CCO4)CC2)CC1,6.7044329,train,0
O=C(CC1COC1)N[C@H]1CC[C@H](CCN2CCC(c3cccc4c3OCO4)CC2)CC1,6.586381758,train,0
O=C(CC1COC1)N[C@H]1CC[C@H](CCN2CCC(c3coc4ccccc34)CC2)CC1,7.453580733,train,0
O=C(CC1COC1)N[C@H]1CC[C@H](CCN2CCN(c3cccc4c3OCO4)CC2)CC1,6.970900433,train,0
O=C(CC1COC1)N[C@H]1CC[C@H](CCN2CCN(c3nccc4c3CCO4)CC2)CC1,6.121708051,train,0
O=C(CC1COCCO1)N[C@H]1CC[C@H](CCN2CCC(c3cccc4c3CCO4)CC2)CC1,6.13667714,train,0
O=C(CC1COCCO1)N[C@H]1CC[C@H](CCN2CCC(c3cccc4c3OCO4)CC2)CC1,6.275175463,train,0
O=C(CC1COCCO1)N[C@H]1CC[C@H](CCN2CCC(c3cccc4occc34)CC2)CC1,6.657577319,train,0
O=C(CC1COCCO1)N[C@H]1CC[C@H](CCN2CCC(c3coc4ccccc34)CC2)CC1,7.060980224,train,0
O=C(CC1COCCO1)N[C@H]1CC[C@H](CCN2CCN(c3cccc4c3OCO4)CC2)CC1,6.702064494,train,0
O=C(CC1COCCO1)N[C@H]1CC[C@H](CCN2CCN(c3nccc4c3CCO4)CC2)CC1,5.831974191,train,0
O=C(CC1C[C@H](O)CO1)N[C@H]1CC[C@H](CCN2CCN(c3nccc4c3CCO4)CC2)CC1,6.032686082,train,0
O=C(CCC(F)(F)F)N[C@H]1CC[C@H](CCN2CCC(c3cccc4c3CCO4)CC2)CC1,6.595166283,train,0
O=C(CCC(F)(F)F)N[C@H]1CC[C@H](CCN2CCC(c3cccc4c3OCO4)CC2)CC1,6.385735713,train,0
O=C(CCC(F)(F)F)N[C@H]1CC[C@H](CCN2CCC(c3coc4ccccc34)CC2)CC1,7.206488994,train,0
O=C(CCC(F)(F)F)N[C@H]1CC[C@H](CCN2CCN(c3nccc4c3CCO4)CC2)CC1,5.901460102,train,0
O=C(CCCCCN1CCN(c2ccccc2-c2ccccc2)CC1)N1CCc2ccccc2C1,6.440093375,train,0
O=C(CCCCCN1CCN(c2ccccc2-c2ccccc2)CC1)NC1CCCc2ccccc21,6.647817482,train,0
O=C(CCCCCN1CCN(c2ccccc2-c2ccccc2)CC1)NCc1ccc(OCCCN2CCOCC2)cc1,7.187086643,train,0
O=C(CCCCCN1CCN(c2ccccc2-c2ccccc2)CC1)NCc1ccc(OCCN2CCOCC2)cc1,6.863279433,train,0
O=C(CCCCCN1CCN(c2ccccc2-c2ccccc2)CC1)NCc1ccncc1,6.730487056,train,0
O=C(CCCCCN1CCN(c2ccccc2O)CC1)NC1CCCc2ccccc21,6.005243055,train,0
O=C(CCCCCN1CCN(c2ccccc2[N+](=O)[O-])CC1)NC1CCCc2ccccc21,6.166215625,train,0
O=C(CCCCN1Cc2ccccc2C1)c1nc2ccccc2s1,5.532836034,train,0
O=C(CCCN1C2C3C4CC5C6C4C2C6C1(O)C53)c1ccc(F)cc1,5.763210901,train,0
O=C(CCCN1C2CCC1CC(c1ccccc1)C2)c1ccc(F)cc1,6.901702464,train,0
O=C(CCCN1CCC2(CC1)C(=O)N(Cc1ccc([N+](=O)[O-])cc1)CN2c1ccccc1)c1ccc(F)cc1,8.951169913,train,0
O=C(CCO)N[C@H]1CC[C@H](CCN2CCC(c3cccc4c3CCO4)CC2)CC1,6.461803422,train,0
O=C(CCO)N[C@H]1CC[C@H](CCN2CCC(c3coc4ccccc34)CC2)CC1,7.194227368,train,0
O=C(CCO)N[C@H]1CC[C@H](CCN2CCN(c3nccc4c3CCO4)CC2)CC1,6.1340082,train,0
O=C(CCO)N[C@H]1CC[C@H](CCN2CCN(c3nccc4occc34)CC2)CC1,6.017728767,train,0
O=C(CCOCCN1CCN(c2ccccc2-c2ccccc2)CC1)NCc1ccc(C(F)(F)F)cc1,6.460923901,train,0
O=C(CCOCCN1CCN(c2ccccc2-c2ccccc2)CC1)NCc1ccncc1,5.610656689,train,0
O=C(CCOCCN1CCN(c2cccnc2-c2ccc(F)cc2)CC1)NCc1ccc(C(F)(F)F)cc1,5.460798401,train,0
O=C(CCOCCN1CCN(c2cccnc2-c2ccccc2)CC1)NCc1ccc(C(F)(F)F)cc1,5.557990841,train,0
O=C(CCOCCN1CCN(c2ncccc2-c2ccc(F)cc2)CC1)NCc1ccc(C(F)(F)F)cc1,6.404503778,train,0
O=C(CCOCCN1CCN(c2ncccc2-c2ccccc2)CC1)NCc1ccc(C(F)(F)F)cc1,6.57024772,train,0
O=C(CF)N[C@H]1CC[C@H](CCN2CCC(c3cccc4c3OCO4)CC2)CC1,6.636952405,train,0
O=C(CF)N[C@H]1CC[C@H](CCN2CCN(c3cccc4c3OCO4)CC2)CC1,6.906193224,train,0
O=C(CO)NC[C@H]1CCN(Cc2csc(-c3ccccc3)n2)C1,5.308123177,train,0
O=C(CO)N[C@H]1CC[C@H](CCN2CCC(c3cccc4c3CCO4)CC2)CC1,6.242679903,train,0
O=C(CO)N[C@H]1CC[C@H](CCN2CCC(c3cccc4c3OCO4)CC2)CC1,6.524532208,train,0
O=C(CO)N[C@H]1CC[C@H](CCN2CCC(c3coc4ccccc34)CC2)CC1,7.323123568,train,0
O=C(CO)N[C@H]1CC[C@H](CCN2CCN(c3cccc4c3OCO4)CC2)CC1,6.733838888,train,0
O=C(CO)N[C@H]1CC[C@H](CCN2CCN(c3nccc4c3CCO4)CC2)CC1,5.804377056,train,0
O=C(CO)N[C@H]1CC[C@H](CCN2CCN(c3nccc4occc34)CC2)CC1,5.866141875,train,0
O=C(CO)N[C@H]1CC[C@H](CCN2CCN(c3nccc4sccc34)CC2)CC1,6.659555885,train,0
O=C(C[C@@H](O)C(F)(F)F)N[C@H]1CC[C@H](CCN2CCC(c3cccc4c3CCO4)CC2)CC1,6.619065537,train,0
O=C(C[C@@H](O)C(F)(F)F)N[C@H]1CC[C@H](CCN2CCC(c3coc4ccccc34)CC2)CC1,7.288867928,train,0
O=C(C[C@@H](O)C(F)(F)F)N[C@H]1CC[C@H](CCN2CCN(c3nccc4c3CCO4)CC2)CC1,6.135014539,train,0
O=C(C[C@@H]1CCCCO1)N[C@H]1CC[C@H](CCN2CCC(c3cccc4c3OCO4)CC2)CC1,6.37354671,train,0
O=C(C[C@@H]1CCCCO1)N[C@H]1CC[C@H](CCN2CCN(c3cccc4c3OCO4)CC2)CC1,6.656315751,train,0
O=C(C[C@@H]1CCCO1)N[C@H]1CC[C@H](CCN2CCC(c3cccc4c3CCO4)CC2)CC1,6.25305459,train,0
O=C(C[C@@H]1CCCO1)N[C@H]1CC[C@H](CCN2CCC(c3cccc4c3OCO4)CC2)CC1,6.27393329,train,0
O=C(C[C@@H]1CCCO1)N[C@H]1CC[C@H](CCN2CCN(c3nccc4c3CCO4)CC2)CC1,6.066057397,train,0
O=C(C[C@@H]1CCCOC1)N[C@H]1CC[C@H](CCN2CCC(c3cccc4c3OCO4)CC2)CC1,6.491214493,train,0
O=C(C[C@@H]1CCCOC1)N[C@H]1CC[C@H](CCN2CCN(c3cccc4c3OCO4)CC2)CC1,6.860183859,train,0
O=C(C[C@@H]1COCCO1)N[C@H]1CC[C@H](CCN2CCC(c3cccc4c3CCO4)CC2)CC1,6.375408541,train,0
O=C(C[C@@H]1COCCO1)N[C@H]1CC[C@H](CCN2CCC(c3cccc4c3OCO4)CC2)CC1,6.477099541,train,0
O=C(C[C@@H]1COCCO1)N[C@H]1CC[C@H](CCN2CCN(c3cccc4c3OCO4)CC2)CC1,6.761527343,train,0
O=C(C[C@@H]1COCCO1)N[C@H]1CC[C@H](CCN2CCN(c3nccc4c3CCO4)CC2)CC1,5.948847478,train,0
O=C(C[C@H]1CCCCO1)N[C@H]1CC[C@H](CCN2CCC(c3cccc4c3OCO4)CC2)CC1,6.30795546,train,0
O=C(C[C@H]1CCCCO1)N[C@H]1CC[C@H](CCN2CCN(c3cccc4c3OCO4)CC2)CC1,6.50689064,train,0
O=C(C[C@H]1CCCO1)N[C@H]1CC[C@H](CCN2CCC(c3cccc4c3CCO4)CC2)CC1,6.28810845,train,0
O=C(C[C@H]1CCCO1)N[C@H]1CC[C@H](CCN2CCC(c3cccc4c3OCO4)CC2)CC1,6.640468061,train,0
O=C(C[C@H]1CCCO1)N[C@H]1CC[C@H](CCN2CCN(c3nccc4c3CCO4)CC2)CC1,6.038246786,train,0
O=C(C[C@H]1CCCOC1)N[C@H]1CC[C@H](CCN2CCC(c3cccc4c3OCO4)CC2)CC1,6.388021924,train,0
O=C(C[C@H]1CCCOC1)N[C@H]1CC[C@H](CCN2CCN(c3cccc4c3OCO4)CC2)CC1,6.73346257,train,0
O=C(C[C@H]1CC[C@H](O)CC1)N[C@H]1CC[C@H](CCN2CCN(c3nccc4occc34)CC2)CC1,5.81276138,train,0
O=C(C[C@H]1CC[C@H](O)CC1)N[C@H]1CC[C@H](CCN2CCN(c3nccc4sccc34)CC2)CC1,6.40560745,train,0
O=C(C[C@H]1COCCO1)N[C@H]1CC[C@H](CCN2CCC(c3cccc4c3CCO4)CC2)CC1,6.162159138,train,0
O=C(C[C@H]1COCCO1)N[C@H]1CC[C@H](CCN2CCC(c3cccc4c3OCO4)CC2)CC1,6.329234789,train,0
O=C(C[C@H]1COCCO1)N[C@H]1CC[C@H](CCN2CCN(c3cccc4c3OCO4)CC2)CC1,6.519949917,train,0
O=C(C[C@H]1COCCO1)N[C@H]1CC[C@H](CCN2CCN(c3nccc4c3CCO4)CC2)CC1,5.835052627,train,0
O=C(C[C@H]1C[C@H](CO)C1)N[C@H]1CC[C@H](CCN2CCN(c3cccc4c3OCO4)CC2)CC1,6.929334247,train,0
O=C(Cc1ccc2c(c1)OCO2)N[C@H]1CC[C@H](CCN2CCC(c3cccc4c3CCO4)CC2)CC1,6.141282385,train,0
O=C(Cc1ccc2c(c1)OCO2)N[C@H]1CC[C@H](CCN2CCC(c3cccc4c3OCO4)CC2)CC1,6.486942292,train,0
O=C(Cc1ccc2c(c1)OCO2)N[C@H]1CC[C@H](CCN2CCC(c3coc4ccccc34)CC2)CC1,7.029327757,train,0
O=C(Cc1ccc2c(c1)OCO2)N[C@H]1CC[C@H](CCN2CCN(c3cccc4c3OCO4)CC2)CC1,6.166241098,train,0
O=C(Cc1ccc2c(c1)OCO2)N[C@H]1CC[C@H](CCN2CCN(c3nccc4c3CCO4)CC2)CC1,5.516698048,train,0
O=C(Cc1ccccc1)NC1CCN(CCCN2C(=O)COc3ccccc32)CC1,6.078896834,train,0
O=C(Cc1ccccn1)Nc1cccc(CCN2CCN(c3ccccc3)CC2)c1,6.554707231,train,0
O=C(Cc1cccnc1)Nc1cccc(CCN2CCN(c3ccccc3)CC2)c1,7.078833949,train,0
O=C(Cc1noc2ccccc12)N[C@H]1CC[C@H](CCN2CCC(c3cccc4c3CCO4)CC2)CC1,6.611543547,train,0
O=C(Cc1noc2ccccc12)N[C@H]1CC[C@H](CCN2CCC(c3coc4ccccc34)CC2)CC1,6.609365119,train,0
O=C(Cc1noc2ccccc12)N[C@H]1CC[C@H](CCN2CCN(c3nccc4c3CCO4)CC2)CC1,5.882761858,train,0
O=C(NC/C=C/C[N+]1([O-])CCN(c2cccc(Cl)c2Cl)CC1)c1ccc(-c2ccccn2)cc1,5.93516778,train,0
O=C(NC1CC2CCC(C1)N2Cc1ccc(Br)cc1)c1ccc2ccccc2c1,8.259637311,train,0
O=C(NC1CC2CCC(C1)N2Cc1ccc(C(F)(F)F)cc1)c1ccc2ccccc2c1,6.200659451,train,0
O=C(NC1CC2CCC(C1)N2Cc1ccc(Cl)cc1)c1ccc2ccccc2c1,8.853871964,train,0
O=C(NC1CC2CCC(C1)N2Cc1ccc(F)cc1)c1ccc2ccccc2c1,6.860120914,train,0
O=C(NC1CC2CCC(C1)N2Cc1cccc(Br)c1)c1ccc2ccccc2c1,7.899629455,train,0
O=C(NC1CC2CCC(C1)N2Cc1cccc(C(F)(F)F)c1)c1ccc2ccccc2c1,6.660946264,train,0
O=C(NC1CC2CCC(C1)N2Cc1cccc(Cl)c1)c1ccc2ccccc2c1,8.337242168,train,0
O=C(NC1CC2CCC(C1)N2Cc1cccc(F)c1)c1ccc2ccccc2c1,6.66756154,train,0
O=C(NC1CC2CCC(C1)N2Cc1ccccc1)c1ccc2ccccc2n1,6.229442525,train,0
O=C(NC1CC2CCC(C1)N2Cc1ccccc1Br)c1ccc2ccccc2c1,7.623423043,train,0
O=C(NC1CC2CCC(C1)N2Cc1ccccc1C(F)(F)F)c1ccc2ccccc2c1,6.269459964,train,0
O=C(NC1CC2CCC(C1)N2Cc1ccccc1Cl)c1ccc2ccccc2c1,7.446116973,train,0
O=C(NC1CC2CCC(C1)N2Cc1ccccc1F)c1ccc2ccccc2c1,6.145390362,train,0
O=C(NC1CC2CCC(C1)N2Cc1ccccn1)c1ccc2ccccc2c1,5.657379957,train,0
O=C(NC1CC2CCC(C1)N2Cc1cccnc1)c1ccc2ccccc2c1,5.61960784,train,0
O=C(NC1CC2CCC(C1)N2Cc1ccncc1)c1ccc2ccccc2c1,5.568475416,train,0
O=C(NC1CCC(CCN2CCC(c3cccc4c3CCO4)CC2)CC1)c1ccc2ncccc2c1,5.488250289,train,0
O=C(NC1CCC(CCN2CCC(c3coc4ccccc34)CC2)CC1)c1ccc2ncccc2c1,6.983593499,train,0
O=C(NC1CCN(CCOc2ccccc2-c2ccccc2)C1)c1ccc2ccccc2n1,7.602059991,train,0
O=C(NC1CCN(CCOc2ccccc2-c2ccccc2)C1)c1cccc(F)c1F,7.795880017,train,0
O=C(NC1CCN(Cc2ccccc2)C1)c1ccc(-c2ccc(C(F)(F)F)cc2)cc1,5.09685573,train,0
O=C(NC1CCN(Cc2ccccc2)C1)c1ccc(-c2cccc(F)c2)cc1,5.397831449,train,0
O=C(NC1CCN(Cc2ccccc2)C1)c1ccc(-c2cccs2)cc1,6.075204004,train,0
O=C(NC1CCN(Cc2ccccc2)C1)c1ccc(-c2ccsc2)cc1,5.920456993,train,0
O=C(NC1CCN(Cc2ccccc2)C1)c1cccc(-c2ccccc2)c1,6.821023053,train,0
O=C(NCCC(F)CN1CCN(c2cccc(Cl)c2Cl)CC1)c1cc2ccccc2s1,6.325138859,train,0
O=C(NCCC(O)CN1CCN(c2cccc(Cl)c2Cl)CC1)c1cc2cc(F)ccc2[nH]1,6.482804102,train,0
O=C(NCCC(O)CN1CCN(c2cccc3ccccc23)CC1)c1cnc2ccccc2c1,6.586700236,train,0
O=C(NCCCCN1CCC(=C2c3ccc(Cl)cc3CCc3cccnc32)CC1)c1cc2ccccc2s1,6.070581074,train,0
O=C(NCCCCN1CCC(=C2c3ccc(Cl)cc3CCc3cccnc32)CC1)c1ccc2ccccc2c1,6.596879479,train,0
O=C(NCCCCN1CCC(N(Cc2ccccc2)c2ccccc2)CC1)c1cc2ccccc2s1,5.803823815,train,0
O=C(NCCCCN1CCN(c2ccc3ccccc3n2)CC1)c1cn2ccccc2n1,5.805763251,train,0
O=C(NCCCCN1CCN(c2ccnc3cc(C(F)(F)F)ccc23)CC1)c1cn2ccccc2n1,5.302421966,train,0
O=C(NCCCCN1CCN(c2ccnc3cc(Cl)ccc23)CC1)c1cn2ccccc2n1,5.724919102,train,0
O=C(NCCCCN1CCN2c3ccccc3Cc3ccccc3C2C1)C1CCCCC1,6.586700236,train,0
O=C(NCCCCN1CCN2c3ccccc3Cc3ccccc3C2C1)c1cc2ccccc2s1,5.307505592,train,0
O=C(NCCCCN1CCN2c3ccccc3Cc3ccccc3C2C1)c1ccc2ccccc2c1,5.877784122,train,0
O=C(NCCCCN1CCN2c3ccccc3Cc3ccccc3C2C1)c1cccs1,6.302770657,train,0
O=C(NCCCc1ccccc1)c1cc2c3c(ccc2[nH]1)OCC(CNCCCc1ccccc1)O3,7.37675071,train,0
O=C(NC[C@@H]1CCCN1Cc1ccc(F)cc1)c1cc(I)cc2c1OCC2,8.956244873,train,0
O=C(NC[C@H]1CC[C@H](CN2CCN(c3nsc4cc(Cl)ccc34)CC2)CC1)c1ccco1,8.508638306,train,0
O=C(NCc1ccccc1CN1CCc2cc(O)c(O)cc2C1)c1cccc(Br)c1,7.244125144,train,0
O=C(N[C@@H]1CCN(Cc2ccccc2)C1)c1ccc(-c2cccs2)cc1,5.823619308,train,0
O=C(N[C@@H]1CCN(Cc2ccccc2)C1)c1ccc(-c2ccsc2)cc1,6.045275209,train,0
O=C(N[C@@H]1CCN(Cc2ccccc2)C1)c1cccc(-c2ccsc2)c1,7.022276395,train,0
O=C(N[C@@H]1C[C@@H]2CC[C@H](C1)N2CC1CCCO1)c1ccc2ccccc2c1,5.920456993,train,0
O=C(N[C@@H]1C[C@@H]2CC[C@H](C1)N2CC1CCCO1)c1cccc2ccccc12,5.397831449,train,0
O=C(N[C@@H]1C[C@@H]2CC[C@H](C1)N2Cc1ccccc1)c1ccc2ccccc2c1,7.078833949,train,0
O=C(N[C@@H]1C[C@@H]2CC[C@H](C1)N2Cc1ccccc1)c1cccc2ccccc12,5.537452271,train,0
O=C(N[C@H]1CCN(Cc2ccc(C(F)(F)F)cc2)C1)c1cccc(-c2cccs2)c1,5.885722703,train,0
O=C(N[C@H]1CCN(Cc2ccc(Cl)cc2)C1)c1cccc(-c2cccs2)c1,6.63638802,train,0
O=C(N[C@H]1CCN(Cc2ccc(OC(F)(F)F)cc2)C1)c1cccc(-c2cccs2)c1,6.300162274,train,0
O=C(N[C@H]1CCN(Cc2ccc3c(c2)OCO3)C1)c1ccc(-c2cccs2)cc1,5.744486287,train,0
O=C(N[C@H]1CCN(Cc2ccccc2)C1)c1ccc(-c2cccs2)cc1,6.008330993,train,0
O=C(N[C@H]1CCN(Cc2ccccc2)C1)c1ccc(-c2ccsc2)cc1,5.999565923,train,0
O=C(N[C@H]1CCN(Cc2ccccc2)C1)c1cccc(-c2cccs2)c1,7.214670165,train,0
O=C(N[C@H]1CCN(Cc2ccccc2)C1)c1cccc(-c2ccsc2)c1,7.148741651,train,0
O=C(N[C@H]1CC[C@H](CCN2CCC(c3ccc(F)c4occc34)CC2)CC1)C1CCOCC1,6.440931666,train,0
O=C(N[C@H]1CC[C@H](CCN2CCC(c3cccc4c3CCO4)CC2)CC1)C(F)(F)F,6.538051505,train,0
O=C(N[C@H]1CC[C@H](CCN2CCC(c3cccc4c3CCO4)CC2)CC1)C(O)C(F)(F)F,6.617082865,train,0
O=C(N[C@H]1CC[C@H](CCN2CCC(c3cccc4c3CCO4)CC2)CC1)C1(O)CC1,6.523458191,train,0
O=C(N[C@H]1CC[C@H](CCN2CCC(c3cccc4c3CCO4)CC2)CC1)C1(O)CCC1,6.513569521,train,0
O=C(N[C@H]1CC[C@H](CCN2CCC(c3cccc4c3CCO4)CC2)CC1)C1CC1,6.817015033,train,0
O=C(N[C@H]1CC[C@H](CCN2CCC(c3cccc4c3CCO4)CC2)CC1)C1CC1(F)F,6.625618302,train,0
O=C(N[C@H]1CC[C@H](CCN2CCC(c3cccc4c3CCO4)CC2)CC1)C1CCC1,6.836242476,train,0
O=C(N[C@H]1CC[C@H](CCN2CCC(c3cccc4c3CCO4)CC2)CC1)C1CCCO1,6.427593132,train,0
O=C(N[C@H]1CC[C@H](CCN2CCC(c3cccc4c3CCO4)CC2)CC1)C1CCCOC1,6.197910742,train,0
O=C(N[C@H]1CC[C@H](CCN2CCC(c3cccc4c3CCO4)CC2)CC1)C1CCOC1,6.866461092,train,0
O=C(N[C@H]1CC[C@H](CCN2CCC(c3cccc4c3CCO4)CC2)CC1)C1CCOCC1,6.144299169,train,0
O=C(N[C@H]1CC[C@H](CCN2CCC(c3cccc4c3CCO4)CC2)CC1)c1ccc(-c2ccccc2)cc1,6.298950369,train,0
O=C(N[C@H]1CC[C@H](CCN2CCC(c3cccc4c3CCO4)CC2)CC1)c1ccc(-c2cccnc2)cc1,6.996539468,train,0
O=C(N[C@H]1CC[C@H](CCN2CCC(c3cccc4c3CCO4)CC2)CC1)c1ccc(-n2cccc2)cc1,7.064996849,train,0
O=C(N[C@H]1CC[C@H](CCN2CCC(c3cccc4c3CCO4)CC2)CC1)c1ccc(-n2cccn2)cc1,5.769295686,train,0
O=C(N[C@H]1CC[C@H](CCN2CCC(c3cccc4c3CCO4)CC2)CC1)c1ccc(C(F)(F)F)cc1,5.83499322,train,0
O=C(N[C@H]1CC[C@H](CCN2CCC(c3cccc4c3CCO4)CC2)CC1)c1ccc(Cl)cc1,7.137272472,train,0
O=C(N[C@H]1CC[C@H](CCN2CCC(c3cccc4c3CCO4)CC2)CC1)c1ccc(Cl)cc1Cl,6.629857153,train,0
O=C(N[C@H]1CC[C@H](CCN2CCC(c3cccc4c3CCO4)CC2)CC1)c1ccc(F)cc1,7.126679398,train,0
O=C(N[C@H]1CC[C@H](CCN2CCC(c3cccc4c3CCO4)CC2)CC1)c1ccc(N2CCCCC2)cc1,5.643343248,train,0
O=C(N[C@H]1CC[C@H](CCN2CCC(c3cccc4c3CCO4)CC2)CC1)c1ccc(N2CCOCC2)cc1,6.889073758,train,0
O=C(N[C@H]1CC[C@H](CCN2CCC(c3cccc4c3CCO4)CC2)CC1)c1ccc(N2CCOCC2)nc1,6.035976207,train,0
O=C(N[C@H]1CC[C@H](CCN2CCC(c3cccc4c3CCO4)CC2)CC1)c1ccc(N2CCS(=O)(=O)CC2)cc1,6.481354476,train,0
O=C(N[C@H]1CC[C@H](CCN2CCC(c3cccc4c3CCO4)CC2)CC1)c1ccc2c(c1)OCO2,6.091622228,train,0
O=C(N[C@H]1CC[C@H](CCN2CCC(c3cccc4c3CCO4)CC2)CC1)c1ccccc1,6.495257364,train,0
O=C(N[C@H]1CC[C@H](CCN2CCC(c3cccc4c3CCO4)CC2)CC1)c1ccnc2ccccc12,6.248720896,train,0
O=C(N[C@H]1CC[C@H](CCN2CCC(c3cccc4c3OCO4)CC2)CC1)C(F)(F)F,6.459520363,train,0
O=C(N[C@H]1CC[C@H](CCN2CCC(c3cccc4c3OCO4)CC2)CC1)C(O)C(F)(F)F,6.626168855,train,0
O=C(N[C@H]1CC[C@H](CCN2CCC(c3cccc4c3OCO4)CC2)CC1)C1(C(F)(F)F)CC1,6.608112608,train,0
O=C(N[C@H]1CC[C@H](CCN2CCC(c3cccc4c3OCO4)CC2)CC1)C1(O)CC1,6.608500324,train,0
O=C(N[C@H]1CC[C@H](CCN2CCC(c3cccc4c3OCO4)CC2)CC1)C1(O)CCCCC1,6.65787353,train,0
O=C(N[C@H]1CC[C@H](CCN2CCC(c3cccc4c3OCO4)CC2)CC1)C1CC(Cl)C1,6.514108295,train,0
O=C(N[C@H]1CC[C@H](CCN2CCC(c3cccc4c3OCO4)CC2)CC1)C1CC1(F)F,6.709431201,train,0
O=C(N[C@H]1CC[C@H](CCN2CCC(c3cccc4c3OCO4)CC2)CC1)C1CCC1,6.994390555,train,0
O=C(N[C@H]1CC[C@H](CCN2CCC(c3cccc4c3OCO4)CC2)CC1)C1CCCO1,6.332827328,train,0
O=C(N[C@H]1CC[C@H](CCN2CCC(c3cccc4c3OCO4)CC2)CC1)C1CCOC1,6.778846678,train,0
O=C(N[C@H]1CC[C@H](CCN2CCC(c3cccc4c3OCO4)CC2)CC1)C1CCOCC1,6.733439061,train,0
O=C(N[C@H]1CC[C@H](CCN2CCC(c3cccc4c3OCO4)CC2)CC1)C1CCS(=O)(=O)C1,6.882728704,train,0
O=C(N[C@H]1CC[C@H](CCN2CCC(c3cccc4c3OCO4)CC2)CC1)C1COc2ccccc2C1,5.97939843,train,0
O=C(N[C@H]1CC[C@H](CCN2CCC(c3cccc4c3OCO4)CC2)CC1)N1CCc2ccccc21,6.637913547,train,0
O=C(N[C@H]1CC[C@H](CCN2CCC(c3cccc4c3OCO4)CC2)CC1)[C@@H](O)C(F)(F)F,6.545566772,train,0
O=C(N[C@H]1CC[C@H](CCN2CCC(c3cccc4c3OCO4)CC2)CC1)[C@H](O)C(F)(F)F,6.677801386,train,0
O=C(N[C@H]1CC[C@H](CCN2CCC(c3cccc4c3OCO4)CC2)CC1)c1ccc(Cl)cc1,6.830031826,train,0
O=C(N[C@H]1CC[C@H](CCN2CCC(c3cccc4c3OCO4)CC2)CC1)c1ccc(F)cc1,6.629024551,train,0
O=C(N[C@H]1CC[C@H](CCN2CCC(c3cccc4c3OCO4)CC2)CC1)c1ccc(N2CCOCC2)cc1,6.22596504,train,0
O=C(N[C@H]1CC[C@H](CCN2CCC(c3cccc4c3OCO4)CC2)CC1)c1ccc2c(c1)OCCO2,6.460497347,train,0
O=C(N[C@H]1CC[C@H](CCN2CCC(c3cccc4c3OCO4)CC2)CC1)c1ccccc1,6.915852867,train,0
O=C(N[C@H]1CC[C@H](CCN2CCC(c3cccc4c3OCO4)CC2)CC1)c1ccnc2ccccc12,6.430415433,train,0
O=C(N[C@H]1CC[C@H](CCN2CCC(c3cccc4occc34)CC2)CC1)C1CCOCC1,6.514278574,train,0
O=C(N[C@H]1CC[C@H](CCN2CCC(c3coc4ccccc34)CC2)CC1)C(F)(F)F,7.414877814,train,0
O=C(N[C@H]1CC[C@H](CCN2CCC(c3coc4ccccc34)CC2)CC1)C(O)C(F)(F)F,7.324313291,train,0
O=C(N[C@H]1CC[C@H](CCN2CCC(c3coc4ccccc34)CC2)CC1)C1(O)CC1,7.314347816,train,0
O=C(N[C@H]1CC[C@H](CCN2CCC(c3coc4ccccc34)CC2)CC1)C12CC3CC(CC(C3)C1)C2,6.885422373,train,0
O=C(N[C@H]1CC[C@H](CCN2CCC(c3coc4ccccc34)CC2)CC1)C1CC1,7.625618302,train,0
O=C(N[C@H]1CC[C@H](CCN2CCC(c3coc4ccccc34)CC2)CC1)C1CC1(F)F,7.535957795,train,0
O=C(N[C@H]1CC[C@H](CCN2CCC(c3coc4ccccc34)CC2)CC1)C1CCC(C(F)(F)F)CC1,7.130944381,train,0
O=C(N[C@H]1CC[C@H](CCN2CCC(c3coc4ccccc34)CC2)CC1)C1CCC1,7.408378962,train,0
O=C(N[C@H]1CC[C@H](CCN2CCC(c3coc4ccccc34)CC2)CC1)C1CCCO1,7.083651348,train,0
O=C(N[C@H]1CC[C@H](CCN2CCC(c3coc4ccccc34)CC2)CC1)C1CCCOC1,7.419189027,train,0
O=C(N[C@H]1CC[C@H](CCN2CCC(c3coc4ccccc34)CC2)CC1)C1CCOC1,7.267847582,train,0
O=C(N[C@H]1CC[C@H](CCN2CCC(c3coc4ccccc34)CC2)CC1)C1CCOCC1,7.4165745,train,0
O=C(N[C@H]1CC[C@H](CCN2CCC(c3coc4ccccc34)CC2)CC1)c1ccc(-c2ccccc2)cc1,7.636200055,train,0
O=C(N[C@H]1CC[C@H](CCN2CCC(c3coc4ccccc34)CC2)CC1)c1ccc(-c2cccnc2)cc1,7.751536282,train,0
O=C(N[C@H]1CC[C@H](CCN2CCC(c3coc4ccccc34)CC2)CC1)c1ccc(-n2cccc2)cc1,7.452717692,train,0
O=C(N[C@H]1CC[C@H](CCN2CCC(c3coc4ccccc34)CC2)CC1)c1ccc(-n2cccn2)cc1,7.319664487,train,0
O=C(N[C@H]1CC[C@H](CCN2CCC(c3coc4ccccc34)CC2)CC1)c1ccc(C(F)(F)F)cc1,6.815848224,train,0
O=C(N[C@H]1CC[C@H](CCN2CCC(c3coc4ccccc34)CC2)CC1)c1ccc(C2CC2)cc1,6.448245127,train,0
O=C(N[C@H]1CC[C@H](CCN2CCC(c3coc4ccccc34)CC2)CC1)c1ccc(Cl)cc1,7.571865206,train,0
O=C(N[C@H]1CC[C@H](CCN2CCC(c3coc4ccccc34)CC2)CC1)c1ccc(Cl)cc1Cl,7.407046428,train,0
O=C(N[C@H]1CC[C@H](CCN2CCC(c3coc4ccccc34)CC2)CC1)c1ccc(F)cc1,7.15558496,train,0
O=C(N[C@H]1CC[C@H](CCN2CCC(c3coc4ccccc34)CC2)CC1)c1ccc(N2CCCCC2)cc1,6.460698026,train,0
O=C(N[C@H]1CC[C@H](CCN2CCC(c3coc4ccccc34)CC2)CC1)c1ccc(N2CCOCC2)cc1,6.390064265,train,0
O=C(N[C@H]1CC[C@H](CCN2CCC(c3coc4ccccc34)CC2)CC1)c1ccc(N2CCOCC2)nc1,7.277366077,train,0
O=C(N[C@H]1CC[C@H](CCN2CCC(c3coc4ccccc34)CC2)CC1)c1ccc(N2CCS(=O)(=O)CC2)cc1,7.694218849,train,0
O=C(N[C@H]1CC[C@H](CCN2CCC(c3coc4ccccc34)CC2)CC1)c1ccc2c(c1)OCO2,7.528268349,train,0
O=C(N[C@H]1CC[C@H](CCN2CCC(c3coc4ccccc34)CC2)CC1)c1ccccc1,7.477295007,train,0
O=C(N[C@H]1CC[C@H](CCN2CCC(c3coc4ccccc34)CC2)CC1)c1ccnc2ccccc12,7.010194349,train,0
O=C(N[C@H]1CC[C@H](CCN2CCC(c3coc4ccccc34)CC2)CC1)c1cnc(N2CCOCC2)cn1,6.972283538,train,0
O=C(N[C@H]1CC[C@H](CCN2CCN(c3cccc4c3OCO4)CC2)CC1)C(F)(F)F,6.941460102,train,0
O=C(N[C@H]1CC[C@H](CCN2CCN(c3cccc4c3OCO4)CC2)CC1)C1(O)CC1,7.204467557,train,0
O=C(N[C@H]1CC[C@H](CCN2CCN(c3cccc4c3OCO4)CC2)CC1)C1(O)CCC1,7.065804651,train,0
O=C(N[C@H]1CC[C@H](CCN2CCN(c3cccc4c3OCO4)CC2)CC1)C1(O)CCCC1,6.90319423,train,0
O=C(N[C@H]1CC[C@H](CCN2CCN(c3cccc4c3OCO4)CC2)CC1)C1(O)CCCCC1,6.753501419,train,0
O=C(N[C@H]1CC[C@H](CCN2CCN(c3cccc4c3OCO4)CC2)CC1)C1CC(Cl)C1,7.085868487,train,0
O=C(N[C@H]1CC[C@H](CCN2CCN(c3cccc4c3OCO4)CC2)CC1)C1CC1(F)F,6.838691905,train,0
O=C(N[C@H]1CC[C@H](CCN2CCN(c3cccc4c3OCO4)CC2)CC1)C1CCC1,7.035551792,train,0
O=C(N[C@H]1CC[C@H](CCN2CCN(c3cccc4c3OCO4)CC2)CC1)C1CCCO1,6.929444984,train,0
O=C(N[C@H]1CC[C@H](CCN2CCN(c3cccc4c3OCO4)CC2)CC1)C1CCOCC1,6.657794521,train,0
O=C(N[C@H]1CC[C@H](CCN2CCN(c3cccc4c3OCO4)CC2)CC1)C1CCS(=O)(=O)C1,7.222210813,train,0
O=C(N[C@H]1CC[C@H](CCN2CCN(c3cccc4c3OCO4)CC2)CC1)C1COc2ccccc2C1,6.24151959,train,0
O=C(N[C@H]1CC[C@H](CCN2CCN(c3cccc4c3OCO4)CC2)CC1)N1CCc2ccccc21,6.615682435,train,0
O=C(N[C@H]1CC[C@H](CCN2CCN(c3cccc4c3OCO4)CC2)CC1)c1ccc(F)cc1,7.078261516,train,0
O=C(N[C@H]1CC[C@H](CCN2CCN(c3cccc4c3OCO4)CC2)CC1)c1ccc(N2CCOCC2)cc1,5.82066656,train,0
O=C(N[C@H]1CC[C@H](CCN2CCN(c3cccc4c3OCO4)CC2)CC1)c1ccc2c(c1)OCCO2,5.316984499,train,0
O=C(N[C@H]1CC[C@H](CCN2CCN(c3cccc4c3OCO4)CC2)CC1)c1ccccc1,6.568362877,train,0
O=C(N[C@H]1CC[C@H](CCN2CCN(c3cccc4c3OCO4)CC2)CC1)c1cccnc1,7.049683836,train,0
O=C(N[C@H]1CC[C@H](CCN2CCN(c3cccc4c3OCO4)CC2)CC1)c1ccnc2ccccc12,6.292319135,train,0
O=C(N[C@H]1CC[C@H](CCN2CCN(c3nccc4c3CCO4)CC2)CC1)C(F)(F)F,6.111090741,train,0
O=C(N[C@H]1CC[C@H](CCN2CCN(c3nccc4c3CCO4)CC2)CC1)C(O)C(F)(F)F,6.073863429,train,0
O=C(N[C@H]1CC[C@H](CCN2CCN(c3nccc4c3CCO4)CC2)CC1)C1(O)CC1,6.226286675,train,0
O=C(N[C@H]1CC[C@H](CCN2CCN(c3nccc4c3CCO4)CC2)CC1)C1(O)CCC1,6.017909761,train,0
O=C(N[C@H]1CC[C@H](CCN2CCN(c3nccc4c3CCO4)CC2)CC1)C1CC1,6.312827895,train,0
O=C(N[C@H]1CC[C@H](CCN2CCN(c3nccc4c3CCO4)CC2)CC1)C1CC1(F)F,6.357238797,train,0
O=C(N[C@H]1CC[C@H](CCN2CCN(c3nccc4c3CCO4)CC2)CC1)C1CCC1,6.254925208,train,0
O=C(N[C@H]1CC[C@H](CCN2CCN(c3nccc4c3CCO4)CC2)CC1)C1CCCO1,5.98088371,train,0
O=C(N[C@H]1CC[C@H](CCN2CCN(c3nccc4c3CCO4)CC2)CC1)C1CCCOC1,6.114751892,train,0
O=C(N[C@H]1CC[C@H](CCN2CCN(c3nccc4c3CCO4)CC2)CC1)C1CCOC1,6.214314332,train,0
O=C(N[C@H]1CC[C@H](CCN2CCN(c3nccc4c3CCO4)CC2)CC1)C1CCOCC1,6.297138829,train,0
O=C(N[C@H]1CC[C@H](CCN2CCN(c3nccc4c3CCO4)CC2)CC1)c1ccc(-c2ccccc2)cc1,5.94577009,train,0
O=C(N[C@H]1CC[C@H](CCN2CCN(c3nccc4c3CCO4)CC2)CC1)c1ccc(-c2cccnc2)cc1,6.649945906,train,0
O=C(N[C@H]1CC[C@H](CCN2CCN(c3nccc4c3CCO4)CC2)CC1)c1ccc(-n2cccc2)cc1,6.784362437,train,0
O=C(N[C@H]1CC[C@H](CCN2CCN(c3nccc4c3CCO4)CC2)CC1)c1ccc(-n2cccn2)cc1,6.319664487,train,0
O=C(N[C@H]1CC[C@H](CCN2CCN(c3nccc4c3CCO4)CC2)CC1)c1ccc(C(F)(F)F)cc1,6.059383918,train,0
O=C(N[C@H]1CC[C@H](CCN2CCN(c3nccc4c3CCO4)CC2)CC1)c1ccc(Cl)cc1Cl,6.284581677,train,0
O=C(N[C@H]1CC[C@H](CCN2CCN(c3nccc4c3CCO4)CC2)CC1)c1ccc(F)cc1,6.464832515,train,0
O=C(N[C@H]1CC[C@H](CCN2CCN(c3nccc4c3CCO4)CC2)CC1)c1ccc(N2CCCCC2)cc1,5.272377422,train,0
O=C(N[C@H]1CC[C@H](CCN2CCN(c3nccc4c3CCO4)CC2)CC1)c1ccc(N2CCOCC2)cc1,6.061430244,train,0
O=C(N[C@H]1CC[C@H](CCN2CCN(c3nccc4c3CCO4)CC2)CC1)c1ccc(N2CCOCC2)nc1,6.000260655,train,0
O=C(N[C@H]1CC[C@H](CCN2CCN(c3nccc4c3CCO4)CC2)CC1)c1ccc(N2CCS(=O)(=O)CC2)cc1,6.929592678,train,0
O=C(N[C@H]1CC[C@H](CCN2CCN(c3nccc4c3CCO4)CC2)CC1)c1ccc2c(c1)OCO2,5.471983659,train,0
O=C(N[C@H]1CC[C@H](CCN2CCN(c3nccc4c3CCO4)CC2)CC1)c1ccc2ncccc2c1,6.299642472,train,0
O=C(N[C@H]1CC[C@H](CCN2CCN(c3nccc4c3CCO4)CC2)CC1)c1ccnc2ccccc12,6.260823368,train,0
O=C(N[C@H]1CC[C@H](CCN2CCN(c3nccc4c3CCO4)CC2)CC1)c1cnc(N2CCOCC2)cn1,6.294992041,train,0
O=C(N[C@H]1CC[C@H](CCN2CCN(c3nccc4occc34)CC2)CC1)C1CC1,6.581698709,train,0
O=C(N[C@H]1CC[C@H](CCN2CCN(c3nccc4occc34)CC2)CC1)C1CCOCC1,6.287350298,train,0
O=C(N[C@H]1CC[C@H](CCN2CCN(c3nccc4occc34)CC2)CC1)c1ccnc2ccccc12,6.335358024,train,0
O=C(N[C@H]1CC[C@H](CCN2CCN(c3nccc4sccc34)CC2)CC1)C1CCOCC1,6.003050752,train,0
O=C(N[C@H]1CC[C@H](CCN2CCN(c3nsc4cc([N+](=O)[O-])ccc34)CC2)CC1)c1ccco1,7.568636236,train,0
O=C(N[C@H]1C[C@@H]2CC[C@H](C1)N2Cc1ccco1)c1ccc2ccccc2c1,6.691435586,train,0
O=C(Nc1ccc(Cl)cc1)N[C@H]1CC[C@H](CCN2CCC(c3cccc4c3OCO4)CC2)CC1,5.567348133,train,0
O=C(Nc1ccc(Cl)cc1)N[C@H]1CC[C@H](CCN2CCN(c3cccc4c3OCO4)CC2)CC1,6.798766791,train,0
O=C(Nc1cccc(CCN2CCN(c3ccccc3)CC2)c1)Nc1ccccn1,6.437707136,train,0
O=C(O)CN1CCN(c2ccc3ccccc3n2)CC1,6.036212173,train,0
O=C(c1ccccc1)c1ccccc1OCCN1CCCC1,5.274251667,train,0
O=C1CC(CN2CC=C(c3c[nH]c4cc(F)ccc34)CC2)Cc2nc(N3CCCC3)sc21,7.252199909,train,0
O=C1CC(CN2CCC(C(=O)c3ccc(F)cc3)CC2)Cc2occc21,6.916300861,train,0
O=C1CC(CN2CCC(c3c[nH]c4cc(F)ccc34)CC2)Cc2nc(N3CCCC3)sc21,6.797266542,train,0
O=C1CC(c2c[nH]c3ccc(F)cc23)C(=O)N1CCCCN1CCC(c2c[nH]c3ccc(F)cc23)CC1,7.698970004,train,0
O=C1CC(c2c[nH]c3ccc(F)cc23)C(=O)N1CCCCN1CCC(c2c[nH]c3ccccc23)CC1,6.718966633,train,0
O=C1CC(c2c[nH]c3ccccc23)C(=O)N1CCCCN1CCC(c2c[nH]c3ccc(F)cc23)CC1,7.823908741,train,0
O=C1CC(c2c[nH]c3ccccc23)C(=O)N1CCN1CCC(c2c[nH]c3ccc(F)cc23)CC1,7.091514981,train,0
O=C1CCOc2c(OCCNCCCCc3ccc(Cl)cc3)cc(F)cc21,7.477555766,train,0
O=C1CCOc2c(OCCNCCCCc3ccc(O)cc3)cc(F)cc21,7.614393726,train,0
O=C1CCOc2c(OCCNCCCCc3ccc4c(c3)CCO4)cc(F)cc21,7.295849483,train,0
O=C1CCOc2c(OCCNCCCCc3ccc4c(c3)OCCO4)cc(F)cc21,7.583359493,train,0
O=C1CCOc2c(OCCNCCCCc3ccc4c(c3)OCO4)cc(F)cc21,7.36552273,train,0
O=C1CCOc2c(OCCNCCCCc3ccccc3)cc(F)cc21,7.347753659,train,0
O=C1CCc2ccc(CC3C4CCC3CN(C[C@@H]3COc5c(ccc6c5CC(=O)N6)O3)C4)cc2N1,8.13667714,train,0
O=C1CCc2ccc(CC3CC4CCC(C3)N4C[C@@H]3COc4c(ccc5c4CC(=O)N5)O3)cc2N1,7.769551079,train,0
O=C1CCc2ccc(CC3CCN(C[C@@H]4COc5c(ccc6c5CC(=O)N6)O4)CC3)cc2N1,8.045757491,train,0
O=C1CCc2ccc(CO[C@@H]3C[C@H]3CN3CCN(c4cccc(Cl)c4Cl)CC3)cc2N1,6.627087997,train,0
O=C1CCc2ccc(OC3CCN(C[C@@H]4COc5c(ccc6c5CC(=O)N6)O4)CC3)cc2N1,8.455931956,train,0
O=C1CCc2ccc(OCCCCNCCc3cn(S(=O)(=O)c4ccccc4)c4ccccc34)cc2N1,6.91721463,train,0
O=C1CCc2ccccc2N1CCCN1CCC(c2ccc3[nH]ccc3c2)CC1,7.366531544,train,0
O=C1COc2ccccc2N1CCCN1CCN(c2cccc3[nH]c(=O)oc23)CC1,8.565601396,train,0
O=C1Cc2ccccc2C(=C2CCN(CCCCN3C(=O)c4ccccc4C3=O)CC2)c2ccsc21,5.93930216,train,0
O=C1N(CCN2Cc3ccccc3C2)CCN1Cc1cccc(C(F)(F)F)c1,6.598272138,train,0
O=C1N(CCN2Cc3ccccc3C2)CCN1c1csc2ccccc12,5.899653583,train,0
O=C1NCCN1CCN1CCC(c2cn(-c3ccc(F)cc3)c3ccc(Cl)cc23)CC1,8.838631998,train,0
O=C1NCc2cc(Cl)c(OCCCCN3CCN(c4cccc5cccc(F)c45)CC3)cc21,8.160521953,train,0
O=C1NCc2cc(Cl)c(OCCCCN3CCN(c4cccc5ccccc45)CC3)cc21,7.986741335,train,0
O=C1NCc2cc(Cl)c(OCCCN3CCN(c4cccc5cccc(F)c45)CC3)cc21,7.59345982,train,0
O=C1NCc2cc(Cl)c(OCCCN3CCN(c4cccc5ccccc45)CC3)cc21,7.279014256,train,0
O=C1NCc2cc(F)c(OCCCCN3CCN(c4cccc5cc(F)ccc45)CC3)cc21,8.723308471,train,0
O=C1NCc2cc(F)c(OCCCCN3CCN(c4cccc5ccccc45)CC3)cc21,8.726535727,train,0
O=C1NCc2cc(F)c(OCCCN3CCN(c4cccc5cc(F)ccc45)CC3)cc21,8.543633967,train,0
O=C1NCc2cc(F)c(OCCCN3CCN(c4cccc5ccc(F)cc45)CC3)cc21,8.166852888,train,0
O=C1NCc2cc(F)c(OCCCN3CCN(c4cccc5ccccc45)CC3)cc21,8.003488328,train,0
O=C1NCc2ccc(OCCCCN3CCN(c4cccc5cc(F)ccc45)CC3)c(F)c21,7.774045407,train,0
O=C1NCc2ccc(OCCCCN3CCN(c4cccc5ccc(F)cc45)CC3)c(F)c21,8.170567585,train,0
O=C1NCc2ccc(OCCCCN3CCN(c4cccc5cccc(F)c45)CC3)c(Cl)c21,7.964170175,train,0
O=C1NCc2ccc(OCCCCN3CCN(c4cccc5ccccc45)CC3)c(F)c21,7.631806929,train,0
O=C1NCc2ccc(OCCCN3CCN(c4cccc5c4CCO5)CC3)cc21,7.882728704,train,0
O=C1NCc2ccc(OCCCN3CCN(c4cccc5c4COCC5)CC3)cc21,6.536107011,train,0
O=C1NCc2ccc(OCCCN3CCN(c4cccc5c4OCCC5)CC3)cc21,8.262012674,train,0
O=C1NCc2ccc(OCCCN3CCN(c4cccc5cc(F)c(F)cc45)CC3)cc21,7.950781977,train,0
O=C1NCc2ccc(OCCCN3CCN(c4cccc5cc(F)ccc45)CC3)c(F)c21,8.018181393,train,0
O=C1NCc2ccc(OCCCN3CCN(c4cccc5cc(F)ccc45)CC3)cc21,7.341988603,train,0
O=C1NCc2ccc(OCCCN3CCN(c4cccc5ccc(F)cc45)CC3)c(F)c21,7.946921557,train,0
O=C1NCc2ccc(OCCCN3CCN(c4cccc5cccc(F)c45)CC3)c(Cl)c21,7.999565923,train,0
O=C1NCc2ccc(OCCCN3CCN(c4cccc5ccccc45)CC3)c(Cl)c21,7.935542011,train,0
O=C1NCc2ccc(OCCCN3CCN(c4cccc5ccccc45)CC3)c(F)c21,7.829738285,train,0
O=C1Nc2cccc3c2[C@]1(CCCCN1CC=C(c2ccccc2)CC1)CCC3,6.974694135,train,0
O=C1[C@@H]2CCCN2C(=O)CN1CN1CCN(c2cccc3ccccc23)CC1,6.714442691,train,0
O=C1c2cc(Cl)c(Cl)cc2CC1CCN1CCN(c2ccccn2)CC1,5.511218817,train,0
O=C1c2cc(Cl)ccc2CC1CCN1CCN(c2ccccn2)CC1,5.347670417,train,0
O=C1c2cc3ccccc3n2CCN1CCCCN1CCN(c2ccc(Cl)cc2Cl)CC1,6.638272164,train,0
O=C1c2ccc(Cl)cc2CC1CCCCN1CCN(c2ccccn2)CC1,5.97775493,train,0
O=C1c2ccc(F)cc2CC1CCN1CCCN(c2ccc(Cl)cn2)CC1,6.438255157,train,0
O=C1c2ccc(F)cc2CC1CCN1CCCN(c2ccccn2)CC1,6.188208681,train,0
O=C1c2ccc(F)cc2CC1CCN1CCc2ccccc2C1,6.121893271,train,0
O=C1c2ccccc2C(=O)N1CCCCN1CC=C(c2c[nH]c3ccc(F)cc23)CC1,8.380697924,train,0
O=C1c2ccccc2C(=O)N1CCCCN1CCC(N(Cc2ccccc2)c2ccccc2)CC1,6.88941029,train,0
O=C1c2ccccc2C(=O)N1CCCCN1CCCN(C(c2ccccc2)c2ccc(Cl)cc2)CC1,6.643974143,train,0
O=C1c2ccccc2C(=O)N1CCCCN1CCN2c3ccccc3Cc3ccccc3C2C1,6.092051478,train,0
O=C1c2ccccc2S(=O)(=O)N1CCCCCCN1CCN(c2ccccc2C(F)(F)F)CC1,7.552841969,train,0
O=CC1=Cc2cn(S(=O)(=O)c3cccc4ccccc34)c3cccc(c23)O1,5.287097875,train,0
O=CN[C@H]1CC[C@H](CCN2CCC(c3cccc4c3CCO4)CC2)CC1,6.774174009,train,0
O=CN[C@H]1CC[C@H](CCN2CCC(c3coc4ccccc34)CC2)CC1,7.400553624,train,0
O=CN[C@H]1CC[C@H](CCN2CCN(c3nccc4c3CCO4)CC2)CC1,6.076652344,train,0
O=Cc1ccc(-c2ccc(C(=O)NC3CCN(Cc4ccccc4)C3)cc2)cc1,5.431680915,train,0
O=Cc1ccccc1-c1ccc(C(=O)NC2CCN(Cc3ccccc3)C2)cc1,5.508498234,train,0
O=Cc1cccn1C1CCN(Cc2ccccc2)CC1,5.838590586,train,0
O=Cc1cnn2ccc(-n3cc(CCN4CCN(c5cccc(Cl)c5Cl)CC4)nn3)cc12,7.983288122,train,0
O=S(=O)(CC(F)(F)F)N[C@H]1CC[C@H](CCN2CCN(c3cccc4c3OCO4)CC2)CC1,7.125866221,train,0
O=S(=O)(NC1CC2CCC(C1)N2CCOc1cccc(-c2ccccc2)c1)c1cccc(Cl)c1,7.022276395,train,0
O=S(=O)(NC1CCN(CC(O)COc2ccccc2-c2ccccc2)CC1)c1cccc(Cl)c1,6.463441557,train,0
O=S(=O)(NC1CCN(CCOc2cc(Cl)ccc2Cl)C1)c1ccc(Cl)s1,7.102372909,train,0
O=S(=O)(NC1CCN(CCOc2cccc(Cl)c2Cl)C1)c1ccc(Cl)s1,7.167491087,train,0
O=S(=O)(NC1CCN(CCOc2cccc(F)c2)C1)c1ccc(F)c(F)c1,6.280668713,train,0
O=S(=O)(NC1CCN(CCOc2cccc(F)c2)C1)c1cccs1,6.13667714,train,0
O=S(=O)(NC1CCN(CCOc2cccc3c2CCCC3)C1)c1cc(F)ccc1F,7.214670165,train,0
O=S(=O)(NC1CCN(CCOc2cccc3c2CCCC3)C1)c1ccc(F)cc1,7.13667714,train,0
O=S(=O)(NC1CCN(CCOc2cccc3c2CCCC3)C1)c1cccs1,7.13667714,train,0
O=S(=O)(NC1CCN(CCOc2ccccc2)C1)c1ccc(Cl)s1,6.496209317,train,0
O=S(=O)(NC1CCN(CCOc2ccccc2)C1)c1ccc(F)cc1,7.920818754,train,0
O=S(=O)(NC1CCN(CCOc2ccccc2)CC1)c1cccs1,7.070581074,train,0
O=S(=O)(NC1CCN(CCOc2ccccc2-c2ccccc2)C1)c1cc(F)ccc1F,7.721246399,train,0
O=S(=O)(NC1CCN(CCOc2ccccc2-c2ccccc2)C1)c1ccc(F)c(F)c1,7.602059991,train,0
O=S(=O)(NC1CCN(CCOc2ccccc2-c2ccccc2)C1)c1cccs1,7.769551079,train,0
O=S(=O)(NC1CCN(CCOc2ccccc2-c2ccccc2)CC1)c1ccc(F)c(F)c1,7.193820026,train,0
O=S(=O)(NC1CCN(CCOc2ccccc2-c2ccccc2)CC1)c1cccc(Cl)c1,7.065501549,train,0
O=S(=O)(NC1CCN(CCOc2ccccc2C2CCCC2)CC1)c1cccc(F)c1,6.490797478,train,0
O=S(=O)(NCC1CCN(CCOc2cccc(F)c2)CC1)c1ccc(F)cc1,6.075720714,train,0
O=S(=O)(NCC1CCN(CCOc2cccc(F)c2)CC1)c1cccc(Cl)c1,6.251037139,train,0
O=S(=O)(NCC1CCN(CCOc2cccc(F)c2)CC1)c1cccs1,5.974694135,train,0
O=S(=O)(NCC1CCN(CCOc2ccccc2-c2ccccc2)CC1)c1ccc(Cl)s1,7.48148606,train,0
O=S(=O)(NCC1CCN(CCOc2ccccc2-c2ccccc2)CC1)c1ccc(F)cc1,7.327902142,train,0
O=S(=O)(NCCCCN1CC=C(c2c[nH]c3ccc(Cl)cc23)CC1)c1ccc(Cl)cc1,8.259637311,train,0
O=S(=O)(NCCCCN1CC=C(c2c[nH]c3ccc(Cl)cc23)CC1)c1ccc(F)cc1,8.26760624,train,0
O=S(=O)(NCCCCN1CC=C(c2c[nH]c3ccc(Cl)cc23)CC1)c1ccc2ccccc2c1,8.443697499,train,0
O=S(=O)(NCCCCN1CC=C(c2c[nH]c3ccc(Cl)cc23)CC1)c1cccc(Cl)c1,8.698970004,train,0
O=S(=O)(NCCCCN1CC=C(c2c[nH]c3ccc(Cl)cc23)CC1)c1cccc(F)c1,8.552841969,train,0
O=S(=O)(NCCCCN1CC=C(c2c[nH]c3ccc(Cl)cc23)CC1)c1cccc(O)c1,8.455931956,train,0
O=S(=O)(NCCCCN1CC=C(c2c[nH]c3ccc(Cl)cc23)CC1)c1cccc2ccccc12,8.48148606,train,0
O=S(=O)(NCCCCN1CC=C(c2c[nH]c3ccc(F)cc23)CC1)c1ccc2ccccc2c1,8.886056648,train,0
O=S(=O)(NCCCCN1CCN(c2noc3ccccc23)CC1)c1cc2ccc(Cl)cc2s1,7.259637311,train,0
O=S(=O)(NCCCCN1CCN(c2noc3ccccc23)CC1)c1ccc(Cl)c(Cl)c1,7.236572006,train,0
O=S(=O)(NCCCCN1CCN(c2noc3ccccc23)CC1)c1ccc(F)c(Cl)c1,7.107905397,train,0
O=S(=O)(NCCCCN1CCN(c2noc3ccccc23)CC1)c1ccc(OC(F)(F)F)cc1,6.396855627,train,0
O=S(=O)(NCCCCN1CCN(c2noc3ccccc23)CC1)c1ccc2cc(Cl)ccc2c1,7.283996656,train,0
O=S(=O)(NCCCCN1CCN(c2noc3ccccc23)CC1)c1ccc2ccccc2c1,7.795880017,train,0
O=S(=O)(NCCCCN1CCN(c2noc3ccccc23)CC1)c1cccc2scnc12,6.76700389,train,0
O=S(=O)(NCCCCN1CCN(c2noc3ccccc23)CC1)c1cccs1,8.200659451,train,0
O=S(=O)(NCCCCN1CCN(c2noc3ccccc23)CC1)c1cnc2ccccn12,6.995678626,train,0
O=S(=O)(NCCCN1CC=C(c2c[nH]c3ccc(Cl)cc23)CC1)c1ccc(Cl)cc1,8.431798276,train,0
O=S(=O)(NCCCN1CC=C(c2c[nH]c3ccc(Cl)cc23)CC1)c1ccc(F)cc1,8.346787486,train,0
O=S(=O)(NCCCN1CC=C(c2c[nH]c3ccc(Cl)cc23)CC1)c1ccc2ccccc2c1,8.327902142,train,0
O=S(=O)(NCCCN1CC=C(c2c[nH]c3ccc(Cl)cc23)CC1)c1cccc(Cl)c1,8.180456064,train,0
O=S(=O)(NCCCN1CC=C(c2c[nH]c3ccc(Cl)cc23)CC1)c1cccc(F)c1,8.568636236,train,0
O=S(=O)(NCCCN1CC=C(c2c[nH]c3ccc(Cl)cc23)CC1)c1cccc(O)c1,8.443697499,train,0
O=S(=O)(NCCCN1CC=C(c2c[nH]c3ccc(Cl)cc23)CC1)c1cccc2ccccc12,8.420216403,train,0
O=S(=O)(NCCCN1CC=C(c2c[nH]c3ccc(F)cc23)CC1)c1ccc2ccccc2c1,8.769551079,train,0
O=S(=O)(NCCCN1CCN(c2noc3ccccc23)CC1)c1cc2ccc(Cl)cc2s1,7.508638306,train,0
O=S(=O)(NCCCN1CCN(c2noc3ccccc23)CC1)c1cc2ccccc2s1,7.795880017,train,0
O=S(=O)(NCCCN1CCN(c2noc3ccccc23)CC1)c1ccc(OC(F)(F)F)cc1,7.193820026,train,0
O=S(=O)(NCCCN1CCN(c2noc3ccccc23)CC1)c1ccc2ccccc2c1,5.142607189,train,0
O=S(=O)(NCCCN1CCN(c2noc3ccccc23)CC1)c1cccs1,7.251811973,train,0
O=S(=O)(NCCN1CC=C(c2c[nH]c3ccc(Cl)cc23)CC1)c1ccc(Cl)cc1,7.920818754,train,0
O=S(=O)(NCCN1CC=C(c2c[nH]c3ccc(Cl)cc23)CC1)c1ccc(F)cc1,7.958607315,train,0
O=S(=O)(NCCN1CC=C(c2c[nH]c3ccc(Cl)cc23)CC1)c1ccc2ccccc2c1,7.346787486,train,0
O=S(=O)(NCCN1CC=C(c2c[nH]c3ccc(Cl)cc23)CC1)c1cccc(Cl)c1,7.619788758,train,0
O=S(=O)(NCCN1CC=C(c2c[nH]c3ccc(Cl)cc23)CC1)c1cccc(F)c1,8.468521083,train,0
O=S(=O)(NCCN1CC=C(c2c[nH]c3ccc(Cl)cc23)CC1)c1cccc(O)c1,8.602059991,train,0
O=S(=O)(NCCN1CC=C(c2c[nH]c3ccc(Cl)cc23)CC1)c1cccc2ccccc12,7.420216403,train,0
O=S(=O)(NCCN1CC=C(c2c[nH]c3ccc(F)cc23)CC1)c1ccc2ccccc2c1,7.823908741,train,0
O=S(=O)(N[C@@H]1CCN(CCCc2noc3ccccc23)C1)c1cc2ccc(Cl)cc2s1,8.030677294,train,0
O=S(=O)(N[C@@H]1CCN(CCCc2noc3ccccc23)C1)c1cc2ccc(F)cc2s1,8.617442678,train,0
O=S(=O)(N[C@@H]1CCN(CCCc2noc3ccccc23)C1)c1cc2ccccc2o1,8.651695137,train,0
O=S(=O)(N[C@@H]1CCN(CCCc2noc3ccccc23)C1)c1cc2ccccc2s1,8.839621519,train,0
O=S(=O)(N[C@@H]1CCN(CCCc2noc3ccccc23)C1)c1ccc(F)c(Cl)c1,7.242376254,train,0
O=S(=O)(N[C@@H]1CCN(CCCc2noc3ccccc23)C1)c1ccc(F)cc1,7.015472687,train,0
O=S(=O)(N[C@@H]1CCN(CCCc2noc3ccccc23)C1)c1ccc2cc(Cl)ccc2c1,8.447331784,train,0
O=S(=O)(N[C@@H]1CCN(CCCc2noc3ccccc23)C1)c1ccc2ccccc2c1,8.920999748,train,0
O=S(=O)(N[C@@H]1CCN(CCCc2noc3ccccc23)C1)c1cccc(Cl)c1,7.242376254,train,0
O=S(=O)(N[C@@H]1CCN(CCCc2noc3ccccc23)C1)c1cccc2ccccc12,7.669180534,train,0
O=S(=O)(N[C@@H]1CCN(CCCc2noc3ccccc23)C1)c1csc2ccccc12,7.678815973,train,0
O=S(=O)(N[C@@H]1CCN(CCOc2ccccc2-c2ccccc2)C1)c1ccc(Cl)s1,7.397940009,train,0
O=S(=O)(N[C@@H]1CCN(CCOc2ccccc2-c2ccccc2)C1)c1ccc(F)cc1,7.769551079,train,0
O=S(=O)(N[C@H]1CCN(CCCc2noc3ccccc23)C1)c1cc2ccc(Cl)cc2s1,7.447696891,train,0
O=S(=O)(N[C@H]1CCN(CCCc2noc3ccccc23)C1)c1cc2ccc(F)cc2s1,7.726304412,train,0
O=S(=O)(N[C@H]1CCN(CCCc2noc3ccccc23)C1)c1cc2ccccc2o1,8.178945245,train,0
O=S(=O)(N[C@H]1CCN(CCCc2noc3ccccc23)C1)c1cc2ccccc2s1,7.763966853,train,0
O=S(=O)(N[C@H]1CCN(CCCc2noc3ccccc23)C1)c1ccc(F)c(Cl)c1,6.767461282,train,0
O=S(=O)(N[C@H]1CCN(CCCc2noc3ccccc23)C1)c1ccc(F)cc1,6.488664864,train,0
O=S(=O)(N[C@H]1CCN(CCCc2noc3ccccc23)C1)c1ccc2cc(Cl)ccc2c1,6.985773571,train,0
O=S(=O)(N[C@H]1CCN(CCCc2noc3ccccc23)C1)c1ccc2ccccc2c1,7.820161072,train,0
O=S(=O)(N[C@H]1CCN(CCCc2noc3ccccc23)C1)c1cccc(Cl)c1,6.995678626,train,0
O=S(=O)(N[C@H]1CCN(CCCc2noc3ccccc23)C1)c1cccc2ccccc12,7.476773958,train,0
O=S(=O)(N[C@H]1CCN(CCCc2noc3ccccc23)C1)c1csc2ccccc12,7.350178537,train,0
O=S(=O)(N[C@H]1CCN(CCOc2ccccc2-c2ccccc2)C1)c1ccc(Cl)s1,8.045757491,train,0
O=S(=O)(N[C@H]1CCN(CCOc2ccccc2-c2ccccc2)C1)c1ccc(F)cc1,7.958607315,train,0
O=S(=O)(N[C@H]1CC[C@@H](N2CCC(c3ccccc3OC3CC3)CC2)CC1)c1cc(Cl)ccc1F,6.725842151,train,0
O=S(=O)(N[C@H]1CC[C@@H](N2CCC(c3ccccc3OCC(F)(F)F)CC2)CC1)c1cc(Cl)ccc1F,7.102372909,train,0
O=S(=O)(N[C@H]1CC[C@H](CCN2CCC(c3cccc4c3CCO4)CC2)CC1)c1ccc(F)cc1,6.975514332,train,0
O=S(=O)(N[C@H]1CC[C@H](CCN2CCC(c3cccc4c3CCO4)CC2)CC1)c1ccccc1,6.857923539,train,0
O=S(=O)(N[C@H]1CC[C@H](CCN2CCC(c3cccc4c3OCO4)CC2)CC1)N1CCOCC1,6.63746098,train,0
O=S(=O)(N[C@H]1CC[C@H](CCN2CCC(c3cccc4c3OCO4)CC2)CC1)c1ccc(F)cc1,6.977901703,train,0
O=S(=O)(N[C@H]1CC[C@H](CCN2CCC(c3cccc4c3OCO4)CC2)CC1)c1ccccc1,7.190777078,train,0
O=S(=O)(N[C@H]1CC[C@H](CCN2CCN(c3cccc4c3OCO4)CC2)CC1)N1CCOCC1,7.19388789,train,0
O=S(=O)(N[C@H]1CC[C@H](CCN2CCN(c3cccc4c3OCO4)CC2)CC1)c1ccc(F)cc1,7.326242063,train,0
O=S(=O)(N[C@H]1CC[C@H](CCN2CCN(c3cccc4c3OCO4)CC2)CC1)c1ccccc1,7.134126472,train,0
O=S(=O)(N[C@H]1CC[C@H](CCN2CCN(c3nccc4c3CCO4)CC2)CC1)c1ccc(F)cc1,6.617982957,train,0
O=S(=O)(N[C@H]1CC[C@H](CCN2CCN(c3nccc4c3CCO4)CC2)CC1)c1ccccc1,6.613322716,train,0
O=S(=O)(N[C@H]1CC[C@H](N2CCC(c3ccccc3OC3CC3)CC2)CC1)c1cc(Cl)ccc1F,6.795880017,train,0
O=S(=O)(N[C@H]1CC[C@H](N2CCC(c3ccccc3OCC(F)(F)F)CC2)CC1)c1cc(Cl)ccc1F,7.420216403,train,0
O=S(=O)(c1ccc(F)cc1)C1(F)CCN(CCc2ccc(F)cc2F)CC1,6.505154981,train,0
O=S(=O)(c1ccc(F)cc1)N(CC1CC1)C1CCN(CCOc2ccccc2-c2ccccc2)CC1,7.420216403,train,0
O=S(=O)(c1ccc(N2CCC2)cc1)C1(F)CCN(CCc2ccc(F)cc2F)CC1,5.698752911,train,0
O=S(=O)(c1ccc2cccnc2c1)n1cc(C2=CCNCC2)c2cc(Cl)ccc21,5.932185489,train,0
O=S(=O)(c1ccc2ncccc2c1)n1cc(C2=CCNCC2)c2ccccc21,5.850472986,train,0
O=S(=O)(c1cccc(F)c1)C1(F)CCN(CCc2ccc(F)cc2F)CC1,6.101274818,train,0
O=S(=O)(c1cccc(F)c1)n1ccc2c(N3CCNCC3)nc3ccccc3c21,5.357238797,train,0
O=S(=O)(c1cccc2ccccc12)c1nn(Cc2ccccc2)c2ccc(N3CCNCC3)cc12,6.217527376,train,0
O=S(=O)(c1cccc2ccccc12)n1cc2c3c(cccc31)OC(CO)=C2,5.367745223,train,0
O=S(=O)(c1cccc2cnccc12)N1CCC[C@@H]1CCN1CCN(c2cccc3sccc23)CC1,8.22184875,train,0
O=S(=O)(c1cccc2cnccc12)N1CCC[C@H]1CCN1CCN(c2cccc3sccc23)CC1,8.22184875,train,0
O=S(=O)(c1cccc2ncccc12)N1CCCCC[C@H]1CCN1CCN(c2cccc3sccc23)CC1,7.958607315,train,0
O=S(=O)(c1cccc2ncccc12)N1CCCCC[C@H]1CCN1CCN(c2nsc3ccccc23)CC1,8.301029996,train,0
O=S(=O)(c1cccc2ncccc12)N1CCCC[C@@H]1CCN1CCN(c2cccc3sccc23)CC1,7.657577319,train,0
O=S(=O)(c1cccc2ncccc12)N1CCCC[C@@H]1CCN1CCN(c2nsc3ccccc23)CC1,8.096910013,train,0
O=S(=O)(c1cccc2ncccc12)N1CCC[C@@H]1CCN1CC=C(c2c[nH]c3ccc(Cl)cc23)CC1,7.795880017,train,0
O=S(=O)(c1cccc2ncccc12)N1CCC[C@@H]1CCN1CCN(c2cccc3[nH]ccc23)CC1,8.045757491,train,0
O=S(=O)(c1cccc2ncccc12)N1CCC[C@@H]1CCN1CCN(c2cccc3c2OCCO3)CC1,7.886056648,train,0
O=S(=O)(c1cccc2ncccc12)N1CCC[C@@H]1CCN1CCN(c2cccc3sccc23)CC1,8.301029996,train,0
O=S(=O)(c1cccc2ncccc12)N1CCC[C@H]1CCN1CC=C(c2c[nH]c3ccc(Cl)cc23)CC1,7.920818754,train,0
O=S(=O)(c1cccc2ncccc12)N1CCC[C@H]1CCN1CCN(c2cccc3[nH]ccc23)CC1,7.366531544,train,0
O=S(=O)(c1cccc2ncccc12)N1CCC[C@H]1CCN1CCN(c2cccc3c2OCCO3)CC1,7.853871964,train,0
O=S(=O)(c1cccc2ncccc12)N1CCC[C@H]1CCN1CCN(c2cccc3sccc23)CC1,7.769551079,train,0
O=S(=O)(c1cccc2ncccc12)N1CCC[C@H]1CCN1CCN(c2noc3ccccc23)CC1,8.301029996,train,0
O=S(=O)(c1cccc2ncccc12)N1CC[C@@H]1CCN1CCN(c2cccc3sccc23)CC1,7.602059991,train,0
O=S(=O)(c1ccccc1)N1CCc2c(C3CCN(C4CCC4)CC3)cccc21,5.981715692,train,0
O=S(=O)(c1ccccc1)N1CCc2c(N3CCN(C4CCC4)CC3)cccc21,6.448550002,train,0
O=S(=O)(c1ccccc1)N1CCc2ccc(N3CCN(C4CCC4)CC3)cc21,6.385102784,train,0
O=S(=O)(c1ccccc1)N1Cc2cccc(C3CCN(C4CCC4)CC3)c2C1,5.738261453,train,0
O=S(=O)(c1ccccc1)N1Cc2cccc(N3CCN(C4CCC4)CC3)c2C1,5.797784224,train,0
O=S(=O)(c1ccccc1)c1cnc2c(N3CCNCC3)cccc2c1,6.000869459,train,0
O=S(=O)(c1ccccc1F)C1(F)CCN(CCc2ccc(F)cc2F)CC1,6.573488739,train,0
O=S(=O)(c1ccnc2ccccc12)N1CCCCC[C@H]1CCN1CCN(c2nsc3ccccc23)CC1,8.397940009,train,0
O=S(=O)(c1cncc2ccccc12)N1CCC[C@@H]1CCN1CC=C(c2c[nH]c3ccc(Cl)cc23)CC1,7.886056648,train,0
O=S(=O)(c1cncc2ccccc12)N1CCC[C@H]1CCN1CC=C(c2c[nH]c3ccc(Cl)cc23)CC1,7.853871964,train,0
O=[N+]([O-])c1ccc(OCCNCCCOc2ccccc2)cc1,5.849691897,train,0
O=[N+]([O-])c1ccccc1N1CCN(CCCCCCN2c3cccc4cccc(c34)S2(=O)=O)CC1,6.576754126,train,0
O=c1[nH]c2[nH]c(-c3ccc(Cl)cc3)cc2c(=O)n1CCN1CCN(c2ccccc2Cl)CC1,5.625068446,train,0
O=c1[nH]c2[nH]c(-c3ccccc3)cc2c(=O)n1CCN1CCN(c2ccccc2Cl)CC1,6.859491957,train,0
O=c1[nH]c2[nH]c(-c3ccccc3Cl)cc2c(=O)n1CCN1CCN(c2ccccc2Cl)CC1,6.44721015,train,0
O=c1[nH]c2c(N3CCN(CC[C@@H]4CCCN4S(=O)(=O)c4cccc5ncccc45)CC3)cccc2o1,8,train,0
O=c1[nH]c2cc(-c3ccccc3Cl)[nH]c2c(=O)n1CCN1CCN(c2ccccc2Cl)CC1,7.540758335,train,0
O=c1[nH]c2cc[nH]c2c(=O)n1CCN1CCN(c2ccccc2Cl)CC1,6.490663042,train,0
O=c1[nH]c2ccc(OCCCCN3CCC(c4cccc(Cl)c4Cl)CC3)cc2[nH]1,7.920818754,train,0
O=c1c(-c2ccc(Cl)cc2)c2n(c(=O)n1CCCCN1CCCC(c3c[nH]c4ccccc34)C1)CCCC2,5.781989957,train,0
O=c1c(-c2ccc(F)cc2)c2ccccn2c(=O)n1CCCCN1CCCC(c2c[nH]c3ccccc23)C1,6.015922966,train,0
O=c1c(-c2ccc(F)cc2)c2n(c(=O)n1CCCCN1CCCC(c3c[nH]c4ccc(F)cc34)C1)CCCC2,5.979638717,train,0
O=c1c(-c2ccc(F)cc2)c2n(c(=O)n1CCCCN1CCCC(c3c[nH]c4ccccc34)C1)CCCC2,5.703773713,train,0
O=c1c(-c2ccccc2)c2n(c(=O)n1CCCCN1CCCC(c3c[nH]c4ccccc34)C1)CCCC2,5.628932138,train,0
O=c1c(-c2ccccc2Cl)c2n(c(=O)n1CCCCN1CCCC(c3c[nH]c4ccccc34)C1)CCCC2,6.047207557,train,0
O=c1ccc(OCCCN2CCC(c3c[nH]c4ccccc34)CC2)nn1-c1ccc(Cl)c(Cl)c1,6.301029996,train,0
O=c1ccc(OCCCN2CCN(c3csc4ccccc34)CC2)nn1-c1ccc(Cl)c(Cl)c1,6.187755303,train,0
O=c1ccc(OCCCN2CCN(c3ncccn3)CC2)nn1-c1ccc(Cl)c(Cl)c1,6.038578906,train,0
O=c1ccc2ccc(OCCCCNCC3CC3c3cccc(Cl)c3Cl)cc2[nH]1,6.887866076,train,0
O=c1ccc2ccc(OCCCCNCC3CC3c3cccc4c3OCCO4)cc2[nH]1,6.747353296,train,0
O=c1ccc2ccc(OCCCCNCC3CC3c3cccc4ccccc34)cc2[nH]1,7.004322802,train,0
O=c1n(CCCN2CCCCCC2)ccn1-c1cccc(Cl)c1,6.19931041,train,0
OC(CCn1cc(-c2ccc3ncccc3c2)nn1)CN1CCN(c2cccc(Cl)c2Cl)CC1,6.610833916,train,0
OC(c1ccccc1)c1ccccc1OCCN1CCCC1,5.201971207,train,0
OC1(c2ccc(Cl)c(C(F)(F)F)c2)CCN(CCCC(c2ccccc2)c2ccccc2)CC1,7.408935393,train,0
OC1(c2ccc(Cl)c(C(F)(F)F)c2)CCN(CCCC=C(c2ccc(F)cc2)c2ccc(F)cc2)CC1,6.49757288,train,0
OC12C3C4CC5C6C4C1C6C(C53)N2CC1CCCCC1,5.548060131,train,0
OC1c2ccc(F)cc2CC1CCN1CCN(c2ccccn2)CC1,6.2915791,train,0
OCCN1CCN(CCCN2c3ccccc3Sc3ccc(C(F)(F)F)cc32)CC1,8.612610174,train,0
OC[C@@H]1[C@@H]2CN(Cc3ccccc3)[C@@H](c3ccccc3)[C@@H]2[C@H]1N1CCCC1,6.600326279,train,0
OC[C@@H]1[C@@H]2CN(Cc3ccccc3)[C@@H](c3ccccc3)[C@@H]2[C@H]1N1CCCCC1,5.698752911,train,0
OC[C@H]1[C@H]2CN(Cc3ccccc3)[C@H](c3ccccc3)[C@H]2[C@@H]1N1CCCC1,5.130709596,train,0
OC[C@H]1[C@H]2CN(Cc3ccccc3)[C@H](c3ccccc3)[C@H]2[C@@H]1N1CCCCC1,5.154839922,train,0
O[C@@H](CCCN1CCN(c2ncc(F)cn2)CC1)c1ccc(F)cc1,5.475344288,train,0
O[C@@H](COC[C@@H]1CCCO1)CN1CCN(c2ccccc2F)CC1,5.110922507,train,0
O[C@@H]1[C@H](NC[C@@H]2COc3ccccc3O2)CC[C@H]1Oc1ccccc1,5.209929573,train,0
O[C@@H]1[C@H](NC[C@H]2COc3ccccc3O2)CC[C@H]1Oc1ccccc1,5.619819522,train,0
O[C@H]1[C@@H](NC[C@@H]2COc3ccccc3O2)CC[C@@H]1Oc1ccccc1,5.949612509,train,0
O[C@H]1[C@@H](NC[C@H]2COc3ccccc3O2)CC[C@@H]1Oc1ccccc1,5.619819522,train,0
O[C@]1(c2cccc(Cl)c2Cl)C[C@@H]2CC[C@H](C1)N2Cc1csc2ccccc12,6.55129368,train,0
Oc1cc(CN2CCN(c3ccc4c(c3)OCCO4)CC2)ccc1F,5.130154107,train,0
Oc1cc2c(cc1Cl)CNCC2c1ccccc1,5.440525971,train,0
Oc1cc2c(cc1O)C1c3ccccc3CNC1CO2,5.718739313,train,0
Oc1ccc(-c2ccc(CNCCc3c[nH]c4cc(F)ccc34)o2)cc1,6.349692477,train,0
Oc1ccc(-c2ccc(CNCCc3c[nH]c4ccc(F)cc34)o2)cc1,6.42365865,train,0
Oc1ccc(-c2ccc(CNCCc3c[nH]c4ccccc34)o2)cc1,6.120330794,train,0
Oc1ccc(-c2ccc(CNCCc3c[nH]c4ncc(F)cc34)o2)cc1,6.295849483,train,0
Oc1ccc(C#CCCN2CC=C(c3ccccc3)CC2)cc1,7.262012674,train,0
Oc1ccc(C[C@H]2CCCN2CCCCCCN2CCC[C@@H]2Cc2ccc(O)c(O)c2)cc1O,8.144723196,train,0
Oc1ccc(OCCNCCCOc2ccccc2)cc1,6.249229411,train,0
Oc1ccc2c(c1)CCCNCCc1ccccc1C2,6.066512712,train,0
Oc1ccc2c(c1)CCN1Cc3ccccc3CC21,6.312471039,train,0
Oc1ccc2c(c1)CCNCCc1ccccc1C2,6.408879718,train,0
Oc1ccc2c(c1)[C@@H]1CCCN(CCN3CCN(c4ccccc4)CC3)[C@H]1CC2,6.657577319,train,0
Oc1ccc2c(c1O)C[C@@H](c1ccccc1)[C@@H]1CCNC[C@@H]21,6.63638802,train,0
Oc1cccc(CCN(CCc2ccccc2)CC2CC2)c1,6.924453039,train,0
Oc1cccc(CCN(CCc2ccccc2)CC2CCC2)c1,6.345823458,train,0
Oc1cccc2c1-c1cccc3c1[C@@H](C2)NCC3,5.999565923,train,0
Oc1ccccc1N1CCN(Cc2cnn3ccccc23)CC1,5.337250368,train,0
Oc1nc2c(OCCNCc3ccccc3)cc(Cl)cc2[nH]1,8.443697499,train,0
Oc1nc2c(OCCNCc3ccccc3)cccc2[nH]1,8.30980392,train,0
S=c1sc2ccccc2n1CCCCN1CCN(C2CCCCC2)CC1,5.982132281,train,0
Sc1nc2c(OCCNCc3ccccc3)cc(Cl)cc2[nH]1,8.259637311,train,0
Sc1nc2c(OCCNCc3ccccc3)cccc2[nH]1,8.443697499,train,0
[O-][S+](CCNC1CCN(CC(O)Cc2ccccc2)CC1)C(c1ccc(F)cc1)c1ccc(F)cc1,5.179732843,train,0
c1c2c(cc3c1CC[C@H]1NCCO[C@H]31)OCC2,5.999565923,train,0
c1cc2c(c(N3CCN(CCCCCc4c[nH]c5ccccc45)CC3)c1)OCCO2,7.995678626,train,0
c1cc2c(c(N3CCN(CCCCc4c[nH]c5ccccc45)CC3)c1)OCCO2,8.214670165,train,0
c1cc2c(c(N3CCN(CCCc4c[nH]c5ccccc45)CC3)c1)CCCN2,7.910094889,train,0
c1cc2c(c(N3CCN(CCCc4c[nH]c5ccccc45)CC3)c1)CCCO2,7.671620397,train,0
c1cc2c(c(N3CCN(CCCc4c[nH]c5ccccc45)CC3)c1)OCCN2,7.723538196,train,0
c1cc2c(c(N3CCN(CCCc4c[nH]c5ccccc45)CC3)c1)OCCO2,7.657577319,train,0
c1cc2c(c(N3CCN(CCc4c[nH]c5ccccc45)CC3)c1)OCCO2,7.337242168,train,0
c1cc2c(c(N3CCN(Cc4c[nH]c5ccccc45)CC3)c1)OCCO2,7.200659451,train,0
c1cc2c3c(c[nH]c3c1)CC1CN(CC3CCCCC3)CCN21,7.260824992,train,0
c1cc2c3c(c[nH]c3c1)CC1CNCCN21,5.678682664,train,0
c1ccc(-c2ccc(CN3CCN4c5cccc6[nH]cc(c56)CC4C3)cc2)cc1,6.883585391,train,0
c1ccc(-c2ccc(CNCCc3c[nH]c4ccccc34)o2)cc1,6.169411331,train,0
c1ccc(-c2cccc(CN3CCN4c5cccc6[nH]cc(c56)CC4C3)c2)cc1,8.846464419,train,0
c1ccc(-c2ccccc2CN2CCN3c4cccc5[nH]cc(c45)CC3C2)cc1,6.521822052,train,0
c1ccc(-c2nc(CN3CCCN(c4nccs4)CC3)co2)cc1,5.490528648,train,0
c1ccc(-n2cc(CN3CCN(c4ncccn4)CC3)cn2)cc1,5.221776373,train,0
c1ccc(C2=N[C@@H](CN3CCN(c4ccccc4)CC3)CS2)cc1,5.958212681,train,0
c1ccc(CC2CCN(CC3COc4ccccc4C3)CC2)cc1,5.603103551,train,0
c1ccc(CCC2CN(Cc3c[nH]c4ccccc34)CCO2)cc1,5.885722703,train,0
c1ccc(CCN[C@H]2C3C4CC5C6C4CC3C6C52)nc1,5.004057837,train,0
c1ccc(CCc2ccccc2OCc2ccccc2)cc1,5.300943145,train,0
c1ccc(CCc2ccccc2OCc2ccccn2)cc1,5.300943145,train,0
c1ccc(CCc2ccccc2OCc2cccnc2)cc1,5.300943145,train,0
c1ccc(CN2CCC(n3ccc(-c4cnco4)c3)CC2)cc1,5.481553847,train,0
c1ccc(CN2CCC(n3cccc3-c3cnco3)CC2)cc1,6.353726879,train,0
c1ccc(CN2CCN3c4cccc5[nH]cc(c45)CC3C2)cc1,6.88469355,train,0
c1ccc(CNCCOc2cccc3[nH]ccc23)cc1,7.394694954,train,0
c1ccc(Cc2ccccc2OCCCN2CCCC2)cc1,5.996970529,train,0
c1ccc(Cc2ccccc2OCCN2CCCCC2)cc1,5.993106292,train,0
c1ccc(OCC2CN(Cc3c[nH]c4ccccc34)CCO2)cc1,6.396855627,train,0
c1ccc(OCCCNCCOc2ccccc2)cc1,6.598272138,train,0
c1ccc2c(C3CCNC3)cccc2c1,6.576754126,train,0
c1ccc2c(c1)CCN1CCc3[nH]c4ccccc4c3C21,5.830619505,train,0
c1cnc(N2CCN(CCCCN3CCc4ncsc4CC3)CC2)nc1,5.599826522,train,0
Brc1ccc(-[n+]2cc[n+](Cc3ccccc3)cc2)c2cc[nH]c12,7.717690636,test,11
Brc1cccc(N2CCN(Cc3cnn4ccccc34)CC2)n1,6.748370299,test,26
C#CC1=CCC(N(CCC)CCCCn2cc(-c3ccc(-c4ccccc4)cc3)nn2)CC1,6.49048134,test,14
C#CCN(CCN1CCN(c2ccccc2)CC1)C1CCc2ccc(O)cc2C1,6.609064893,test,32
C1=C(c2ccccc2)CCN(Cc2cnn(-c3ccccc3)c2)C1,7.473268698,test,12
CC(=O)N[C@H]1CC[C@H](CCN2CCc3ccc(C#N)cc3C2)CC1,7.611898798,test,34
CC(=O)Nc1ccc(CCN(C)CC2Cc3ccc4c(ccn4S(=O)(=O)c4ccccc4)c32)cc1,6.598272138,test,7
CC(=O)Nc1cccc(C2CCN(CCCC(=O)c3ccc(C)c(C)c3)CC2)c1,5.214598975,test,28
CC(=O)c1ccc2c(c1)CC(CN1CCC(C(=O)c3ccc(F)cc3)CC1)CC2=O,7.476773958,test,50
CC(C)(C)OC(=O)N[C@H]1CC[C@H](CCN2CCc3ccc(C#N)cc3C2)CC1,5.649806272,test,34
CC(C)(C)c1nc(N2CCN(CCCCNC(=O)c3cc4ccccc4[nH]3)CC2)cc(C(F)(F)F)n1,6.039053804,test,30
CC(C)(C)c1nc(N2CCN(CCCCNC(=O)c3nc4ccccc4[nH]3)CC2)cc(C(F)(F)F)n1,6.472370099,test,30
CC(C)N1CCc2cccc3c2[C@H]1Cc1cccc(O)c1-3,5.995248844,test,15
CC(C)Oc1ccccc1N1CCN([C@H]2CC[C@@H](NS(=O)(=O)c3cccc(C(F)(F)F)c3)CC2)CC1,6.924453039,test,48
CC(C)Oc1ccccc1N1CCN([C@H]2CC[C@H](NS(=O)(=O)c3cccc(C(F)(F)F)c3)CC2)CC1,7.397940009,test,48
CC(O)CN1CCN(CC[S+]([O-])C(c2ccc(F)cc2)c2ccc(F)cc2)CC1,6.524328812,test,19
CCCCC(=O)Oc1cccc2c1-c1cc(OC)cc3c1[C@@H](C2)N(CCC)CC3,7.045757491,test,17
CCCCC1CCN(CCCC(=O)c2ccccc2C)CC1,7.107905397,test,28
CCCCC1NCCc2cc(Cl)c(O)cc21,7.073791724,test,1
CCCCC1NCCc2cc(O)c(Cl)cc21,7.212823008,test,1
CCCCC1c2cc(OC)c(Cl)cc2CCN1C,5.423884496,test,1
CCCCN1CCCC1Cc1ccc(O)c(O)c1,8.380697924,test,2
CCCCN1CCc2ccc(C#N)cc2C1,6.079354999,test,34
CCCCNC(=O)c1ccc2c(c1)[C@H]1OCCN(CCC)[C@@H]1CC2,5.339905177,test,33
CCCCn1cc(CCCOc2ccc(C(=O)NCCCCN(CCC)C3Cc4ccccc4C3)cc2OC)nn1,8.089243236,test,14
CCCN(CCC)C1CCc2c(cccc2OC)C1,6.995678626,test,13
CCCN(CCC)C1CCn2ncc(C=O)c2C1,5.313452917,test,31
CCCN(CCC)C1CCn2ncc(Cl)c2C1,6.796466087,test,31
CCCN(CCC)CCCCNC(=O)c1ccc(-c2ccccc2)cc1,5.034325737,test,31
CCCN(CCC)[C@@H]1CCc2c(cccc2OC)C1,7.730807401,test,13
CCCN(CCCCCCN1CCC[C@@H]1Cc1ccc(O)c(O)c1)CCc1ccc(O)c(O)c1,8.373044049,test,2
CCCN(CCCCNC(=O)c1ccc(-c2ccccc2)cc1)C1CCn2ncc(Cl)c2C1,7.176112975,test,31
CCCN(CCCCc1cn(CCOCCOCCOCCOCCOCCn2cc(CCCCN(CCC)C3Cc4ccccc4C3)nn2)nn1)C1Cc2ccccc2C1,7.30980392,test,14
CCCN(CCCCc1cn(CCOCCOCCOCCOCCn2cc(CCCCN(CCC)C3Cc4ccccc4C3)nn2)nn1)C1Cc2ccccc2C1,7.173925197,test,14
CCCN1CCC[C@@H]2c3cc4c(cc3CC[C@H]21)CCO4,6.29913194,test,32
CCCN1CCN(c2ccc(O)c3c2OCC(=O)N3)CC1,7.180456064,test,39
CCCN1CCN(c2ccccc2)CC1,6.313055516,test,9
CCCN1CCO[C@@H]2c3cc(C(=O)NC)ccc3CC[C@H]21,5.099945457,test,33
CCCN1CCO[C@@H]2c3cc(C(=O)NCc4ccc(OC)cc4)ccc3CC[C@H]21,5.46987205,test,33
CCCN1CCO[C@@H]2c3cc(O)ccc3OC[C@H]21,7.447074663,test,33
CCCN1CCO[C@H]2c3cc(O)ccc3OC[C@@H]21,5.120273503,test,33
CCCN1CC[C@@H]2Cc3c(O)cccc3C[C@H]21,8.646214912,test,13
CCCN1CC[C@H]2Cc3c(O)cccc3C[C@@H]21,6.037157319,test,13
CCCN1CCc2cc(F)cc3c2[C@H]1Cc1cccc(OC=O)c1-3,7.397940009,test,17
CCCN1CCc2cc(OC)cc3c2[C@H]1Cc1cccc(OC(C)=O)c1-3,7.701146924,test,17
CCCN1CCc2cc(OC)cc3c2[C@H]1Cc1ccccc1-3,6.63638802,test,17
CCCN[C@@H]1CCc2c(cccc2OC)C1,7.009328579,test,13
CCN1CCCC1c1ccc(-c2cc(S(=O)(=O)CC)ccc2OC)[nH]1,7.522878745,test,27
CCN1CCc2cc(OC)cc3c2C1Cc1ccccc1C3,5.013183495,test,17
CCOC(=O)C1CCN(CC2COc3ccc4[nH]c(C(=O)OC)cc4c3O2)CC1,6.591760035,test,10
CCOc1cccc(N2CCN(CCCCOc3ccc4c(c3)NC(=O)CC4)CC2)c1,7.657577319,test,37
CCOc1ccccc1N1CCN(Cc2ccccc2)CC1,6.661543506,test,11
CCc1cc(Cl)c(OC)c(C(=O)NCC2CCCN(CCCCNC(=O)c3cc4ccccc4[nH]3)C2)c1O,5.882397308,test,30
CN(C)CC/C=C1/c2ccccc2Sc2ccc(Cl)cc21,8.402304814,test,5
CN(C)Cc1c(C(=O)NCCCCN2CCN(c3cc(C(F)(F)F)nc(C(C)(C)C)n3)CC2)[nH]c2ccccc12,6.277366077,test,30
CN(CCC=C1c2ccccc2CCc2ccccc21)C(=O)Cc1ccc(OCCCN2CCCCC2)cc1,6.043351421,test,5
CN(CCC=C1c2ccccc2CCc2ccccc21)Cc1ccc(OCCCN2CCCCC2)cc1,6.991399828,test,5
CN(CCCC12CCC(c3ccccc31)c1ccccc12)Cc1ccc(OCCCN2CCCCC2)cc1,6.832682665,test,5
CN(CCCCNC(=O)c1ccc(-c2ccccc2)cc1)C1CCc2c(O)cccc2C1,6.896572603,test,31
CN(CCCN1c2ccccc2Sc2ccc(Cl)cc21)Cc1ccc(OCCCN2CCCCC2)cc1,7.37675071,test,5
CN(CCN1CCN(C2COOC2)C1=O)C[C@]12CC[C@H](CC1)C2(C)C,5.799726939,test,47
CN(CCN1CCN(c2ccc(F)cc2)C1=O)C[C@]12CC[C@H](CC1)C2(C)C,6.19931041,test,47
CN(CCN1CCN(c2ccc3c(c2)OCO3)C1=O)C[C@]12CC[C@H](CC1)C2(C)C,5.799726939,test,47
CN(CCN1CCN(c2cccc(C(F)(F)F)c2)C1=O)C[C@]12CC[C@H](CC1)C2(C)C,7.678815973,test,47
CN(CCN1CCN(c2ccccc2)C1=O)C[C@]12CC[C@H](CC1)C2(C)C,6.697820646,test,47
CN1CCCN(c2ccc(O)c3c2OCC(=O)N3)CC1,5.33107277,test,39
CN1CCCc2c([nH]c3ccccc23)Cc2ccccc2CC1,6.936216439,test,49
CN1CCCc2ccccc2Cc2[nH]c3ccccc3c2CC1,7.838931615,test,49
CN1CCN(C2=Nc3ccccc3Sc3ccc(Cl)cc32)CC1,8.826813732,test,6
CN1CCN(C2=Nc3ccccc3Sc3ccc(F)cc32)CC1,8.677780705,test,6
CN1CCN(c2ccc(O)c3[nH]c(=O)ccc23)CC1,6.353837622,test,39
CN1CCN(c2ccc(O)c3c2OCC(=O)N3)CC1,6.448387292,test,39
CN1CCN(c2cccc3c2ccn3S(=O)(=O)c2ccccc2)CC1,7.494850022,test,7
CN1CCc2c([nH]c3ccccc23)Cc2[nH]c3ccccc3c2CC1,7.096910013,test,49
CN1CCc2cc(Cl)c(O)cc2[C@@H](c2ccccc2)C1,6.05207638,test,8
CN1CCc2cc(O)c(O)cc2C1Cc1ccc(O)c(O)c1,5.721017883,test,2
CN1CCc2ccc(O)cc2[C@H]2c3ccccc3CC[C@@H]21,5.10380459,test,32
CN1CCc2cccc3c2C(C1)CN3c1ccc(F)cc1,7.991399828,test,16
CN1CCc2cccc3c2[C@@H]1Cc1ccc(O)c(O)c1-3,7.226945307,test,15
CN1CCc2cccc3c2[C@H]1Cc1cccc(O)c1-3,7.094028268,test,15
CN1CCc2ccccc2Cc2[nH]c3ccccc3c2CC1,7.355831224,test,49
CN1CCc2ccccc2Cc2c([nH]c3ccccc23)CC1,7.251037139,test,49
CN1Cc2cc(Cl)c(O)cc2C(c2ccccc2)C1,6.280334735,test,8
CNCC1Cc2cc3ccn(S(=O)(=O)c4cccc5ccccc45)c3cc21,5.599826522,test,7
CNCC1Cc2ccc3c(ccn3S(=O)(=O)c3cccc4ccccc34)c21,5.999565923,test,7
CNc1cc(OC)c(C(=O)N[C@@H]2CCN(Cc3ccccc3)[C@@H]2C)cc1Cl,8.442492798,test,21
CNc1ncc2c(n1)CC(CN1CCC(C(=O)c3ccc(F)cc3)CC1)CC2=O,6.628156645,test,50
COC(=O)c1cc2c3c(ccc2[nH]1)OCC(CNCCCc1ccccc1)O3,7.772113295,test,10
COc1c(Cl)c2c3c(c1OC)N(c1ccc(F)cc1)CC3CN(C)CC2,8.107905397,test,16
COc1c(OCCF)cccc1[C@H](O)C1CCN(CCc2ccc(F)cc2)CC1,5.570732334,test,20
COc1cc(Br)cc(C(=O)NC2CCN(Cc3ccc(F)cc3)CC2)c1OC,8.970616222,test,20
COc1cc(CN2CCN(c3ccccc3OC)CC2)ccc1OCCCc1cn(CCOCCOCCn2cc(CCCOc3ccc(CN4CCN(c5ccccc5OC)CC4)cc3OC)nn2)nn1,8.374059273,test,14
COc1cc2c(cc1Cl)CCNC2Cc1ccccc1,6.013550748,test,1
COc1cc2c(cc1Cl)CCNC2c1ccccc1,5.21192925,test,1
COc1cc2c3c(c1OC)-c1cc(N)ccc1CC3N(C)CC2,6.583359493,test,16
COc1cc2c3c(c1OC)N(c1ccc(F)cc1)CC3CNCC2,7.167491087,test,16
COc1cc2c3c(cn(-c4ccc(F)cc4)c3c1OC)CN(C)CC2,6.43062609,test,16
COc1cc2ccccc2cc1C(=O)OCC1CCN(Cc2ccccc2)CC1,5.499862364,test,21
COc1cc2ccccc2cc1COCC1CCN(Cc2ccccc2)CC1,5.999565923,test,21
COc1cc2ccccc2cc1OC(=O)CC1CCN(Cc2ccccc2)CC1,5.099945457,test,21
COc1ccc(CN2CN(c3ccccc3)C3(CCN(CCCC(=O)c4ccc(F)cc4)CC3)C2=O)cc1,8.963770456,test,44
COc1ccc(N2CCN(CCCOc3ccc(-c4nc5ccccc5[nH]4)cc3)CC2)cc1,6.53165267,test,35
COc1ccc2[nH]cc(CN3CCC(O)(c4ccc(Cl)cc4)CC3)c2c1,8.283996656,test,27
COc1ccc2c(c1)CC1c3cc(O)c(O)cc3CCN1C2,7.11327976,test,38
COc1ccc2c(c1)CC1c3cc(OC)c(OC)cc3CCN1C2,5.179127206,test,38
COc1ccc2c(c1)C[C@H]1c3cc(O)c(OC)cc3CCN1C2,6.458570564,test,38
COc1cccc(N2CCN(CCCCOc3ccc4c(C)cc(=O)oc4c3)CC2)c1,6.803271277,test,37
COc1cccc(N2CCN(CCCCOc3ccc4c5c(c(=O)oc4c3)CCC5)CC2)c1,5.975925013,test,37
COc1cccc([C@H](O)C2CCN(CCc3ccc(F)cc3)CC2)c1OC,5.885722703,test,20
COc1cccc2[nH]cc(CN3CCC(O)(c4ccc(Cl)cc4)CC3)c12,8.283996656,test,27
COc1cccc2c1CC(CN1CCC(Cc3ccccc3)CC1)CC2,6.061980903,test,4
COc1ccccc1CN1CN(c2ccccc2)C2(CCN(CCCC(=O)c3ccc(F)cc3)CC2)C1=O,8.980053318,test,44
COc1ccccc1N1CCN(CCCC(=O)Nc2ccn3nccc3c2)CC1,7.379850209,test,25
COc1ccccc1N1CCN(CCCCc2ccc3c(c2)oc(=O)n3CCN2CCC(C(=O)c3ccc(F)cc3)CC2)CC1,8.823908741,test,20
COc1ccccc1N1CCN(CCN2C(=O)CC3(CCCC3)CC2=O)CC1,7.735654493,test,23
COc1ccccc1N1CCN(CCc2ccc3c(c2)sc(=O)n3CCN2CCC(C(=O)c3ccc(F)cc3)CC2)CC1,8.22184875,test,20
COc1ccccc1N1CCN(Cc2c(C)[nH]c3nc(N(C)C)ncc23)CC1,5.56115596,test,25
COc1ccccc1N1CCN(Cc2cn3cc(C)cc(-n4cccn4)c3n2)CC1,6.41309958,test,25
COc1ccccc1N1CCN(Cc2cn3cc(C)cc(C#N)c3n2)CC1,5.472561367,test,25
COc1ccccc1[C@@]1(O)C[C@@H]2CC[C@H](C1)N2Cc1c[nH]c2ccccc12,5.683819901,test,43
CSc1ccccc1N1CCN(CCCNC(=O)c2cnn3ccccc23)CC1,8.494850022,test,26
C[C@@H]1CN(c2cccc3cc(F)ccc23)CCN1CCC1OCCc2cc(C(N)=O)ccc21,8.244125144,test,46
C[C@@H]1CN(c2cccc3cc(F)ccc23)CCN1CC[C@@H]1OCCc2cc(C(N)=O)ccc21,7.142667504,test,46
C[C@@H]1CN(c2cccc3cc(F)ccc23)CCN1CC[C@H]1OCCc2cc(C(N)=O)ccc21,7.102372909,test,46
C[C@@H]1OC(c2ccccc2)=N[C@H]1CN1CCN(c2ccccc2)CC1,5.903337363,test,9
C[C@H](CNc1cncc(Cl)n1)N1CCN(c2ccccc2)CC1,6.474955193,test,22
C[C@H]1CN(c2ccc3cc(F)ccc3c2)CCN1CC[C@@H]1OCCc2cc(C(N)=O)ccc21,5.931443105,test,46
C[C@H]1Cc2c([nH]c3ccccc23)Cc2ccccc2CCN1C,7.063989204,test,49
Cc1[nH]c2ccccc2c1CN1CCC(O)(c2ccc(Cl)cc2)CC1,7.785156152,test,27
Cc1ccc(C(=O)NCN2CCN(c3ccccc3C#N)CC2)cc1,6.418858501,test,29
Cc1ccc(C(=O)NCN2CCN(c3ccccc3Cl)CC2)cc1,7.301203748,test,29
Cc1ccc(C)c(C(=O)CCCN2CCC(O)(c3cc(C)ccc3C)CC2)c1,7.289857058,test,28
Cc1ccc(C)c(C(=O)CCCN2CCC(c3ccc(Cl)cc3)CC2)c1,6.707885288,test,28
Cc1ccc(N2CCN(CCN(C)C[C@]34CC[C@H](CC3)C4(C)C)C2=O)cc1,5.999565923,test,47
Cc1ccc2c(N3CCN(CCc4cccc(-n5cccn5)c4)CC3)cccc2n1,6.398907391,test,24
Cc1ccc2c(N3CCN(CCc4cccc(N5CCNC5=O)c4)CC3)cccc2n1,6.29913194,test,24
Cc1cccc(C(=O)NCN2CCC(c3ccccc3)CC2)c1,6.627087997,test,29
Cc1cccc(C(=O)NCN2CCN(c3ccccc3C#N)CC2)c1,5.638083381,test,29
Cc1cccc(C(=O)NCN2CCN(c3ccccc3Cl)CC2)c1,6.329067984,test,29
Cc1cccc(N2CCN(CCCCNC(=O)c3cc4ccccc4o3)CC2)c1C,7.065501549,test,24
Cc1cccc(N2CCN(CCN(C)C[C@]34CC[C@H](CC3)C4(C)C)C2=O)c1,6.598272138,test,47
Cc1cccc(O)c1-c1cccc2c1-c1cccc3c1[C@@H](C2)N(C)CC3,5.536420569,test,15
Cc1cccc2c(CN3CCN(c4ccc(Cl)cc4)CC3)cnn12,5.309911177,test,26
Cc1ccccc1CN1CN(c2ccccc2)C2(CCN(CCCC(=O)c3ccc(F)cc3)CC2)C1=O,8.985899678,test,44
Clc1ccc(N2CCN(Cc3cn4ccccc4n3)CC2)cc1Cl,5.531594871,test,25
Clc1ccc2[nH]ccc2c1N1CCN(Cc2ccccc2)CC1,7.540139396,test,11
Clc1ccc2c(c1)N=C(N1CCN(Cc3ccc4c(c3)OCCO4)CC1)c1ccccc1N2,7.522878745,test,3
Clc1cccc(N2CCN(CCCCc3cn(-c4ccc5[nH]ccc5c4)nn3)CC2)c1Cl,7.322393047,test,40
Clc1cccc(N2CCN(CCCCc3cn(-c4ccc5c(c4)Cc4ccccc4-5)nn3)CC2)c1Cl,6.37161107,test,40
Clc1cccc(N2CCN(CCCOc3ccc(-c4nc5ccccc5[nH]4)cc3)CC2)c1,5.852632892,test,35
Clc1cccc(N2CCN(CCCc3cn(-c4ccn5nccc5c4)nn3)CC2)c1Cl,7.071183007,test,40
Clc1cccc(N2CCN(Cc3ccccc3)CC2)c1Cl,6.614393726,test,11
Clc1ccccc1N1CCN(CCCOc2ccc(-c3nc4ccccc4[nH]3)cc2)CC1,6.896196279,test,35
Cn1c(=O)cnn(CCCCN2CCN(c3cccc4ccc(O[11CH3])cc34)CC2)c1=O,7.638083381,test,37
Cn1c(=O)cnn(CCCCN2CCN(c3ccccc3OCCF)CC2)c1=O,7.419075024,test,37
FCCOc1ccc(CN2CCN(c3ccc(Cl)cc3)CC2)cc1,5.958212681,test,3
Fc1ccc(CN2CCC(NCCSC(c3ccc(F)cc3)c3ccc(F)cc3)CC2)cc1,5.534468443,test,19
Fc1ccc(CN2CCN(c3ccc4c(c3)OCCO4)CC2)cc1,5.181589113,test,3
Fc1ccc2c(c1)C(N1CCNCC1)=Nc1ccccc1S2,7.920818754,test,6
Fc1cccc(N2CCN(Cc3cnn4ccccc34)CC2)n1,6.567889866,test,26
Fc1ccccc1N1CCN(CCCNc2cncc(Cl)n2)CC1,7.420216403,test,22
N#CCCCN(CCCN1CCN(c2ccccc2)CC1)C1CCc2ccc(O)cc2C1,6.205511953,test,32
N#Cc1ccc(C(=O)CCCN2CCc3ccccc3C2)cc1,5.838120012,test,34
N#Cc1ccc(N2CCN(CCC(=O)c3cc4c5c(c3)CCN5C(=O)CC4)CC2)c(F)c1,6.240105626,test,45
N#Cc1ccc2c(c1)CCN(C[C@@H]1C[C@H]1CNC(=O)c1ccnc3ccccc13)C2,5.022230682,test,34
N#Cc1ccccc1N1CCN(CNC(=O)c2ccccc2)CC1,5.519856463,test,29
NC(=O)c1cc2c3c(ccc2[nH]1)OCC(CN1CCC2(CC1)C(=O)NCN2c1ccccc1)O3,8.552841969,test,10
NC(=O)c1ccc2c(c1)CCO[C@H]2CCN1CCN(c2ccc3cc(F)ccc3c2)CC1,6.151810883,test,46
NS(=O)(=O)c1ccc(N2CCN(CC[C@@H]3OCCc4ccccc43)CC2)cc1,5.288361462,test,46
Nc1nc2c(s1)CCN(CCCCN1CCN(c3ncccn3)CC1)CC2,5.559842141,test,36
O=C(C1CCCCC1)N1CCC[C@H]1CCCCN1CCN(c2cccc(Cl)c2)CC1,5.978397284,test,18
O=C(CCCCN1CCC(c2ccccc2)CC1)c1nc2ccccc2s1,6.191789027,test,41
O=C(CCCCN1CCC(c2noc3cc(F)ccc23)CC1)c1cc2c3c(c1)CCC(=O)N3CCC2,7.484126156,test,45
O=C(CCCCN1CCC(n2c(=O)[nH]c3cc(Cl)ccc32)CC1)c1nc2ccccc2s1,6.661543506,test,41
O=C(CCCCN1CCC2(CC1)C(=O)NCN2c1ccccc1)c1nc2ccccc2s1,7.585026652,test,41
O=C(CCCCN1CCN(C(c2ccc(F)cc2)c2ccc(F)cc2)CC1)c1nc2ccccc2s1,6.79657328,test,41
O=C(CCCCN1[C@H]2CC[C@@H]1CC(O)(c1ccc(Cl)cc1)C2)c1nc2ccccc2s1,6.742321425,test,41
O=C(CCCN1CCC(c2cc3ccc2CCc2ccc(cc2)CC3)CC1)c1cc2ccc1CCc1ccc(cc1)CC2,7.626682901,test,28
O=C(CCCN1CCC(c2noc3cc(F)ccc23)CC1)c1cc2c3c(c1)CCC(=O)N3CCC2,7.716698771,test,45
O=C(CCCN1CCC2(CC1)C(=O)N(Cc1cccc(F)c1)CN2c1ccccc1)c1ccc(F)cc1,8.990124366,test,44
O=C(CCCN1CCC2(CC1)C(=O)N(Cc1ccccc1[N+](=O)[O-])CN2c1ccccc1)c1ccc(F)cc1,8.950781977,test,44
O=C(CCCN1CCCN(c2ccc(Cl)cc2)CC1)c1ccc(F)cc1,7.353596274,test,22
O=C(CCCN1CCN(c2cccc(Cl)c2Cl)CC1)c1cc2c3c(c1)CCC(=O)N3CCC2,6.547446937,test,45
O=C(CCCN1CC[C@H]2[C@@H](C1)c1cccc3c1N2CCN3Cc1ccccc1)c1ccc(F)cc1,7.060480747,test,44
O=C(CCCc1cn(-c2ccc([N+](=O)[O-])cc2)nn1)NCCCCN1CCN(c2cccc(Cl)c2Cl)CC1,7.307196863,test,40
O=C(CCN1CCC(c2noc3cc(F)ccc23)CC1)c1cc2c3c(c1)CCC(=O)N3CCC2,7.227678293,test,45
O=C(CCN1CCC(c2noc3cc(F)ccc23)CC1)c1cc2c3c(c1)CCN3C(=O)CC2,7.684029655,test,45
O=C(NCCCCCCN1CCN(c2nsc3ccccc23)CC1)c1ccccc1,7.823908741,test,30
O=C(NCCCCN1CCc2ncsc2CC1)C12CC3CC(CC(C3)C1)C2,5.259920879,test,36
O=C(NCCCN1CCN(c2ncccn2)CC1)NN(Cc1ccccc1)c1ccccc1,6.295692639,test,36
O=C(NCCN1CCN(c2ccc(Cl)cc2)CC1)c1ccncc1,5.638083381,test,22
O=C(O)c1cc2c3c(ccc2[nH]1)OCC(CN1CCC2(CC1)C(=O)NCN2c1ccccc1)O3,7.229147988,test,10
O=C(OCC1CCN(Cc2ccccc2)CC1)c1ccc(Cl)cc1,5.699782895,test,21
O=C(OCc1ccccc1)c1cc2c3c(ccc2[nH]1)OCC(CN1CCC2(CC1)C(=O)NCN2c1ccccc1)O3,8.167491087,test,10
O=C(c1ccc(F)cc1)C1CCN(CCC2CCc3occc3C2=O)CC1,6.139398502,test,50
O=C(c1ccc(F)cc1)C1CCN([C@H]2CCN(Cc3ccc(F)cc3)C[C@@H]2O)CC1,5.869344651,test,50
O=C1C2=C(CCCC2)C(=O)N1C1CCC(N2CCN(c3cccc(C(F)(F)F)c3)CC2)CC1,5.578231599,test,48
O=C1C2C3C=CC(C3)C2C(=O)N1OCCCN1CCN(c2cccc(C(F)(F)F)c2)CC1,6.17327748,test,48
O=C1C2CC=CCC2C(=O)N1C1CCC(N2CCN(c3cccc(C(F)(F)F)c3)CC2)CC1,5.329661359,test,48
O=C1CC(CN2CCC(C(=O)c3ccc(F)cc3)CC2)Cc2[nH]ncc21,6.398907391,test,50
O=C1CC(CN2CCC(C(=O)c3ccc(F)cc3)CC2)Cc2ncncc21,6.19931041,test,50
O=C1CC(CN2CCN(c3ncccn3)CC2)Cc2occc21,5.139940031,test,50
O=C1CC2(CCCC2)CC(=O)N1CCN1CCN(c2cc(F)c(F)cc2F)CC1,6.154281982,test,23
O=C1CC2(CCCC2)CC(=O)N1CCN1CCN(c2cc(F)ccc2F)CC1,6.91721463,test,23
O=C1CC2(CCCC2)CC(=O)N1CCN1CCN(c2ccc(F)c(F)c2)CC1,5.657379957,test,23
O=C1CC2(CCCC2)CC(=O)N1CCN1CCN(c2ccccc2F)CC1,6.850780887,test,23
O=C1CCc2c(F)cccc2N1CCCN1CCC(n2c(=O)[nH]c3ccccc32)CC1,7.214670165,test,42
O=C1CCc2cccc(F)c2N1CCCN1CCC(n2c(=O)[nH]c3ccccc32)CC1,7.017728767,test,42
O=C1CCc2cccnc2N1CCCN1CCC(n2c(=O)[nH]c3ccccc32)CC1,6.221125528,test,42
O=C1CCc2cnccc2N1CCCN1CCC(n2c(=O)[nH]c3ccccc32)CC1,5.958212681,test,42
O=C1CCc2ncccc2N1CCCN1CCC(n2c(=O)[nH]c3ccccc32)CC1,5.657379957,test,42
O=C1COc2cc(CN3CCN(c4ccc(Cl)cc4)CC3)ccc2N1,6.382999659,test,3
O=C1Cc2c(cccc2N2CCN(Cc3ccccc3)CC2)N1,8.426316446,test,11
O=C1N(CCN2CCCCCC2)CCN1c1cccc(Cl)c1,7.958607315,test,18
O=C1NC2(CCCc3ccccc32)C(=O)N1CCCN1CCN(c2cccc(Cl)c2)CC1,5.744486287,test,18
O=C1c2cccc3cccc(c23)N1CCCCCCN1CCN(c2ncccn2)CC1,6.723538196,test,36
O=C1c2ccccc2CCC1CN1CCC(Cc2ccccc2)CC1,5.960982678,test,4
O=C1c2ccccc2CCCN1CCCCN1CCN(c2ncccn2)CC1,6.817129036,test,36
O=C1c2ccccc2OCC1CN1CCC(Cc2ccccc2)CC1,5.960982678,test,4
O=Cc1cnn2ccc(OCCCCN3CCN(c4ccc(O)c5c4OCCO5)CC3)cc12,8.291430295,test,39
O=S(=O)(c1ccccc1)n1ccc2c3c(ccc21)[C@H]1CCNCC[C@@H]31,6.099452636,test,7
O=S(=O)(c1cncc2ccccc12)N1CCC(CCN2CCN(c3ccc(F)cc3)CC2)CC1,6.377785977,test,22
O=S1(=O)N(CCN2CCCCCC2)CCN1c1cccc(Cl)c1,6.697820646,test,18
O=c1[nH]c2ccc(CCN3CCN(c4cccc(C(F)(F)F)c4)CC3)cc2[nH]c1=O,7.534914712,test,48
O=c1c2ccccc2ncn1CCCCN1CCN(c2cccc(C(F)(F)F)c2)CC1,7.13076828,test,48
O=c1n(CCN2CCCCCC2)ccn1-c1cccc(Cl)c1,6.398907391,test,18
OC(CNC1CCN(CCSC(c2ccc(F)cc2)c2ccc(F)cc2)CC1)Cc1ccccc1,5.643782866,test,19
OC(Cc1ccccc1)CN1CCC(NCCSC(c2ccc(F)cc2)c2ccc(F)cc2)CC1,5.395665927,test,19
OC1(c2ccc(Cl)cc2)CCN(Cc2ccc(-c3ccc(F)cc3)[nH]2)CC1,5.958212681,test,27
OCCOCCN1CCN(C2=Nc3ccccc3Sc3ccccc32)CC1,6.742321425,test,6
OCc1cc2cc(OCCCCN3CCN(c4cccc(Cl)c4Cl)CC3)ccn2n1,8.434351102,test,40
O[C@@]1(c2ccc(Cl)c(Cl)c2)C[C@@H]2CC[C@H](C1)N2Cc1coc2ccccc12,8.568636236,test,43
O[C@]1(c2ccc(Cl)c(Cl)c2)C[C@@H]2CC[C@H](C1)N2Cc1c[nH]c2ccccc12,7.440093375,test,43
O[C@]1(c2cccc(Cl)c2Cl)C[C@@H]2CC[C@H](C1)N2Cc1c[nH]c2ccccc12,6.262807357,test,43
O[C@]1(c2cccc(Cl)c2Cl)C[C@@H]2CC[C@H](C1)N2Cc1coc2ccccc12,7.386158178,test,43
Oc1cc2c(cc1O)C(c1ccccc1)CNCC2,5.162980051,test,8
Oc1cc2c(cc1O)[C@@H](c1ccccc1)CNCC2,5.163296201,test,8
Oc1cc2c3c(c1O)Cc1ccccc1CC3NCC2,5.09685573,test,15
Oc1ccc(C2CNCCc3c2cc(O)c(O)c3Cl)cc1,7.848323769,test,8
Oc1ccc(C[C@@H]2CCCN2CCCCCCN2CCC[C@@H]2Cc2ccc(O)c(O)c2)cc1O,8.003794894,test,2
Oc1ccc(C[C@@H]2CCCN2CCCCCCN2CCC[C@H]2Cc2ccc(O)c(O)c2)cc1O,7.80161787,test,2
Oc1ccc(N2CCN(Cc3cnn4ccccc34)CC2)cc1,5.214598975,test,26
Oc1ccc(N2CCNCC2)c2c1OCCO2,5.191432173,test,39
Oc1ccc2c(c1)CC(N(CCc1cccs1)CCN1CCN(c3ccccc3)CC1)CC2,7.591760035,test,32
Oc1ccc2c(c1)CC1c3cc(O)c(O)cc3CCN1C2,6.405044605,test,38
Oc1ccc2c(c1)CC1c3cc4c(cc3CCN1C2)OCO4,5.142235398,test,38
Oc1cccc2c1CN1CCc3cc4c(cc3C1C2)OCO4,7.489306106,test,38
[O-][S+](CCN1CCN(CC(O)Cc2ccccc2)CC1)C(c1ccc(F)cc1)c1ccc(F)cc1,7.099086932,test,19
c1ccc(-c2nc(CN3CCN(c4ccccc4)CC3)c[nH]2)cc1,6.59345982,test,9
c1ccc(-n2cc(CN3CCN(c4cc5ccc4CCc4ccc(cc4)CC5)CC3)cn2)cc1,7.467771005,test,12
c1ccc(C2=N[C@@H](CN3CCN(c4ccccc4)CC3)CO2)cc1,6.059367317,test,9
c1ccc(C2CCN(Cc3cnn(-c4ccccc4)c3)CC2)cc1,7.408712735,test,12
c1ccc(CC2CCN(CC3CCc4ccccc4C3)CC2)cc1,5.940815382,test,4
c1ccc(CN2CCN(CC3CCc4ccccc4O3)CC2)cc1,8.336299075,test,4
c1ccc(N2CCN(CCCCCCN3CCN(c4ccccc4)CC3)CC2)cc1,8.698970004,test,9
c1ccc(N2CCN(CCCOc3ccc(-c4nc5ccccc5[nH]4)cc3)CC2)nc1,7.148741651,test,35
c1ccc(N2CCN(Cc3cnn(-c4ccccn4)c3)CC2)cc1,6.468725505,test,12
c1ccc2c(N3CCN(CCc4ccc5[nH]cnc5c4)CC3)cccc2c1,8.575118363,test,24
c1ccc2c(N3CCN(CCc4ccc5[nH]nnc5c4)CC3)cccc2c1,7.602233744,test,24
c1ccc2c(c1)CC(CN1CCN(c3ccc4c(c3)OCCO4)CC1)C2,6.131355562,test,3
c1ccc2c(c1)CCN1CCc3cccc4[nH]cc(c34)C21,5.350762528,test,49
c1ccc2c(c1)CN(CCCCc1nc3ccccc3s1)C2,6.003926346,test,41
c1ccc2c(c1)N=C(N1CCNCC1)c1ccccc1S2,7.420216403,test,6
c1cnc(N2CCN(CCCOc3ccc(-c4nc5ccccc5[nH]4)cc3)CC2)nc1,6.568636236,test,35
c1cnc(N2CCN(CCCOc3ccc(-c4nc5ccccc5o4)cc3)CC2)nc1,6.701146924,test,35
c1cnc(N2CCN(Cc3c[nH]c4ncccc34)CC2)nc1,5.931443105,test,12
c1nc2c(s1)CCN(CCCCN1CCc3ncsc3CC1)CC2,5.199931411,test,36