smiles,y,split,cluster
Brc1ccc2c(NC3=NC[C@@]4(CN5CCC4CC5)O3)ncnn12,5.601886308,train,0
Brc1cnc2nc(N3CCN4CCC3CC4)oc2c1,5.638083381,train,0
C#CCOc1cnc(C(=O)Nc2cc(F)c(F)c([C@@]3(C)N=C(N)S[C@@]4(COC)C[C@H]43)c2)cn1,5.161087973,train,0
C#Cc1cnc(Nc2cnc(C#N)c(O[C@H](C)CN(C)C)n2)cc1NC,5.09685573,train,0
C#Cc1cnc(Nc2cnc(C#N)cn2)cc1NC[C@@H]1CNCCO1,5.086133188,train,0
C(#Cc1cc(-c2n[nH]c3c2Cc2cc(Cn4ccnc4)ccc2-3)cs1)COc1ccccc1,5.844360366,train,0
C1=C(CS/C(=N\C2CCCCC2)NC2CCCCC2)N2CCN=C2S1,5.070529984,train,0
C1=C(c2ccccc2)c2ccccc2OC12CCNCC2,6.166852888,train,0
C1=C/COCc2cc(ccc2OCCN2CCCC2)Nc2nccc(n2)-c2ccc(s2)COC/1,5.142607189,train,0
C1=C/COCc2cc(ccc2OCCN2CCCC2)Nc2nccc(n2)-c2ccnc(c2)OCC/1,5.61960784,train,0
C1CCC(C(CC2CCCCN2)C2CCCCC2)CC1,5.109944121,train,0
C=C(N(C)Cc1ccc(-c2ccccc2)cc1)N1CCN(C(C)C)CC1,5.087097002,train,0
C=CC(=O)N(C)CCOc1c(N)ncnc1-c1cc(F)cc(NC(=O)c2ccc(C3CC3)cc2F)c1C,5.853561865,train,0
C=CC(=O)N1CCC[C@@H](n2nc(-c3ccc(Oc4ccccc4)cc3)c3c(N)n[nH]c(=O)c32)C1,5.251734427,train,0
C=CC(=O)N1CCC[C@@H](n2nc(-c3ccc(Oc4ccccc4)cc3)c3c(N)ncnc32)C1,5.535832779,train,0
C=CC(=O)N1CCC[C@@H](n2nc(-c3cccc(C(=O)NCc4ccc(C(C)(C)C)cc4)c3)c3c(N)ncnc32)C1,5.744486287,train,0
C=CC(=O)N1CCC[C@@H](n2nc(-c3cccc(C(=O)Nc4ccc(C(C)C)c(C)c4)c3)c3c(N)ncnc32)C1,6.521433504,train,0
C=CC(=O)N1CCC[C@@H](n2nc(-c3cccc(C(=O)Nc4ccc(C(C)C)cc4)c3)c3c(N)ncnc32)C1,5.958212681,train,0
C=CC(=O)N1CCC[C@H]1COc1c(N)ncnc1-c1cc(F)cc(NC(=O)c2ccc(C3CC3)cc2F)c1C,7.301029996,train,0
C=CC(=O)N[C@H]1CCN(c2ccc(C(N)=O)c(Nc3ccc(N4CCCCC4)cc3)n2)C1,5.481354476,train,0
C=CC(=O)N[C@H]1CCN(c2ccc(C(N)=O)c(Nc3ccc(N4CCCCC4)nc3)n2)C1,6.583359493,train,0
C=CC(=O)N[C@H]1CCN(c2ccc(C(N)=O)c(Nc3ccc(N4CCOCC4)nc3)n2)C1,5.823619308,train,0
C=CC(=O)Nc1cc(Nc2ncc(C#N)c(-c3cn(C)c4ccccc34)n2)c(OC)cc1N(C)CCN(C)C,5.366430557,train,0
C=CC(=O)Nc1cc(Nc2ncc(Cl)c(-c3cn(C)c4ccccc34)n2)c(OC)cc1N(C)CCN(C)C,5.130709596,train,0
C=CC(=O)Nc1cc(Nc2ncc(Cl)c(-c3cnn4ccccc34)n2)c(OC)cc1N(C)CCN(C)C,5.173860382,train,0
C=CC(=O)Nc1cc(Nc2ncc(Cl)c(-c3cnn4ccccc34)n2)c(OC)cc1N1CC(N(C)C)C1,5.397831449,train,0
C=CC(=O)Nc1cc(Nc2ncc(Cl)c(-c3cnn4ccccc34)n2)c(OC)cc1N1CCN(C)CC1,5.148680487,train,0
C=CC(=O)Nc1cc(Nc2ncc(Cl)c(-c3cnn4ccccc34)n2)c(OC)cc1N1CC[C@@H](N(C)C)C1,5.251734427,train,0
C=CC(=O)Nc1cc(Nc2nccc(-c3c[nH]c4ccccc34)n2)c(OC)cc1N1CCN(C)CC1,5.040910886,train,0
C=CC(=O)Nc1cc(Nc2nccc(-c3cn(C)c4ccccc34)n2)c(OC)cc1N(C)CCN(C)C,6.243363892,train,0
C=CC(=O)Nc1cc(Nc2nccc(-c3cn4c5c(cccc35)CCC4)n2)c(OC)cc1N(C)CCN(C)C,5.072578305,train,0
C=CC(=O)Nc1cccc(Oc2nc(Nc3ccc(N4CCN(C)CC4)cc3)nc3[nH]ccc23)c1,5.999565923,train,0
C=CCN1C[C@H]2C[C@@]2(c2ccc(NS(=O)(=O)c3ccc(C(C)C)cc3)cc2)C1,6.995678626,train,0
C=CCn1nc(NCC(=O)NC2CN([C@H]3CC[C@@H](C(=O)OCC)CC3)C2)c2cc(C(F)(F)F)ccc21,5.431680915,train,0
C=C[C@H]1CN2CC[C@H]1C[C@@H]2[C@@H](O)c1ccnc2ccc(OC)cc12,6.488664864,train,0
C=Cc1c(N)ncnc1N1CCC(c2nc(-c3ccc(F)c(C(F)(F)F)c3)cn2CCN(C)C)CC1,5.958212681,train,0
C=Cc1c(N)ncnc1N1CCC(c2nc(-c3ccc(F)c(C(F)(F)F)c3)cn2CCN2CCC2)CC1,6.031050319,train,0
CC#CCn1c(N2CCCNCC2)c(C#N)c2c1c(=O)n(Cc1c(C#N)cnc3ccccc13)c(=O)n2C,5.356448631,train,0
CC#CCn1c(N2CCCNCC2)c(C#N)c2c1c(=O)n(Cc1nccc3ccccc13)c(=O)n2C,5.468393368,train,0
CC#CCn1c(N2CCC[C@H](N)C2)c(C#N)c2c1c(=O)n(CC(=O)c1cccc(OC)c1)c(=O)n2C,5.885722703,train,0
CC#C[C@@H](c1ccc(Oc2ccc(C(F)(F)F)cc2OC(F)F)cc1)[C@H]1OC(=O)NC1=O,5.468393368,train,0
CC#Cc1cc(-c2n[nH]c3c2Cc2cc(CN4CCN(C)CC4)ccc2-3)cs1,5.850472986,train,0
CC#Cc1ccc2nc(OC)c(C(c3ccccc3)C(O)(CCN(C)C)c3cccc4ccccc34)cc2c1,5.102317938,train,0
CC#Cc1cncc(-c2cc3c(cc2F)OCC2(CC2)C32COC(N)=N2)c1,5.364415734,train,0
CC#Cc1cncc(-c2ccc3c(c2)C2(COC(N)=N2)C2(CC2)CO3)c1,5.509539243,train,0
CC#Cc1cncc(-c2ccc3c(c2)C2(COC(N)=N2)C2(COC2)C(CC)O3)c1,5.100124804,train,0
CC#Cc1cncc(-c2ccc3c(c2)C2(COC(N)=N2)C2(COC2)C(CC2CC2)O3)c1,5.282246307,train,0
CC#Cc1cncc(-c2ccc3c(c2)C2(COC(N)=N2)C2(COC2)C(CCC)O3)c1,5.272377422,train,0
CC#Cc1cncc(-c2ccc3c(c2)C2(COC(N)=N2)C2(COC2)CO3)c1,5.026825947,train,0
CC#Cc1cncc(-c2ccc3c(c2)C2(CSC(N)=N2)C2(COC2)CO3)c1,5.218172847,train,0
CC#Cc1cncc(-c2cccc(C3(c4ccnc(C(F)F)c4)N=C(N)c4c(F)cccc43)c2)c1,5.537452271,train,0
CC#Cc1cncc(-c2cccc([C@@]3(c4cc(C)c(=O)n(CC)c4)N=C(N)c4c(F)cc(F)cc43)c2)c1,5.508498234,train,0
CC#Cc1cncc(-c2cccc([C@@]3(c4cc(C)c(=O)n(CC)c4)N=C(N)c4c(F)cccc43)c2)c1,5.552686891,train,0
CC(=O)C1=NN(c2ccccc2)/C(=C2/S/C(=N\c3nc(-c4ccccc4)cc(-c4ccccc4)c3C#N)N(c3ccccc3)C2=O)S1,5.244048959,train,0
CC(=O)C1CCN(CCOc2ccn(-c3ccc(Cl)c(Cl)c3)n2)CC1,5.346690987,train,0
CC(=O)N1CCC(c2[nH]nc(-c3ccc(F)cc3)c2-c2ccncc2)CC1,6.101823517,train,0
CC(=O)N1CCC(c2cc(C)c(C(=O)NC(=N)N)cc2C(F)(F)F)CC1,5.154839922,train,0
CC(=O)N1CCC(n2cc(Nc3ncc(Cl)c(-c4cnc5ccccn45)n3)c(C)n2)CC1,5.283913146,train,0
CC(=O)N1CCC(n2cc(Nc3ncc(Cl)c(-c4cnc5ccccn45)n3)cn2)CC1,5.267525823,train,0
CC(=O)N1CCC(n2cc(Nc3ncc(Cl)c(-c4cnn5ccccc45)n3)c(C)n2)CC1,5.142607189,train,0
CC(=O)N1CCC[C@@H](c2nc(-c3ccc(C(=O)Nc4cc(C(F)(F)F)ccn4)cc3F)c3c(N)nccn23)C1,5.61960784,train,0
CC(=O)N1CCN(CCCOCc2cc(C)n(-c3ccc(Cl)c(Cl)c3)n2)CC1,5.388807939,train,0
CC(=O)N1CCN([C@H]2C[C@@H](n3cc(-c4ccc(Cl)c(N)c4)c4c(N)ncnc43)C2)CC1,5.102317938,train,0
CC(=O)N1CCN(c2ccc(OCC3COC(Cn4ccnc4)(c4ccc(Cl)cc4Cl)O3)cc2)CC1,5.719772302,train,0
CC(=O)N1CCN(c2cnc3cc(C(F)(F)F)cc(NCc4cccc([N+](=O)[O-])c4)c3c2)CC1,6.336299075,train,0
CC(=O)N1CCc2nc(N3CCC(Oc4ccc(F)cc4F)CC3)c(N[C@@H]3CCOC3)nc2C1,5.705313376,train,0
CC(=O)N1CCc2nc(N3CCC(Oc4ccc(F)cc4F)CC3)c(N[C@H]3CCOC3)nc2C1,6.295849483,train,0
CC(=O)N1C[C@@H](Oc2cccc(F)c2)C[C@@H]1C(=O)N1CCCN(C2CCC2)CC1,5.221776373,train,0
CC(=O)N1Cc2ccccc2CC1CN1CCC2(CCc3ccccc32)CC1,6.300162274,train,0
CC(=O)NC(=O)C1CCC(C2N=CC(c3cccc(Br)c3)=N2)CC1,6.29913194,train,0
CC(=O)NC1CCC(c2nnc(SCCCN3CC[C@]4(C[C@@H]4c4ccc(C(F)(F)F)cc4)C3)n2C)CC1,5.159937212,train,0
CC(=O)NCCN(CCc1ccc(Cl)cc1)C1CCN(c2nc(N)n[nH]2)CC1,5.481354476,train,0
CC(=O)NCCNC(=O)c1ccc(O)cc1OC[C@@H](O)CN1CCC2(CC1)Cc1cc(Cl)ccc1O2,5.920456993,train,0
CC(=O)NCCc1ccccc1-c1ccc([C@H]2CNCC[C@@H]2c2ccc(F)c(F)c2)c(Cl)c1,5.958212681,train,0
CC(=O)NCCc1ccccc1-c1ccc([C@H]2CNCC[C@@H]2c2cccnc2)c(Cl)c1,5.318668294,train,0
CC(=O)NCCc1ccccc1-c1ccc([C@H]2CNCC[C@@H]2c2ccn(C)c(=O)c2)c(Cl)c1,5.236497135,train,0
CC(=O)NCCc1ccccc1-c1ccc([C@H]2CNCC[C@@]23OCc2cc(F)c(F)cc23)c(C)c1,5.292344676,train,0
CC(=O)NCCc1ccccc1-c1ccc([C@H]2CNCC[C@]2(O)c2ccc(F)c(F)c2)c(C)c1,5.376647318,train,0
CC(=O)NC[C@@H]1OC(=O)N2c3ccc(-c4ccc(C#N)nc4)cc3OC[C@@H]12,5.555799011,train,0
CC(=O)N[C@@H]1CC(C)(C)Oc2nc(-c3ccc(Cl)cc3Cl)c(-c3ccc(Cl)cc3)cc21,6.266802735,train,0
CC(=O)N[C@@H]1CC2(CCN(Cc3ccc4c(c3)c3ccccc3n4C(N)=O)CC2)c2ccccc21,5.698752911,train,0
CC(=O)N[C@H]1CC(C)(C)Oc2nc(-c3ccc(Cl)cc3Cl)c(-c3ccc(Cl)cc3)cc21,5.574955125,train,0
CC(=O)Nc1cc(-c2cccc(N3CCN(C)CC3)n2)nc(-n2nc(C)cc2C)n1,6.266802735,train,0
CC(=O)Nc1cc(Nc2cc(NC3CC3)n3ncc(C#N)c3n2)ccc1N(C)CCN(C)C,5.397831449,train,0
CC(=O)Nc1ccc(-c2cc3sc(N4CCC(N5CCCCC5)CC4)nc3cn2)cn1,5.069584873,train,0
CC(=O)Nc1ccc(CC(=O)N(C)C2CCN(Cc3ccc(C(F)(F)F)cc3)CC2)cc1,5.346690987,train,0
CC(=O)Nc1ccc(OCCCCN2CCC(c3noc4cc(F)ccc34)CC2)cc1,6.431680915,train,0
CC(=O)Nc1ccc(OCCCN2CCC(c3noc4cc(F)ccc34)CC2)cc1,5.525638024,train,0
CC(=O)Nc1ccc2ccn(-c3cc(NC4CC4)n4ncc(C#N)c4n3)c2c1,5.065451052,train,0
CC(=O)Nc1cccc(C2CCN(Cc3ccc(C(=O)c4nc(C)c(C)n4-c4ccc(F)cc4)cc3)CC2)c1,5.769295686,train,0
CC(=O)Nc1cccc(C2CCN(Cc3ccc(C(=O)c4nc5ccccc5n4-c4ccc(Cl)cc4)cc3)CC2)c1,5.769295686,train,0
CC(=O)Nc1cccc(C2CCN(Cc3ccc(C(=O)c4nc5ccccc5n4-c4ccc(F)cc4)cc3)CC2)c1,5.705313376,train,0
CC(=O)Nc1cccc(C2CCN(Cc3ccc(C(=O)c4nc5ccccc5n4-c4ccc(F)cc4)cc3F)CC2)c1,5.721017883,train,0
CC(=O)Nc1cccc(C2CCN(Cc3ccc(C(=O)c4nc5ccccc5n4C4CCOCC4)cc3)CC2)c1,5.920456993,train,0
CC(=O)Nc1cccc(N2CCN(CCCCNS(=O)(=O)CC3CCCCC3)CC2)c1,5.42010213,train,0
CC(=O)Nc1cccc(Nc2ncnc(N3CCC(OCc4ccc(C(C)C)cc4)CC3)n2)c1C,6.355561411,train,0
CC(=O)Nc1cccc(Nc2ncnc(N3CCC(OCc4ccc(C)cc4)CC3)n2)c1C,5.714217726,train,0
CC(=O)Nc1cccc(Nc2ncnc(N3CCC(Oc4ccc(C(F)(F)F)cc4)CC3)n2)c1C,5.387110231,train,0
CC(=O)Nc1cccc(Nc2ncnc(N3CCC(Oc4ccc(OC(F)(F)F)cc4)CC3)n2)c1C,5.584859648,train,0
CC(=O)Nc1cccc(Nc2ncnc(N3CCc4ccccc4C3)n2)c1,5.42010213,train,0
CC(=O)c1ccc(-c2cccc(-n3cc(C(=O)NC(C)C)c(=O)c4cccnc43)c2)cc1,5.048128443,train,0
CC(=O)c1cccc(-c2ccc([C@H]3CN(C)C[C@@H]3NS(=O)(=O)C(C)C)cc2)c1,5.102317938,train,0
CC(=O)c1cccc(-c2cccc(-n3cc(C(=O)NC(C)C)c(=O)c4cccnc43)c2)c1,5.157328366,train,0
CC(=O)c1cccc(-c2cccc(-n3cc(C(=O)Nc4nccc(Cl)c4Cl)c(=O)c4cccnc43)c2)c1,6.130181792,train,0
CC(=O)c1cccc(NC(=O)N[C@@H]2CCCC[C@H]2CN2CCC[C@@H](Cc3ccc(F)cc3)C2)c1,6.396855627,train,0
CC(C(O)c1ccc(O)cc1)N1CCC(Cc2ccccc2)CC1,6.995678626,train,0
CC(C(O)c1ccc2[nH]c(=O)oc2c1)N1CCC(O)(c2ccc(F)cc2)CC1,5.584859648,train,0
CC(C(O)c1ccc2c(c1)CCC(=O)N2)N1CCC(O)(c2ccc(F)cc2)CC1,5.065451052,train,0
CC(C(O)c1ccc2c(c1)CN(C)C(=O)N2)N1CCC(O)(c2ccc(F)cc2)CC1,5.508498234,train,0
CC(C(O)c1ccc2c(c1)CNC(=O)N2)N1CCC(O)(c2ccc(F)cc2)CC1,5.130709596,train,0
CC(C(O)c1ccc2c(c1)COC(=O)N2)N1CCC(O)(c2ccc(F)cc2)CC1,5.61960784,train,0
CC(C(O)c1ccc2c(c1)OCC(=O)N2)N1CCC(O)(c2ccc(F)cc2)CC1,5.795608668,train,0
CC(C)(C#N)c1cc(Nc2nc(N3CCC[C@H](N)C3)ncc2C(N)=O)cc(C(C)(C)C#N)c1,5.148680487,train,0
CC(C)(C)C(=O)N1CC(c2cc(F)ccc2F)=C[C@H]1c1cccc(O)c1,5.107849722,train,0
CC(C)(C)C1CCC2(CC1)CCN(c1ccc(OC(F)(F)F)cc1)C(=O)N2Cc1ccc(C(=O)Nc2nn[nH]n2)cc1,5.267525823,train,0
CC(C)(C)CCN1CCC(CNC(=O)C2(c3ccc(F)cc3)CCCCC2)CC1,5.434742657,train,0
CC(C)(C)CCN1CCC(CNC(=O)Cc2ccc(C(C)(C)C)cc2)CC1,5.990549104,train,0
CC(C)(C)CCN1CCC(CNC(=O)Nc2cccc(Cl)c2)(c2ccccc2)CC1,7.050609993,train,0
CC(C)(C)CCN1CCC(CNC(=O)c2ccc(Cl)c(Cl)c2)CC1,5.979638717,train,0
CC(C)(C)CCN1CCC(F)(CNC(=O)c2cc(Cl)cc(Cl)c2)CC1,5.653451441,train,0
CC(C)(C)CCN1CC[C@@H](CNC(=O)c2cc(Cl)cc(Cl)c2)[C@H](F)C1,5.517841305,train,0
CC(C)(C)CCN1CC[C@H](CNC(=O)c2cc(Cl)cc(Cl)c2)[C@H](F)C1,5.38563016,train,0
CC(C)(C)CN1CCC(c2ccccc2Oc2ncccc2NC(=O)Nc2ccc(OC(F)(F)F)cc2)CC1,5.337147767,train,0
CC(C)(C)N1CCC(c2ccccc2)(c2ccccc2)CC1,6.069489048,train,0
CC(C)(C)N1CCN(C(=O)c2ccc(-c3cnc(N)c(-c4ccc(C(F)(F)F)cc4)n3)cc2)CC1,5.698752911,train,0
CC(C)(C)NC(=O)NCCN1CCC(NC(=O)c2cc(Cl)cc(Cl)c2)C1,5.180390267,train,0
CC(C)(C)NC(=O)NCCN1CCCC(NC(=O)c2cc(Cl)cc(Cl)c2)C1,5.387110231,train,0
CC(C)(C)NC(=O)NCCN1CCN(CC(=O)Nc2cc(Cl)cc(Cl)c2)CC1,5.795608668,train,0
CC(C)(C)NC(=O)c1c[nH]c2ncc(-c3ncn4c3CCCC4)nc12,5.387110231,train,0
CC(C)(C)NC(=O)c1c[nH]c2ncc(-c3nn(CCC(O)CO)c4ccc(OC(F)F)cc34)nc12,5.381847267,train,0
CC(C)(C)NC(=O)c1c[nH]c2ncc(-c3nn(CCCN4CC(C#N)C4)c4ccc(OC(F)F)cc34)nc12,6.381951903,train,0
CC(C)(C)NC(=O)c1c[nH]c2ncc(-c3nn(CCCN4CCOCC4)c4ccc(OC(F)F)cc34)nc12,5.841336019,train,0
CC(C)(C)NC(=O)c1c[nH]c2ncc(-c3nn(CCCS(C)(=O)=O)c4ccc(OC(F)F)cc34)nc12,6.366531544,train,0
CC(C)(C)NCCCc1cc(-c2cccc(C(F)(F)F)c2)nc(C#N)n1,5.958212681,train,0
CC(C)(C)OC(=O)NCCCN(Cc1cncn1Cc1ccc(C#N)cc1)[C@H]1CCN(Cc2ccccc2)C1=O,6.954677021,train,0
CC(C)(C)Oc1ccc(S(C)(=O)=O)cc1C(=O)N1Cc2cn(-c3ccccc3F)nc2C1,5.091461368,train,0
CC(C)(C)S(=O)(=O)c1ccc2nccc(Nc3cc[nH]n3)c2c1,5.080608073,train,0
CC(C)(C)S(=O)(=O)c1ccc2nccc(Nc3n[nH]c4c3CCCC4)c2c1,5.063687366,train,0
CC(C)(C)S(=O)(=O)c1ccc2nccc(Nc3n[nH]c4ccc(F)cc34)c2c1,5.128076968,train,0
CC(C)(C)[C@H](N)C(=O)N1CC(c2cc(F)ccc2F)=C[C@H]1c1ccccc1,5.823619308,train,0
CC(C)(C)[C@H](O)C(=O)N1CC(c2cc(F)ccc2F)=C[C@H]1c1cccc(O)c1,5.107849722,train,0
CC(C)(C)c1[nH]c2ccccc2c1C1CCCN(Cc2ccc(/C=C/C(=O)NO)cc2Cl)C1,5.004320939,train,0
CC(C)(C)c1[nH]c2ccccc2c1CCNCc1ccc(/C=C/C(=O)NO)cc1,5.127785437,train,0
CC(C)(C)c1cc(C(=O)Nc2nc(CN)cs2)n(Cc2ccccc2)n1,5.431680915,train,0
CC(C)(C)c1cc(CN2CCN(CCCCCC(c3ccc(F)cc3)c3ccc(F)cc3)CC2)cc(C(C)(C)C)c1O,6.995678626,train,0
CC(C)(C)c1cc(NC(=O)Cc2ccc(-n3cnc4cc(-c5ccc(S(C)(=O)=O)cc5)ccc43)cc2)no1,5.120846754,train,0
CC(C)(C)c1cc(NC(=O)c2cnc3cc(Oc4ncnc5c4CNC5)ccn23)no1,5.036164969,train,0
CC(C)(C)c1cc(NC(=O)n2ccc3cc(Oc4ncnc5c4CCNC5)ccc32)no1,5.154839922,train,0
CC(C)(C)c1cc(NC(=O)n2ccc3cc(Oc4ncnc5c4CNC5)cnc32)no1,5.244048959,train,0
CC(C)(C)c1cc(NC(=O)n2ncc3cc(Oc4ncnc5c4CNC5)ccc32)no1,5.113452877,train,0
CC(C)(C)c1ccc(C(=O)CCCN2CCC(OC(c3ccccc3)c3ccccc3)CC2)cc1,6.478691895,train,0
CC(C)(C)c1ccc(CN2CCC3(CCCCO3)CC2)cc1,5.091461368,train,0
CC(C)(C)c1ccc(NC(=O)N2CCN(c3ncccc3Cl)CC2)cc1,5.999565923,train,0
CC(C)(C)c1cccc(Nc2cc(N[C@@H]3CCCC[C@@H]3N)nnc2C(N)=O)n1,5.899653583,train,0
CC(C)(C)c1csc(N2CCN(C(=O)[C@@H]3CCCC[C@H]3C(=O)NC3(C#N)CC3)CC2)n1,5.199931411,train,0
CC(C)(C)n1nnc2c1CCC(n1cnc(-c3ccc(F)cc3)n1)C2,5.199931411,train,0
CC(C)(CCO)n1nc(-c2ccc3cc(OC4CC4)ccc3c2)c(C(N)=O)c1N,5.346690987,train,0
CC(C)(CN)C(=O)N1CC(c2cc(F)ccc2F)=C[C@H]1c1ccccc1,5.657379957,train,0
CC(C)(CO)Cn1nc(-c2ccc3nc(OC4CC4)ccc3c2)c(C(N)=O)c1N,5.494714326,train,0
CC(C)(Cc1ccccn1)N1C(=O)c2ccccc2C1C(=O)NCc1ccc(OC(F)(F)F)cc1,5.366430557,train,0
CC(C)(N)C(=O)N1CCn2c(nc(-c3ccc(F)cc3)c2Nc2ccc(Cl)c(F)c2)C1,5.251734427,train,0
CC(C)(N)C(=O)N1CCn2c(nc(-c3ccc(F)cc3)c2Nc2ccc(Cl)cc2)C1,5.638083381,train,0
CC(C)(N)C(=O)N1CCn2c(nc(-c3ccc(F)cc3)c2Nc2ccc(F)c(F)c2)C1,5.318668294,train,0
CC(C)(N)C(=O)N1CCn2c(nc(-c3ccc(F)cc3)c2Nc2ccc(F)cc2)C1,5.251734427,train,0
CC(C)(N)C(=O)N1CCn2c(nc(-c3cccc(F)c3)c2Nc2ccc(F)cc2)C1,5.244048959,train,0
CC(C)(N)c1nc(-c2ccc(OC(F)(F)F)cc2)c[nH]1,5.664672967,train,0
CC(C)(N)c1nc(-c2cccc(OC(F)(F)F)c2)c[nH]1,5.045709238,train,0
CC(C)(NC(=O)[C@H]1CN(C2CCCCC2)CC[C@@H]1NC(=O)c1cc(-c2ccc(F)cc2F)on1)c1ccccn1,5.823619308,train,0
CC(C)(NC(=O)c1ccc(Cl)cc1)[C@@H]1[C@H]2C[C@H](n3cnc4cc(F)c(F)cc43)C[C@H]21,5.795608668,train,0
CC(C)(O)C(=O)c1oc2nc(-c3ccccc3Cl)c(-c3ccc(Cl)cc3)cc2c1NC(=O)CO,5.180390267,train,0
CC(C)(O)[C@]1(C(=O)NCc2cc(C(F)(F)F)cc(C(F)(F)F)c2)CC[C@@H](N2CCC(c3cc(Cl)ncn3)CC2)C1,6.728158393,train,0
CC(C)(O)[C@]1(C(=O)NCc2cc(C(F)(F)F)cc(C(F)(F)F)c2)CC[C@@H](N2CCC(c3ccc(F)cc3)CC2)C1,7.259637311,train,0
CC(C)(O)[C@]1(C(=O)NCc2cc(C(F)(F)F)cc(C(F)(F)F)c2)CC[C@@H](N2CCC(c3cncnc3)CC2)C1,6.073143291,train,0
CC(C)(O)c1cc(C(F)(F)F)cc(S(=O)(=O)N2CCN(C(=O)[C@@H]3C[C@H]3c3ccc(C(F)(F)F)cc3)CC2)c1,5.920456993,train,0
CC(C)(O)c1ccc(-c2cc(C(N)=O)c(Nc3cccc(CN4CCOCC4)n3)s2)cc1,5.853561865,train,0
CC(C)(O)c1ccc(C(O)CCCN2CCC(C(O)(c3ccccc3)c3ccccc3)CC2)cc1,6.337674132,train,0
CC(C)(O)c1cccc(-c2ccc3nc(-c4ccc(Cl)cc4)cn3c2)c1,5.823619308,train,0
CC(C)(O)c1nc2cc(Cl)ccc2n1[C@H]1CC[C@@H](NCC2Cc3ccc(Cl)cc3C2)CC1,6.375717904,train,0
CC(C)(O)c1nc2cc(Cl)ccc2n1[C@H]1CC[C@@H](NC[C@H]2Cc3ccc(C#N)cc3C2)CC1,7.214670165,train,0
CC(C)=CCn1c(N2CCCNCC2)c(C#N)c2c1c(=O)n(Cc1c(C#N)cnc3ccccc13)c(=O)n2C,6.045275209,train,0
CC(C)=CCn1c(N2CCCNCC2)c(C#N)c2c1c(=O)n(Cc1cn3ccccc3n1)c(=O)n2C,5.744486287,train,0
CC(C)=CCn1c(N2CCCNCC2)c(C#N)c2c1c(=O)n(Cc1nc(C)c3ccccc3n1)c(=O)n2C,5.698752911,train,0
CC(C)=CCn1c(N2CCCNCC2)c(C#N)c2c1c(=O)n(Cc1ncc3ccccc3c1C#N)c(=O)n2C,5.744486287,train,0
CC(C)=CCn1c(N2CCCNCC2)c(C#N)c2c1c(=O)n(Cc1nccc3ccccc13)c(=O)n2C,5.721017883,train,0
CC(C)=CCn1c(N2CCC[C@H](N)C2)c(C#N)c2c1c(=O)n(Cc1cnc3ccccc3n1)c(=O)n2C,5.300943145,train,0
CC(C)=CCn1c(N2CCC[C@H](N)C2)c(C#N)c2c1c(=O)n(Cc1nc(C)c3ccccc3n1)c(=O)n2C,5.173860382,train,0
CC(C)=CCn1c(N2CCC[C@H](N)C2)c(C#N)c2c1c(=O)n(Cc1nccc3ccccc13)c(=O)n2C,5.045709238,train,0
CC(C)=CCn1c(N2CCC[C@H](N)C2)c(C#N)c2ncn(Cc3ccnc4ccccc34)c(=O)c21,5.376647318,train,0
CC(C)=CCn1c(N2CCC[C@H](N)C2)nc2c1c(=O)n(CC(=O)c1ccccc1)c(=O)n2C,6.696803943,train,0
CC(C)C(=O)N(Cc1ccccc1-c1ccccc1)[C@H]1CCNC1,5.519849275,train,0
CC(C)C(=O)N1CCC[C@@H](c2nc(-c3ccc(C(=O)Nc4cc(C(F)(F)F)ccn4)cc3F)c3c(N)nccn23)C1,5.552686891,train,0
CC(C)C(=O)c1c(Nc2ccc(F)c(F)c2F)[nH]c2c(F)cc(F)cc2c1=O,5.161087973,train,0
CC(C)C1OC2(CCN(CCc3ccccc3)CC2)CN(C)C1=O,5.207538269,train,0
CC(C)C1OC2(CCN(CCc3ccccc3)CC2)CN(c2ccccc2)C1=O,5.920456993,train,0
CC(C)CC[C@@H]1C[C@H](N(C)C(C)C)CC[C@@H]1NC(=O)CNC(=O)c1cccc(C(F)(F)F)c1,5.568475416,train,0
CC(C)CN(C(=O)c1cccc(C(F)(F)F)c1Cl)[C@H]1CCNC1,5.384997385,train,0
CC(C)CN(C(=O)c1ccccc1-c1ccccc1)[C@H]1CCNC1,5.841336019,train,0
CC(C)CN(C(=O)c1ccccc1Oc1ccccc1)[C@H]1CCNC1,5.966174306,train,0
CC(C)CN(CC(C)C)c1cc(C(F)(F)F)cc(COCC2(c3ccc(F)cc3)CCN(C)CC2)n1,5.022230682,train,0
CC(C)CN(CCc1ccc(Cl)c(Cl)c1)C[C@H](O)COc1ccc(NS(C)(=O)=O)cc1,6.136082623,train,0
CC(C)CN(CCc1ccc(Cl)cc1)C1CCN(c2nc(N)n[nH]2)CC1,5.397831449,train,0
CC(C)CN1CCC(COc2ccc(NC(=O)Nc3cccnc3Oc3ccccc3C(C)(C)C)c(F)c2)CC1,5.431680915,train,0
CC(C)CN1CCC(c2ccccc2Oc2ncccc2NC(=O)Nc2ccc(OC(F)(F)F)cc2)CC1,5.221776373,train,0
CC(C)CN1C[C@H](Cc2ccc(Cl)cc2)N(C2CCN(c3n[nH]c(N)n3)CC2)C[C@@H]1C,5.61960784,train,0
CC(C)CNC(=O)c1ccc(C2=CC3(CCNCC3)Oc3ccccc32)cc1,5.496073196,train,0
CC(C)CNCc1ccc(-c2ccccc2S(=O)(=O)N2CCCC2)cc1,5.61960784,train,0
CC(C)CNc1nc(N2CCN(CC3CCCOC3)CC2)ncc1C(=O)NCc1ccccc1,6.235823868,train,0
CC(C)COc1ccc(S(C)(=O)=O)cc1C(=O)N1CCN(c2ccc(C#N)cc2F)CC1,6.154281982,train,0
CC(C)CS(=O)(=O)n1ccc2c(-c3ccc(C(F)(F)F)cc3)cc(N3CCN(C)CC3)nc21,5.677573948,train,0
CC(C)CS(=O)(=O)n1ccc2c(-c3ccc(C(F)(F)F)cc3)cc(N3CCNCC3)nc21,5.853561865,train,0
CC(C)C[C@H](CN)Nc1cc(Nc2cccc(C(C)(C)C)n2)c(C(N)=O)nn1,5.39989111,train,0
CC(C)C[C@H]1CN(C2CCN(c3nc(N)n[nH]3)CC2)[C@@H](Cc2ccc(Cl)cc2)CO1,5.070529984,train,0
CC(C)Cc1cc(C(=O)NCC2(C#N)CCN(CC3=Cc4ccccc4OC3(C)C)CC2)nn1-c1ccccc1,5.325047052,train,0
CC(C)Cc1cc(C(=O)NCC2(C#N)CCN(CCc3ccccc3)CC2)nn1-c1ccccc1,5.803823815,train,0
CC(C)Cc1cc(C(=O)NCC2(C#N)CCN(Cc3ccccc3C(F)(F)F)CC2)nn1-c1ccccc1,5.322301819,train,0
CC(C)Cc1cc(C(=O)NCC2C3CN(CCC(C)(C)C)CC23)nn1-c1ccccc1,5.504316932,train,0
CC(C)Cc1cc(CNC(=O)C2C3CN(CCC(C)(C)C)CC32)nn1-c1ccccc1,5.584859648,train,0
CC(C)Cc1cc(CNC(=O)C2C3CN(Cc4ccccc4)CC32)nn1-c1ccccc1,5.844360366,train,0
CC(C)Cc1cc(CNS(=O)(=O)c2ccc(CCc3ccccc3)cc2)nn1-c1ccccc1,5.058936012,train,0
CC(C)Cc1cc(CNS(=O)(=O)c2ccc(Cc3ccccc3)cc2)nn1-c1ccccc1,5.183692401,train,0
CC(C)Cc1cc(CNS(=O)(=O)c2cccc3cccnc23)nn1-c1ccc(F)cc1,5.795608668,train,0
CC(C)Cc1cc(CNS(=O)(=O)c2cccc3cccnc23)nn1-c1ccccc1,5.330590133,train,0
CC(C)Cc1ccc2ncccc2c1NS(=O)(=O)c1ccc(CCCN2CCN3CCC[C@@H]3C2)cc1,5.885722703,train,0
CC(C)Cc1ccc2ncccc2c1NS(=O)(=O)c1ccc(CCCO[C@H]2C[C@@H]3CC[C@H](C2)N3C)cc1,5.795608668,train,0
CC(C)Cc1ccc2nn(C)cc2c1N(C(F)F)S(=O)(=O)c1ccc(CCCCC2CCN(C)CC2)cc1,5.221776373,train,0
CC(C)Cc1ccc2nn(C)cc2c1NS(=O)(=O)c1ccc(CCCCC2CCN(C)CC2)cc1,5.431680915,train,0
CC(C)Cc1ccc2nn(C)cc2c1NS(=O)(=O)c1ccc(CCCOC[C@@H]2CCCN2C)cc1,5.522734005,train,0
CC(C)Cc1ccc2nn(C)cc2c1NS(=O)(=O)c1ccc(CCCOC[C@@H]2CN(C)CCO2)cc1,5.251734427,train,0
CC(C)Cc1ccc2nn(C)cc2c1NS(=O)(=O)c1ccc(CCCOC[C@H]2CN(C)CCO2)cc1,5.173860382,train,0
CC(C)Cc1ccc2nn(C)cc2c1NS(=O)(=O)c1ccc(CCCOC[C@H]2COCCN2C)cc1,5.508498234,train,0
CC(C)Cc1ccc2nn(C)cc2c1NS(=O)(=O)c1ccc(CCCO[C@H]2C[C@@H]3CC[C@H](C2)N3C)cc1,5.481354476,train,0
CC(C)N(C(=O)c1ccc(C2=CC3(CCNCC3)Oc3ccccc32)cc1)C(C)C,5.166852888,train,0
CC(C)N(C)[C@@H]1CC[C@H](N2CC[C@H](NC(=O)c3cc(C(F)(F)F)cc(C(F)(F)F)c3)C2=O)[C@H](CS(=O)(=O)c2ccccc2)C1,5.397831449,train,0
CC(C)N(C)[C@@H]1CC[C@H](NC(=O)CNC(=O)c2cccc(C(F)(F)F)c2)[C@H](CCc2ccccc2)C1,5.795608668,train,0
CC(C)N(C)[C@@H]1CC[C@H](NC(=O)CNC(=O)c2cccc(C(F)(F)F)c2)[C@H](COc2ccccc2)C1,5.275642196,train,0
CC(C)N(CCc1c(-c2ccccc2)nn2ccccc12)Cc1ccc(/C=C/C(=O)NO)cc1,5.088256622,train,0
CC(C)N(CCc1c[nH]c2ccccc12)Cc1ccc(/C=C/C(=O)NO)cc1,5.23128792,train,0
CC(C)N1CCC[C@@H](CN2CCN(C(=O)Nc3ccc(Cl)c(Cl)c3)CC2)C1,5.885722703,train,0
CC(C)N1CCN[C@@H](CN2CCN(C(=O)Nc3ccc(Cl)c(Cl)c3)CC2)C1,5.251734427,train,0
CC(C)N1CCO[C@@H](CN2CCN(C(=O)Nc3ccc(Cl)c(Cl)c3)CC2)C1,5.20059052,train,0
CC(C)N1C[C@H](c2ccc(-c3cccc(NS(C)(=O)=O)c3)cc2)[C@@H](NS(=O)(=O)C(C)C)C1,5.20059052,train,0
CC(C)NC(=O)c1ccc(-c2ccc3c(c2)CCN(CCN2CCCC2)C3=O)cc1,5.207538269,train,0
CC(C)OC(=O)C1=CN(C(=O)c2ccc(OCCCN3CCOCC3)cc2)CC(C)(C)c2c1[nH]c1ccccc21,5.241012453,train,0
CC(C)OC(=O)N1CCC(C)(CN2CCC3(CC2)CN(S(C)(=O)=O)c2ncccc23)CC1,5.56050941,train,0
CC(C)OC(=O)N1CCC(Oc2ncnc3c2cnn3-c2ccc(S(C)(=O)=O)cc2F)CC1,5.522734005,train,0
CC(C)Oc1cc(C2CCNCC2)ccc1Nc1ncc(Cl)c(Nc2ccccc2S(=O)(=O)C(C)C)n1,5.275642196,train,0
CC(C)Oc1cc(Nc2nc(N[C@@H](C)c3ccc(F)cn3)ncc2Cl)n[nH]1,5.283913146,train,0
CC(C)Oc1ccc(-c2cc3c(N[C@@H]4CC[C@](C)(N)C4(C)C)c(C(N)=O)cnn3c2)cn1,5.275642196,train,0
CC(C)Oc1ccc(-c2nc(-c3cccc4c3OCCN(C(CO)CO)C4)no2)cc1C#N,5.169935752,train,0
CC(C)Oc1ccc(F)cc1-c1ccc(N2CCC(CNC(=O)c3ccc(-c4nc5cc(C#N)cc(C(C)C)c5o4)cc3)CC2)nc1,7.244125144,train,0
CC(C)Oc1ccc(NC(=O)c2cc(N(C)Cc3ccc(F)cc3)ncn2)cc1,5.387110231,train,0
CC(C)Oc1ccc(S(C)(=O)=O)cc1C(=O)N1CCN(c2ccc(C#N)cc2F)CC1,5.481354476,train,0
CC(C)Oc1ccccc1CC(c1ccccc1)N1CCNCC1,5.195792395,train,0
CC(C)Oc1nc(C2CCNCC2)ncc1Nc1ncc(Cl)c(Nc2ccccc2S(=O)(=O)C(C)C)n1,6.396855627,train,0
CC(C)Oc1ncc(-c2nc(-c3ccc4c(c3)CCNCC4)no2)cc1C#N,5.499862364,train,0
CC(C)S(=O)(=O)NCCN1CC2CN(C[C@H](O)COc3ccc(C#N)cc3)CC(C1)O2,5.719772302,train,0
CC(C)S(=O)(=O)N[C@H]1CN(C)C[C@@H]1c1ccc(-c2ccc(C#N)cc2)cc1,5.698752911,train,0
CC(C)S(=O)(=O)N[C@H]1CN(C)C[C@@H]1c1ccc(-c2ccc(F)nc2)cc1,5.999565923,train,0
CC(C)S(=O)(=O)N[C@H]1CN(C)C[C@@H]1c1ccc(-c2cccc(C(F)(F)F)c2)cc1,5.397831449,train,0
CC(C)S(=O)(=O)N[C@H]1CN(C)C[C@@H]1c1ccc(-c2cccnc2F)cc1,5.20059052,train,0
CC(C)S(=O)(=O)N[C@H]1CN(C)C[C@@H]1c1ccc(-c2ccsc2)cc1,5.397831449,train,0
CC(C)S(=O)(=O)N[C@H]1CN(c2ccccc2)C[C@@H]1c1ccc(-c2ccc(C#N)cc2)cc1,6.096367484,train,0
CC(C)S(=O)(=O)N[C@H]1CN(c2ccccc2)C[C@@H]1c1ccc(-c2ccc(F)nc2)cc1,7.091514981,train,0
CC(C)S(=O)(=O)N[C@H]1CN(c2ccccc2)C[C@@H]1c1ccc(-c2cccc(NS(C)(=O)=O)c2)cc1,5.885722703,train,0
CC(C)[C@@H](N)CN1C2CCC1CC(OC(c1ccc(F)cc1)c1ccc(F)cc1)C2,5.360413913,train,0
CC(C)[C@@H](NC(=O)c1ccccc1)C(=O)N1CCC(c2ccc(Cl)cc2)CC1,5.154839922,train,0
CC(C)[C@@H](Nc1nc2cc[nH]c(=O)c2c2cc(F)ccc12)C(F)(F)F,5.455807889,train,0
CC(C)[C@@H](Nc1nc2cc[nH]c(=O)c2c2cnccc12)C(F)(F)F,5.853561865,train,0
CC(C)[C@H](N)C(=O)N1CC(c2cc(F)ccc2F)=C[C@H]1c1cccc(O)c1,5.070529984,train,0
CC(C)[C@H](N)C(=O)N1CC(c2cc(F)ccc2F)=C[C@H]1c1ccccc1,5.61960784,train,0
CC(C)[C@]1(C(=O)N2CCN(c3cc(C(F)(F)F)ccn3)CC2)CC[C@@H](N2CCC3COCCC32)C1,5.958212681,train,0
CC(C)[C@]1(C(=O)N2CCN(c3cc(C(F)(F)F)ccn3)CC2)CC[C@@H](NC2C3CCCC2COC3)C1,5.903089848,train,0
CC(C)[C@]1(C(=O)N2CCN(c3cc(C(F)(F)F)ccn3)CC2)CC[C@@H](N[C@H]2CCOC[C@H]2O)C1,6.521433504,train,0
CC(C)[C@]1(C(=O)NCc2cc(C(F)(F)F)cc(C(F)(F)F)c2)CC[C@@H](N2CCC(c3ccc(F)cc3)CC2)C1,7.769551079,train,0
CC(C)[C@]1(C(=O)NCc2cc(C(F)(F)F)cc(C(F)(F)F)c2)CC[C@@H](N2CCC(c3cccc(C(=O)O)c3)CC2)C1,5.88799428,train,0
CC(C)[C@]1(C(=O)NCc2cc(C(F)(F)F)cc(C(F)(F)F)c2)CC[C@@H](N2CCC(c3cccc(F)c3)CC2)C1,7.337242168,train,0
CC(C)[C@]1(C(=O)NCc2cc(C(F)(F)F)cc(C(F)(F)F)c2)CC[C@@H](N2CCC(c3cccc(O)c3)CC2)C1,7.167491087,train,0
CC(C)[C@]1(C(=O)NCc2cc(C(F)(F)F)cc(C(F)(F)F)c2)CC[C@@H](N2CCC(c3cccnc3)CC2)C1,6.647817482,train,0
CC(C)[C@]1(C(=O)NCc2cc(C(F)(F)F)cc(C(F)(F)F)c2)CC[C@@H](N2CCC(c3ccncn3)CC2)C1,6.882728704,train,0
CC(C)[C@]1(C(=O)NCc2cc(C(F)(F)F)cc(C(F)(F)F)c2)CC[C@@H](N2CCC(c3cncnc3)CC2)C1,5.797018439,train,0
CC(C)[C@]1(C)CC(=O)N(Cc2cc(F)cc(C(=O)N[C@@H](C)c3ccccc3)c2)C(=N)N1,5.045709238,train,0
CC(C)c1c(N)ncnc1N1CCC(c2nc(-c3ccc(F)c(C(F)(F)F)c3)cn2CCN2CCC2)CC1,5.744486287,train,0
CC(C)c1cc(C#N)cc2nc(-c3ccc(C(=O)NCC4CN(c5ccc(-c6ccccc6C#N)cn5)C(=O)O4)cc3)oc12,5.924818145,train,0
CC(C)c1cc(C#N)cc2nc(-c3ccc(C(=O)NC[C@H]4CC[C@@H](c5cccc(C(F)(F)F)c5)CC4)cc3)oc12,5.624702262,train,0
CC(C)c1cc(C#N)cc2nc(-c3ccc(C(=O)NC[C@H]4CN(c5ccc(-c6ccccc6OC(F)(F)F)cn5)C(=O)O4)cc3)oc12,5.445995679,train,0
CC(C)c1cc(C(=O)NC[C@H]2CCN(CCc3ccc(Cl)c(Cl)c3)C2)on1,5.815024809,train,0
CC(C)c1cc(C(=O)NC[C@H]2CCN(CCc3ccc(Cl)c(F)c3)C2)on1,5.817870786,train,0
CC(C)c1cc(C(=O)NC[C@H]2CCN(CCc3ccc(OC(F)(F)F)c(F)c3)C2)on1,6.793174124,train,0
CC(C)c1cc(Nc2nc(N3CCC[C@H](N)C3)ncc2C(N)=O)cc(C(C)C)n1,5.431680915,train,0
CC(C)c1cc2cccc(-c3nnc(C4CCN(CC5CCOCC5)CC4)o3)n2n1,5.721017883,train,0
CC(C)c1ccc(-c2cc(CN3CC[Si](C)(C)CC3)nn2-c2ccc(F)cc2)cc1,5.698752911,train,0
CC(C)c1ccc(-c2cc(CN3CC[Si](C)(C)CC3)nn2C2CCCCC2)cc1,5.09685573,train,0
CC(C)c1ccc(CS(=O)(=O)c2ccc([C@]34CNC[C@H]3C4)cc2)cc1,5.499862364,train,0
CC(C)c1ccc(S(=O)(=O)Cc2ccc([C@]34CNC[C@H]3C4)cc2)cc1,5.899653583,train,0
CC(C)c1ccc(S(=O)(=O)Nc2ccc(C34CNCC3C4)cc2)cc1,5.549820249,train,0
CC(C)c1ccc(S(=O)(=O)Nc2ccc([C@@]34C[C@@H]3CN(C)C4)cc2)cc1,5.799726939,train,0
CC(C)c1ccc(S(=O)(=O)Nc2ccc([C@]34CNC[C@H]3C4)cc2)cc1,5.999565923,train,0
CC(C)c1cccc(Nc2cc(N[C@@H]3CCCC[C@@H]3N)nnc2C(N)=O)n1,5.099945457,train,0
CC(C)c1ccccc1C(=O)N(CC1CCCC1)[C@H]1CCNC1,5.628747371,train,0
CC(C)c1nc(-c2nnc3n2CCN(C(=O)c2ccc(-c4cccs4)cc2)[C@@H]3C)co1,5.136617652,train,0
CC(C)c1nc(Nc2cc(NCCN)nnc2C(N)=O)ccc1F,5.099945457,train,0
CC(C)c1nc(Nc2cc(N[C@@H]3CCOC[C@@H]3N)nnc2C(N)=O)ccc1F,5.099945457,train,0
CC(C)c1noc(-c2nnc3n2CCN(C(=O)c2ccc(F)cc2)[C@@H]3C)n1,5.795608668,train,0
CC(C)c1noc(N2CCC([C@H]3C[C@H]3CCOc3ccc(CC(=O)N4CCC4)c(F)c3)CC2)n1,5.154839922,train,0
CC(C)c1noc(N2CCN(c3ncc(OCc4ccc(S(C)(=O)=O)cc4F)cn3)[C@H](C)C2)n1,5.130709596,train,0
CC(C)n1c(=O)n(C)c2cnc3cc(F)c(-c4ccc(OCCCN5CCCCC5)nc4)cc3c21,5.183692401,train,0
CC(C)n1cc(C(=O)c2cncc(NC(=O)Cc3ccc(Cl)cc3)c2)c2c(N)ncnc21,5.107849722,train,0
CC(C)n1cc(C(=O)c2cncc(NC(=O)Cn3ccc(C(F)(F)F)n3)c2)c2cnccc21,5.795608668,train,0
CC(CC(C)(C)C)N1CCC(CNC(=O)c2cc(Cl)cc(Cl)c2)CC1,5.655804284,train,0
CC(CC(c1ccccc1)c1ccccc1)NC(C)(C)C,5.239924488,train,0
CC(C[C@H](NC(=O)C1CCC1)c1ccccc1)N1CCC(c2nnc(CN(C)C)o2)CC1,5.508498234,train,0
CC(Cc1ccccc1)NCCC(c1ccccc1)c1ccccc1,7.180456064,train,0
CC(Cc1ccccn1)N1C(=O)c2ccccc2C1C(=O)NCc1ccc(OC(F)(F)F)cc1,5.065451052,train,0
CC(N(C)C)C1(c2ccc3ccccc3c2)CCCCC1,5.366430557,train,0
CC(NC(=O)C1(N)CCN(c2ncnc3[nH]ccc23)CC1)c1ccc(Cl)cc1,5.142607189,train,0
CC(NC(=O)C1c2ccccc2C(=O)N1CCc1ccccn1)c1ccc(OCC(F)(F)F)cc1,5.136617652,train,0
CC(NC(=O)c1ccc(Cl)cc1)[C@@H]1[C@H]2C[C@H](n3cnc4cc(F)c(F)cc43)C[C@H]21,5.721571401,train,0
CC(O)CN1[C@@H](C)CN(CCSC(c2ccc(F)cc2)c2ccc(F)cc2)C[C@H]1C,6.196542884,train,0
CC(O)CN1[C@@H](C)CN(CC[S+]([O-])C(c2ccc(F)cc2)c2ccc(F)cc2)C[C@H]1C,5.136617652,train,0
CC(OC(=O)N1C[C@H]2[C@H](CNC(=O)c3ccc4[nH]c(=O)oc4c3)[C@H]2C1)c1cc(Cl)cc(Cl)c1,5.070529984,train,0
CC(Oc1ccc(S(C)(=O)=O)cc1C(=O)N1CCN(c2ccc(C#N)cc2)CC1)C(F)(F)F,5.920456993,train,0
CC(Oc1ccc(S(C)(=O)=O)cc1C(=O)N1CCN(c2ccc(C#N)cc2F)CC1)C(F)(F)F,5.522734005,train,0
CC(Oc1ccc(S(C)(=O)=O)cc1C(=O)N1CCN(c2ccc(C(F)(F)F)cc2F)CC1)C(F)(F)F,5.161087973,train,0
CC(Oc1ccccc1CC1CC1)C1=NCCN1,5.050561199,train,0
CC(c1ccc(OCCCN2CCC(c3noc4cc(F)ccc34)CC2)cc1)c1nc2ccccc2o1,5.995248844,train,0
CC(c1ccccc1Oc1ccc(Cl)c(Cl)c1)N(C)C,6.045275209,train,0
CC/C(=C(\c1ccccc1)c1ccc(OCCN(C)C)cc1)c1ccccc1,5.799726939,train,0
CC/N=C(\c1ccc(OC)c(OC)c1)N1CCCc2cc(C3=NNC(=O)SC3C)ccc21,5.179934566,train,0
CC1(C(=O)N2CC(c3nc(-c4ccc(C(=O)Nc5cc(C(F)(F)F)ccn5)cc4)c4c(N)nccn34)C2)COC1,6.396855627,train,0
CC1(C(=O)N2CCC[C@@H](c3nc(-c4ccc(C(=O)Nc5cc(C(F)(F)F)ccn5)cc4)c4c(N)nccn34)C2)COC1,5.455807889,train,0
CC1(C(=O)N2CC[C@@H](c3nc(-c4ccc(C(=O)Nc5cc(C(F)(F)F)ccn5)cc4)c4c(N)nccn34)C2)COC1,5.601886308,train,0
CC1(C)C(=O)Nc2nc(-n3nc(CCCC(F)(F)F)c4cc(Cl)ccc43)nc(N)c21,5.387110231,train,0
CC1(C)C(=O)Nc2nc(-n3nc(Cc4c(F)ccc(F)c4F)c4cc(Cl)ccc43)nc(N)c21,5.853561865,train,0
CC1(C)C(=O)Nc2nc(-n3nc(Cc4c(F)ccc(F)c4F)c4ccccc43)nc(N)c21,5.657379957,train,0
CC1(C)C(=O)Nc2nc(-n3nc(Cc4ccccc4F)c4cc(Cl)ccc43)nc(N)c21,5.823619308,train,0
CC1(C)C(=O)Nc2nc(-n3nc(Cc4ccccc4F)c4ccccc43)nc(N)c21,5.309715297,train,0
CC1(C)CC(CN2CCC(F)(CNC(=O)c3cc(Cl)cc(Cl)c3)CC2)CCO1,5.075152367,train,0
CC1(C)CC(NC(=O)C(C)(C)O)c2cc(-c3ccc(Cl)cc3)c(-c3ccc(Cl)cc3Cl)nc2O1,6.419075024,train,0
CC1(C)CC(NC(=O)C(C)(O)C(F)(F)F)c2cc(-c3ccc(Cl)cc3)c(-c3ccc(Cl)cc3Cl)nc2O1,6.221125528,train,0
CC1(C)CC(NC(=O)C(F)(F)CO)c2cc(-c3ccc(Cl)cc3)c(-c3ccc(Cl)cc3Cl)nc2O1,7.091514981,train,0
CC1(C)CC(NC(=O)C2(O)CC2)c2cc(-c3ccc(Cl)cc3)c(-c3ccc(Cl)cc3Cl)nc2O1,6.521433504,train,0
CC1(C)CC(NC(=O)CC(O)C(F)(F)F)c2cc(-c3ccc(Cl)cc3)c(-c3ccc(Cl)cc3Cl)nc2O1,5.721238519,train,0
CC1(C)CC(NC(=O)CCO)c2cc(-c3ccc(Cl)cc3)c(-c3ccc(Cl)cc3Cl)nc2O1,6.419075024,train,0
CC1(C)CN(C(=O)Nc2cc(-c3cn(C4CCOCC4)c4cnccc34)ccn2)C1,5.42010213,train,0
CC1(C)C[C@@H](CN2CCC(F)(CNC(=O)c3cc(Cl)cc(Cl)c3)CC2)CCO1,5.479349243,train,0
CC1(C)C[C@@H](NC(=O)c2ccc3[nH]ncc3c2)c2cc(-c3ccc(Cl)cc3)c(-c3ccc(Cl)cc3Cl)nc2O1,6.199970641,train,0
CC1(C)C[C@@H](NC(=O)c2cn[nH]c2)c2cc(-c3ccc(Cl)cc3)c(-c3ccc(Cl)cc3Cl)nc2O1,6.419075024,train,0
CC1(C)C[C@@H](NC(=O)c2n[nH]c3ccccc23)c2cc(-c3ccc(Cl)cc3)c(-c3ccc(Cl)cc3Cl)nc2O1,5.337147767,train,0
CC1(C)C[C@H](CN2CCC(F)(CNC(=O)c3cc(Cl)cc(Cl)c3)CC2)CCO1,5.300075597,train,0
CC1(C)Cc2cccc(CN3CCC4(CC3)CCN(C(=O)c3ncccc3N)CC4)c2O1,5.379896232,train,0
CC1(C)NCCc2c1oc1cc(S(=O)(=O)c3cccc(F)c3)ccc21,5.999565923,train,0
CC1(C)OC(=O)c2ccc(Nc3ncc(-c4nc(C56CCN(CC5)CC6)no4)c(N[C@H](CO)c4ccccc4)n3)cc21,6.243363892,train,0
CC1(C)OC2(CCN(CCc3ccccc3)CC2)CN(c2ccccc2)C1=O,6.995678626,train,0
CC1(C)Oc2ccc(NC(=O)c3ccc(Cl)cn3)cc2[C@@]2(COC(N)=N2)C12CC2,5.487983031,train,0
CC1(C)[C@H](Nc2c(C(N)=O)cnn3cc(-c4ccc(C#N)nc4)cc23)CC[C@]1(C)N,5.387110231,train,0
CC1(C)[C@H](Nc2c(C(N)=O)cnn3cc(-c4cccc(Cl)c4)cc23)CC[C@]1(C)N,5.221776373,train,0
CC1(C)[C@H](Nc2c(C(N)=O)cnn3cc(-c4cccc(F)c4)cc23)CC[C@]1(C)N,5.119129267,train,0
CC1(C)[C@H](Nc2c(C(N)=O)cnn3cc(-c4ccccc4F)cc23)CC[C@]1(C)N,5.01768353,train,0
CC1(C)[C@H](Nc2c(C(N)=O)cnn3cc(-c4cncc(F)c4)cc23)CC[C@]1(C)N,5.300943145,train,0
CC1(C)[C@H](Nc2c(C(N)=O)cnn3cc(-c4cncnc4)cc23)CC[C@]1(C)N,5.070529984,train,0
CC1(C)c2cc(C3CCN(CC4CCOCC4)CC3)ccc2C(=O)c2c1[nH]c1cc(C#N)ccc21,5.576590272,train,0
CC1(C)c2nc(-c3ccc(F)cc3)c(Nc3ccc(Cl)cc3)n2CCN1C(=O)CN,5.142607189,train,0
CC1(COc2ccc(OC(F)(F)F)cc2)CCn2cc([N+](=O)[O-])nc2O1,5.42010213,train,0
CC1(Cn2nc(-c3ccc4cc(OC5CC5)ccc4c3)c3c(N)ncnc32)COC1,5.721017883,train,0
CC1(N)CCN(c2cnc(-c3cccc(Cl)c3Cl)c(N)n2)CC1,5.229074385,train,0
CC1(N2CCC(N(c3ccccc3)c3cccnc3)CC2)CCN(C(=O)c2c(Cl)c[n+]([O-])cc2Cl)CC1,5.356448631,train,0
CC1(N2CCC(N(c3ccccc3)c3cccnc3)CC2)CCN(C(=O)c2c(Cl)cncc2Cl)CC1,5.698752911,train,0
CC1(O)CN(S(=O)(=O)c2ccc3c(C(=O)NC[C@@H](O)CN4CCC(Oc5ccc(Cl)c(Cl)c5)CC4)c[nH]c(=O)c3c2)C1,5.499862364,train,0
CC1(OC(=O)N2CCC([C@H]3C[C@H]3CCOc3ccc(CC(=O)N4CCC4)c(F)c3)CC2)CC1,5.065451052,train,0
CC1(c2ccc(-n3cnnn3)cc2)NC(=O)N(CC(=O)c2ccc(F)cc2F)C1=O,5.199931411,train,0
CC1(c2ccc(OC(F)F)cc2)NC(=O)N(CC(=O)c2ccc(F)cc2F)C1=O,5.299913558,train,0
CC1(c2cccc(-c3cccc(Cl)c3)c2)N=C(N)CCO1,5.211054273,train,0
CC1(c2cccc(-c3cccnc3)c2)N=C(N)c2ccccc2O1,5.552686891,train,0
CC1(c2cccc(-c3cncnc3)c2)N=C(N)c2c(F)cccc2O1,5.045709238,train,0
CC1(c2cccc(-c3cncnc3)c2)N=C(N)c2ccccc2O1,5.244048959,train,0
CC1(c2cccc(-c3cncnc3)c2)N=C(N)c2ccccc2S1,5.221776373,train,0
CC1=C(c2cccc(O)c2)[C@H](c2ccc(OCCN3CC(CF)C3)cc2)Oc2ccc(O)cc21,5.337147767,train,0
CC1=C[C@@](CF)(c2cc(NC(=O)c3ccc(C#N)cn3)ccc2F)N=C(N)O1,5.40882405,train,0
CC1=NN(c2ccc(C)c(C)c2)C(=O)/C1=N\Nc1cccc(-c2cccc(C(=O)O)c2)c1O,6.160521953,train,0
CC1CCCN1CCc1ccc2nc(-c3cccs3)ccc2c1,5.605373236,train,0
CC1CCCN1CCc1ccc2nc(-c3ccoc3)ccc2c1,5.075669015,train,0
CC1CCCN1CCc1ccc2nc(-c3ccsc3)ccc2c1,5.318668294,train,0
CC1CCN(C(=O)c2ccc3c(c2)c2c(n3C)CCN(C3CCOCC3)C2)CC1,5.584859648,train,0
CC1CCN(CCCOc2ccc(=O)n(-c3ccc(Cl)c(Cl)c3)n2)CC1,5.835349784,train,0
CC1CCN(CCCOc2ccc(=O)n(-c3ccc(Cl)cc3)n2)CC1,5.79290446,train,0
CC1CCN(CCCOc2ccc(=O)n(-c3ccc(F)c(Cl)c3)n2)CC1,5.665345233,train,0
CC1CCN(CCCOc2ccc(=O)n(-c3ccc(F)c(F)c3)n2)CC1,5.571703186,train,0
CC1CCN(Cc2ccc3c(c2)Cc2c(-c4csc(C#CCOc5ccccc5)c4)n[nH]c2-3)CC1,7.091514981,train,0
CC1COCC(C)N1S(=O)(=O)c1ccc(-c2ccc(CCN3CCC[C@H]3C)cc2)cc1,5.932679878,train,0
CC1N(S(=O)(=O)c2ccc(F)cc2)c2ccc(C(=O)NCc3ccccc3Cl)cc2C12CCNCC2,5.958212681,train,0
CC1N=CN=C1CN1CCc2c(c3ccccc3n2C)C1=O,5.499862364,train,0
CC1OC2(CCN(CCc3ccc(F)cc3)CC2)CN(c2ccccc2)C1=O,6.995678626,train,0
CC1OC2(CCN(CCc3cccc(C#N)c3)CC2)CN(c2ccccc2)C1=O,6.221125528,train,0
CC1OC2(CCN(CCc3cccc(F)c3)CC2)CN(c2ccccc2)C1=O,6.221125528,train,0
CC1OC2(CCN(CCc3ccccc3)CC2)CN(C(C)C)C1=O,5.40882405,train,0
CC1OC2(CCN(CCc3ccccc3)CC2)CN(CCc2ccccc2)C1=O,6.696803943,train,0
CC1OC2(CCN(CCc3ccccc3)CC2)CN(Cc2ccccc2)C1=O,6.995678626,train,0
CC1OC2(CCN(CCc3ccccc3)CC2)CN(c2ccccc2)C1=O,6.396855627,train,0
CC1OC2(CCN(CCc3ccccc3)CC2)CN(c2ccccc2Cl)C1=O,5.999565923,train,0
CC1OC2(CCN(CCc3ccccc3)CC2)CN(c2ccccc2F)C1=O,5.920456993,train,0
CC1OC2(CCN(CCc3ccccc3)CC2)CN(c2cccnc2C(F)(F)F)C1=O,5.42010213,train,0
CC1OC2(CCN(CCc3ccccc3)CC2)CN(c2cncc(C(F)(F)F)c2)C1=O,6.300162274,train,0
CC1OC2(CCN(CCc3ccccc3)CC2)CN(c2cncc(F)c2)C1=O,5.958212681,train,0
CC1OC2(CCN(CCc3ccccc3)CC2)CN(c2cnccc2C(F)(F)F)C1=O,5.481354476,train,0
CC1OC2(CCN(CCc3ccccc3)CC2)CN(c2cnccn2)C1=O,6.995678626,train,0
CC1OC2(CCN(CCc3ccccc3)CC2)CN(c2ncccc2C(F)(F)F)C1=O,5.086133188,train,0
CC1OC2(CCN(CCc3ccccc3)CC2)CN(c2ncccc2F)C1=O,5.920456993,train,0
CC1OC2(CCN(CCc3ccccc3F)CC2)CN(c2ccccc2)C1=O,6.096367484,train,0
CC1OC2(CCN(CCc3ccccn3)CC2)CN(c2ccccc2)C1=O,5.698752911,train,0
CC1c2ccc(C#N)c(c2)Oc2cccc(c2)CN2CC[C@@H](NCc3cncn31)C2=O,5.075669532,train,0
CCC(=O)N(C)CCOc1c(N)ncnc1-c1cc(F)cc(NC(=O)c2ccc(C3CC3)cc2F)c1C,5.537452271,train,0
CCC(=O)NCCc1ccccc1-c1ccc([C@H]2CNCC[C@@H]2c2ccn(C)c(=O)c2)c(Cl)c1,5.552686891,train,0
CCC(=O)OC(Cc1ccccc1)(c1ccccc1)C(C)CN(C)C,5.559842141,train,0
CCC(C)(C)Cc1c[nH]c(CCc2ccc(-c3ccccn3)cc2)n1,5.920456993,train,0
CCC(C)(C)c1ccc(S(=O)(=O)Nc2ccc([C@]34CNC[C@H]3C4)cc2)cc1,5.899653583,train,0
CCC(C)C(C)CN1CCC(CNC(=O)c2cc(Cl)cc(Cl)c2)CC1,6.053547735,train,0
CCC(C)c1ccc(OCCOc2ccc(Cl)cc2CNn2cnnc2)cc1,5.851089007,train,0
CCC(CC)CNc1c(C(N)=O)c(C)nc2ccc(-c3cccnc3)cc12,6.166852888,train,0
CCC(CC)CNc1c(C(N)=O)cnc2c(C)cc(-c3cccnc3)cc12,6.442492798,train,0
CCC(CC)CNc1c(C(N)=O)cnc2ccc(-c3ccc(C)nc3)cc12,5.481354476,train,0
CCC(CC)CNc1c(C(N)=O)cnc2ccc(-c3ccc(CO)nc3)cc12,5.508498234,train,0
CCC(CC)CNc1c(C(N)=O)cnc2ccc(-c3ccc(COC)nc3)cc12,5.601886308,train,0
CCC(CC)CNc1c(C(N)=O)cnc2ccc(-c3ccc(CS(C)(=O)=O)cc3)cc12,5.677573948,train,0
CCC(CC)CNc1c(C(N)=O)cnc2ccc(-c3ccc(CS(C)(=O)=O)nc3)cc12,5.721017883,train,0
CCC(CC)CNc1c(C(N)=O)cnc2ccc(-c3cccnc3)cc12,6.17327748,train,0
CCC(CC)CNc1c(C(N)=O)cnc2ccc(-c3cccnn3)cc12,5.638083381,train,0
CCC(CC)CNc1c(C(N)=O)cnc2ccc(-c3ccncc3)cc12,6.2069084,train,0
CCC(CC)CNc1c(C(N)=O)cnc2ccc(-c3ccnnc3)cc12,5.795608668,train,0
CCC(CC)CNc1c(C(N)=O)cnc2ccc(-c3cncnc3)cc12,6.118615343,train,0
CCC(CC)CNc1c(C(N)=O)cnc2ccc(-c3cnn(C)c3)cc12,5.920456993,train,0
CCC(CC)CNc1c(C(N)=O)cnc2ccc(C#N)cc12,5.638083381,train,0
CCC(CC)COc1c(C(N)=O)cnc2ccc(-c3cccnc3)cc12,5.677573948,train,0
CCC(CC)N(C(=O)c1cccc(Cl)c1Cl)[C@H]1CCNC1,5.111202933,train,0
CCC(CC)NCCCc1cc(-c2cccc(C(F)(F)F)c2)nc(C#N)n1,6.493494968,train,0
CCC(CC)Nc1cc(C(F)(F)F)cc(COCC2(c3ccc(F)cc3)CCN(C)CC2)n1,5.148680487,train,0
CCC(CO)NS(=O)(=O)c1ccc(-c2ccc(CCN3CCC[C@H]3C)cc2)cc1,5.291654747,train,0
CCC(NC(=O)C1(N)CCN(c2ncnc3[nH]ccc23)CC1)c1ccc(Cl)cc1,5.187353984,train,0
CCC(NC(=O)c1ccc(Cl)cc1)[C@@H]1[C@H]2C[C@H](n3cnc4c(F)cc(F)cc43)C[C@H]21,5.721017883,train,0
CCC(NC(=O)c1ccc(Cl)cc1)[C@@H]1[C@H]2C[C@H](n3cnc4c(F)cccc43)C[C@H]21,5.999565923,train,0
CCC(NC(=O)c1ccc(Cl)cc1)[C@@H]1[C@H]2C[C@H](n3cnc4cc(C#N)ccc43)C[C@H]21,6.821023053,train,0
CCC(NC(=O)c1ccc(Cl)cc1)[C@@H]1[C@H]2C[C@H](n3cnc4cc(C#N)cnc43)C[C@H]21,6.160521953,train,0
CCC(NC(=O)c1ccc(Cl)cc1)[C@@H]1[C@H]2C[C@H](n3cnc4cc(Cl)c(Cl)cc43)C[C@H]21,5.01768353,train,0
CCC(NC(=O)c1ccc(Cl)cc1)[C@@H]1[C@H]2C[C@H](n3cnc4cc(F)c(F)cc43)C[C@H]21,5.300943145,train,0
CCC(NC(=O)c1ccc(Cl)cc1)[C@@H]1[C@H]2C[C@H](n3cnc4cc(F)cc(F)c43)C[C@H]21,6.243363892,train,0
CCC(NC(=O)c1ccc(Cl)cc1)[C@@H]1[C@H]2C[C@H](n3cnc4cc(F)ccc43)C[C@H]21,6.742321425,train,0
CCC(NC(=O)c1ccc(Cl)cc1)[C@@H]1[C@H]2C[C@H](n3cnc4cc(F)cnc43)C[C@H]21,5.677573948,train,0
CCC(NC(=O)c1ccc(Cl)cc1)[C@@H]1[C@H]2C[C@H](n3cnc4ccc(F)c(F)c43)C[C@H]21,5.267525823,train,0
CCC(NC(=O)c1ccc(Cl)cc1)[C@@H]1[C@H]2C[C@H](n3cnc4ccc(F)cc43)C[C@H]21,5.267525823,train,0
CCC(NC(=O)c1ccc(Cl)cc1)[C@@H]1[C@H]2C[C@H](n3cnc4cccc(F)c43)C[C@H]21,5.677573948,train,0
CCC(NC(=O)c1ccc(Cl)cc1)[C@@H]1[C@H]2C[C@H](n3cnc4ccccc43)C[C@H]21,6.107348966,train,0
CCC(NC(=O)c1ccc(Cl)cc1)[C@@H]1[C@H]2C[C@H](n3cnc4ccncc43)C[C@H]21,5.920456993,train,0
CCC(NC(=O)c1ccc(Cl)cc1)[C@@H]1[C@H]2C[C@H](n3cnc4cnccc43)C[C@H]21,7.22184875,train,0
CCC(NC(=O)c1ccc(Cl)cc1)[C@@H]1[C@H]2C[C@H](n3cnc4ncc(C#N)cc43)C[C@H]21,5.283913146,train,0
CCC(NCCCC[C@@H](Nc1cc(C)c(F)c(C)c1)C(=O)NO)c1ccc(F)cc1,6.021819483,train,0
CCC(NCCCC[C@@H](Oc1cc(C)c(F)c(C)c1)C(=O)NO)c1ccc(F)cc1,5.568475416,train,0
CCC(O)c1cn(-c2ccc(F)cc2)c2ccc(Cl)cc12,5.657379957,train,0
CCC(c1nc2cc(Cl)ccc2[nH]1)[C@@H]1[C@H]2C[C@H](c3ccnc4ccc(F)cc34)C[C@H]21,5.999565923,train,0
CCC1(C)CC(=O)N(CCCCN2CCN(c3cccc4sccc34)CC2)C(=O)C1,5.206838471,train,0
CCC1(c2cccc(-c3cncnc3)c2)N=C(N)c2ccccc2O1,5.795608668,train,0
CCC1COCC[C@@H]1N[C@@H]1CC[C@@](C(=O)N2CCN(c3cc(C(F)(F)F)ccn3)CC2)(C(C)C)C1,5.920456993,train,0
CCC1OC2(CCN(CCc3ccccc3)CC2)CN(c2ccccc2)C1=O,6.396855627,train,0
CCCC#Cc1cc(-c2n[nH]c3c2Cc2cc(CN4CCN(C)CC4)ccc2-3)cs1,5.744486287,train,0
CCCC1(C(=O)c2cc(F)c3[nH]ccc3c2)CCCN1,5.229074385,train,0
CCCC1(C(=O)c2ccc(Cl)c(Cl)c2)CCCN1,5.508498234,train,0
CCCCC(NC(=O)CC1CCN(Cc2ccn(-c3ccc(C(F)(F)F)cc3)c2)CC1)c1ccc(OC)nc1,5.999565923,train,0
CCCCC1(c2ccc3[nH]ccc3c2)CCNC1,5.356448631,train,0
CCCCCCC#Cc1cccc(C#CCCCCCC)[n+]1C,5.700492701,train,0
CCCCCCCCC(=O)NCc1ccc(CC(O)CO)c(OC)c1,6.995678626,train,0
CCCCCCCN(CC)CCCC(O)c1ccc(NS(C)(=O)=O)cc1,7.958607315,train,0
CCCCCCCN(CC)CCCCc1ccc([N+](=O)[O-])cc1,8.496481687,train,0
CCCCCCCN1CCC(C(=O)c2ccccc2)CC1,6.903089987,train,0
CCCCCCCN1CCC(Cc2ccccc2)CC1,7.229147988,train,0
CCCCC[C@@H](Cc1ccc(C(=O)NCCC(=O)O)cc1)C(=O)c1cc2cc(Cl)ccc2n1-c1cccc(C(F)(F)F)c1,5.431680915,train,0
CCCCCc1nn(-c2nc(N)c3c(n2)NC(=O)C3(C)C)c2ccc(Cl)cc12,5.045709238,train,0
CCCCN(CCCC)CCC(O)c1cc2c(Cl)cc(Cl)cc2c2cc(C(F)(F)F)ccc12,6.697820646,train,0
CCCCN(CCc1ccc(Cl)c(Cl)c1)C[C@H](O)COc1ccc(NS(C)(=O)=O)cc1,7.148741651,train,0
CCCCN1CCC2(CC1)OC(OC)c1c2cnn1-c1ccccc1,8.782516056,train,0
CCCCNc1nc(N)nc2c1CN(C(=O)c1cccs1)CC2,6.045275209,train,0
CCCCNc1nc(N)nc2c1CN(C(=O)c1csc(C)n1)CC2,5.885722703,train,0
CCCCNc1nccc2[nH]c3ccccc3c12,5.799726939,train,0
CCCCOc1cc(Cl)c(/N=N/c2c(O)ccc3ccccc23)c(OCCCC)c1,6.396855627,train,0
CCCCOc1cc(Cl)cc(OCCCC)c1/N=N/c1c(O)ccc2ccccc12,6.396855627,train,0
CCCCOc1ccc(C(=O)N[C@@H]2COc3cccc(N4CCN(C)CC4)c3C2)cc1,5.199931411,train,0
CCCCOc1ccc(Cl)c(OCCCC)c1/N=N/c1c(O)ccc2ccccc12,6.419075024,train,0
CCCCOc1ccc(S(=O)(=O)NCCc2c[nH]c3ccccc23)cc1,5.497436331,train,0
CCCC[C@@H](CCO)Nc1nc(N)nc2c(F)cccc12,5.34959533,train,0
CCCC[C@@H](CCO)Nc1nc(N)nc2c1CN(C(=O)c1cccs1)CC2,5.161087973,train,0
CCCC[C@@H](CCO)Nc1nc(N)nc2cc(C)ccc12,5.744486287,train,0
CCCC[C@@H](CCO)Nc1nc(N)nc2cc(F)ccc12,5.309715297,train,0
CCCC[C@@H](CCO)Nc1nc(N)nc2cc(OC)ccc12,5.494714326,train,0
CCCC[C@@H](CCO)Nc1nc(N)nc2ccc(C)cc12,5.267525823,train,0
CCCC[C@@H](CCO)Nc1nc(N)nc2ccc(F)cc12,5.236497135,train,0
CCCC[C@@H](CCO)Nc1nc(N)nc2ccc(OC)cc12,5.221776373,train,0
CCCC[C@@H](CCO)Nc1nc(N)nc2cccc(C)c12,6.221125528,train,0
CCCC[C@@H](CCO)Nc1nc(N)nc2ccccc12,5.568475416,train,0
CCCC[C@@H]1C[C@H](N(C)C(C)C)CC[C@@H]1NC(=O)CNC(=O)c1cccc(C(F)(F)F)c1,6.442492798,train,0
CCCCc1cc(N2CCN(CCc3ccc(OCCCN4CCCCCC4)cc3)CC2)c2nc(CCC(=O)O)ccc2c1,5.599826522,train,0
CCCCc1cc(OC2CCN(CCCCS(=O)(=O)NCCC)CC2)c2ncccc2c1,7.015472687,train,0
CCCCc1cc(OC2CCN(CCCS(=O)(=O)C(C)(C)C)CC2)c2ncccc2c1,6.329067984,train,0
CCCCc1cc(OC2CCN(CCS(=O)(=O)NC(C)(C)C)CC2)c2ncccc2c1,6.19931041,train,0
CCCCc1ccc(S(=O)(=O)Nc2ccc([C@]34CNC[C@H]3C4)cc2)cc1,5.699782895,train,0
CCCCc1ccc(S(=O)(=O)Nc2ccc3c(c2)CCN(Cc2cc[nH]n2)CC3)cc1,5.599826522,train,0
CCCCc1nc(C(C)C)c(CC(=O)OCC)c(=O)n1Cc1ccc(-c2ccccc2-c2noc(=O)[nH]2)cc1,5.091461368,train,0
CCCCc1nc(C(C)C)c(CC(=S)N2CCCC2)c(=O)n1Cc1ccc(-c2ccccc2-c2noc(=O)[nH]2)cc1,5.154839922,train,0
CCCCc1oc2ccc(NS(C)(=O)=O)cc2c1C(=O)c1ccc(OCCCN(CCCC)CCCC)cc1,6.498625749,train,0
CCCN(CCC)[C@H](c1ccccn1)[C@@H](c1ccccn1)N(CCC)CCC,5.20059052,train,0
CCCN(CCc1c[nH]c2ccccc12)Cc1ccc(/C=C/C(=O)NO)cc1,5.175158528,train,0
CCCN(CCc1ccc(Cl)c(Cl)c1)C[C@H](O)COc1ccc(NS(C)(=O)=O)cc1,6.882728704,train,0
CCCN1C(=O)CC2(CCN(CC3CCN(C(=O)OCC)CC3)CC2)c2cccnc21,6.17327748,train,0
CCCN1CC[C@H](NC(=O)c2cc(-c3ccc(F)cc3F)on2)[C@@H](C(=O)NC2(c3ncccn3)CC2)C1,5.356448631,train,0
CCCN1C[C@H](CSC)C[C@@H]2c3cccc4[nH]cc(c34)C[C@H]21,6.916389895,train,0
CCCNC(=O)N1CCN(c2cnc3cc(C(F)(F)F)cc(NCc4cccc([N+](=O)[O-])c4)c3c2)CC1,5.89245087,train,0
CCCNCc1ccc(CCn2ccc(OCc3ccc(F)cc3)cc2=O)cc1,5.376647318,train,0
CCCNCc1ccc(CCn2ccc(OCc3ccc(F)cc3)cc2=O)nc1,5.292344676,train,0
CCCNS(=O)(=O)c1ccc(-c2ccc(CCN3CCC[C@H]3C)cc2)cc1,5.84993161,train,0
CCCNc1cc(N2CCOCC2)cc(CCc2nc(C)c(CC)o2)n1,6.317854924,train,0
CCCOCCn1c(=O)c(N2CCN(CC)CC2)nc2cnc(-c3ccc(OC)nc3)cc21,6.493494968,train,0
CCCOCCn1c(=O)c(N2CCN(CCO)CC2)nc2cnc(-c3ccc(OC)nc3)cc21,5.746904414,train,0
CCCOCCn1c(=O)c(N2CCN(C[C@@H](C)O)CC2)nc2cnc(-c3ccc(OC)nc3)cc21,6.63638802,train,0
CCCOCCn1c(=O)c(N2CCN([C@@H](C)[C@@H](C)O)CC2)nc2cnc(-c3ccc(OC)nc3)cc21,7.259637311,train,0
CCCOCCn1c(=O)c(N2CCNCC2)nc2cnc(-c3ccc(OC)nc3)cc21,6.17327748,train,0
CCCOCCn1c(=O)c(NCCNCCO)nc2cnc(-c3ccc(OC)nc3)cc21,5.346690987,train,0
CCCOc1cc([C@](O)(CCN(C)C)[C@@H](c2cc3cc(Br)ccc3nc2OC)c2ccnc(OC)c2OC)cc(OC)n1,5.107849722,train,0
CCCOc1cccc(-n2cc3nc(-c4cccnc4C)n(C[C@H]4CCCN(C[C@H]5CCCO5)C4)c(=O)c3n2)c1,5.136617652,train,0
CCCOc1ccccc1CC(c1ccccc1)N1CCNCC1,5.233512794,train,0
CCCOc1sc(C(=O)N2CCC(c3cccc(CN)c3)CC2)c(C)c1Br,5.999565923,train,0
CCCS(=O)(=O)NC1CN(c2ccc3c(c2)[C@@H](Cc2ccccc2)[C@@H](N2CCC2)CC3)C1,5.167427225,train,0
CCCS(=O)(=O)N[C@@H]1CCN(c2ccc3c(c2)[C@@H](Cc2ccccc2)[C@@H](N2CCC2)CC3)C1=O,5.346690987,train,0
CCCS(=O)(=O)n1c2c(c3cc(C(=O)N4CCC(C)CC4)ccc31)CN(C1CCOCC1)CC2,5.698752911,train,0
CCC[C@@H](CCO)Nc1nc(N)nc2c1CN(C(=O)c1cccs1)CC2,5.119129267,train,0
CCC[C@@H](CCO)Nc1nc(N)nc2cc(C)ccc12,5.091461368,train,0
CCC[C@@H](CCO)Nc1nc(N)nc2cc(F)ccc12,5.040910886,train,0
CCC[C@@H](CCO)Nc1nc(N)nc2ccc(C)cc12,5.142607189,train,0
CCC[C@@H](CCO)Nc1nc(N)nc2ccc(F)cc12,5.031470356,train,0
CCC[C@@H](CCO)Nc1nc(N)nc2cccc(C)c12,5.259558355,train,0
CCC[C@@H](CCO)Nc1nc(N)nc2cccc(F)c12,5.050561199,train,0
CCC[C@@H](CCO)Nc1nc(N)nc2ccccc12,5.167427225,train,0
CCC[C@@H]1C[C@H](N(C)C(C)C)CC[C@@H]1N1CC[C@H](Nc2ncnc3ccc(C(F)(F)F)cc23)C1=O,5.744486287,train,0
CCC[C@@H]1NC(c2cc(C#N)ccn2)=NC1(c1ccc(F)cc1)c1ccc(F)cc1,6.308918508,train,0
CCC[S+]([O-])CCCN(CC)CC(O)COc1ccc(C#N)cc1,8.22184875,train,0
CCCc1cccc(Nc2cc(N[C@@H]3CCCC[C@@H]3N)nnc2C(N)=O)n1,5.199931411,train,0
CCCc1nc(Nc2cc(N[C@@H]3CCCC[C@@H]3N)nnc2C(N)=O)ccc1OC,5.39989111,train,0
CCCc1nn(-c2nc(N)c3c(n2)NC(=O)C3(C)C)c2ccc(Cl)cc12,5.01768353,train,0
CCCc1nn(C)c2c(=O)[nH]c(-c3cc(S(=O)(=O)N4CCN(C)CC4)ccc3OCC)nc12,5.479869024,train,0
CCCn1c(-c2ccccc2)cc(C(=O)N(C)CCCN2CCN(c3cccc(C)c3C)CC2)c1C,6.154281982,train,0
CCCn1c(-c2ccccc2)cc(C(=O)NCCCN2CCN(c3cccc(Cl)c3Cl)CC2)c1C,6.266802735,train,0
CCN(C(=O)Cc1ccc(S(C)(=O)=O)cc1)C1CCN(CCC(c2ccccc2)N2CCN(c3cccc(F)c3)CC2)CC1,5.494714326,train,0
CCN(C(=O)Cc1ccc(S(C)(=O)=O)cc1)C1CCN(CC[C@@H](c2cc(C)cc(C)c2)C2CCN(S(C)(=O)=O)CC2)CC1,5.397831449,train,0
CCN(C(=O)Cc1ccc(S(C)(=O)=O)cc1)C1CCN(CC[C@@H](c2cc(Cl)cc(Cl)c2)C2CCN(S(C)(=O)=O)CC2)CC1,5.187019834,train,0
CCN(C(=O)Cc1ccc(S(C)(=O)=O)cc1)C1CCN(CC[C@@H](c2cccc(C(F)(F)F)c2)C2CCN(S(C)(=O)=O)CC2)CC1,5.102317938,train,0
CCN(C(=O)Cc1ccc(S(C)(=O)=O)cc1)C1CCN(CC[C@@H](c2cccc(Cl)c2)C2CCN(S(C)(=O)=O)CC2)CC1,5.102317938,train,0
CCN(C(=O)Cc1ccc(S(C)(=O)=O)cc1)C1CCN(CC[C@@H](c2ccccc2)C2CCN(S(=O)(=O)C(F)(F)F)CC2)CC1,5.920456993,train,0
CCN(C(=O)Cc1ccc(S(C)(=O)=O)cc1)C1CCN(CC[C@@H](c2ccccc2)N2CCN(S(=O)(=O)C(F)(F)F)CC2)CC1,5.494714326,train,0
CCN(C(=O)Cc1ccc(S(C)(=O)=O)cc1)C1CCN(CC[C@@H](c2ccccc2)N2CCN(S(=O)(=O)CC(F)(F)F)CC2)CC1,5.236497135,train,0
CCN(C(=O)Cc1ccc(S(C)(=O)=O)cc1)C1CCN(CC[C@H](c2ccc(S(C)(=O)=O)cc2)c2cc(F)cc(F)c2)CC1,5.428817767,train,0
CCN(C(=O)Cc1ccc(S(C)(=O)=O)cc1)C1CCN(Cc2ccc(C(F)(F)F)cc2)CC1,5.601886308,train,0
CCN(C(=O)c1ccccc1Oc1ccccc1)[C@H]1CCNC1,5.298345683,train,0
CCN(C)c1cc(C(F)(F)F)cc(COCC2(c3ccc(F)cc3)CCN(C)CC2)n1,5.214598975,train,0
CCN(CC)C(=O)c1cc(C2=CC3(CCNCC3)Oc3ccccc32)cs1,5.460422117,train,0
CCN(CC)C(=O)c1ccc(C(=C2CCN(Cc3ccc(F)cc3)CC2)c2ccc(NC(=O)OC)cc2)cc1,6.045275209,train,0
CCN(CC)C(=O)c1ccc(C(=C2CCN(Cc3ccc(F)cc3)CC2)c2ccc(NC(C)=O)cc2)cc1,5.885722703,train,0
CCN(CC)C(=O)c1ccc(C(=C2CCN(Cc3ccc(F)cc3)CC2)c2cccc(NC(=O)OC)c2)cc1,5.958212681,train,0
CCN(CC)C(=O)c1ccc(C(=C2CCN(Cc3ccc(F)cc3)CC2)c2cccc(NC(C)=O)c2)cc1,5.522734005,train,0
CCN(CC)C(=O)c1ccc(C(=C2CCN(Cc3ccc(F)cc3)CC2)c2ccccc2NC(=O)OC)cc1,5.327809749,train,0
CCN(CC)C(=O)c1ccc(C(=C2CCN(Cc3ccc(F)cc3)CC2)c2ccccn2)cc1,5.40882405,train,0
CCN(CC)C(=O)c1ccc(C(=C2CCN(Cc3ccc(F)cc3)CC2)c2cccnc2)cc1,5.885722703,train,0
CCN(CC)C(=O)c1ccc(C(=C2CCNCC2)c2cccc(F)c2)cc1,5.522734005,train,0
CCN(CC)C(=O)c1ccc(C2=CC3(CCN(C)CC3)Oc3ccccc32)cc1,6.115204636,train,0
CCN(CC)C(=O)c1ccc(C2=CC3(CCNC3)Oc3ccccc32)cc1,5.191789027,train,0
CCN(CC)C(=O)c1ccc(C2=CC3(CCNCC3)Oc3ccccc32)c(C)c1,5.372224625,train,0
CCN(CC)C(=O)c1ccc(C2=CC3(CCNCC3)Oc3ccccc32)c(F)c1,6.377785977,train,0
CCN(CC)C(=O)c1ccc(C2=CC3(CCNCC3)Oc3ccccc32)cc1,5.102317938,train,0
CCN(CC)C(=O)c1ccc(C2=CC3(CCNCC3)Oc3ccccc32)cc1C,5.348140731,train,0
CCN(CC)C(=O)c1ccc(C2=CC3(CCNCC3)Oc3ccccc32)cc1F,5.42078822,train,0
CCN(CC)C(=O)c1ccc(C2=CC3(CCNCC3)Oc3ccccc32)o1,5.289628736,train,0
CCN(CC)C(=O)c1ccc(C2=CC3(CCNCC3)Oc3ccccc32)s1,5.898940645,train,0
CCN(CC)C(=O)c1ccc(C2CC3(CCNCC3)Oc3ccccc32)cc1,5.292855812,train,0
CCN(CC)C(=O)c1ccc([C@H]2CC3(CCNCC3)Oc3ccccc32)cc1,5.594482893,train,0
CCN(CC)C(=O)c1cccc(C2=CC3(CCNCC3)Oc3ccccc32)c1,6.517126416,train,0
CCN(CC)C(=O)c1ccccc1C1=CC2(CCNCC2)Oc2ccccc21,5.190372958,train,0
CCN(CC)C1(CNC(=O)N2CCC(c3nc(-c4ccc5ccccc5n4)no3)CC2)CCCC1,5.026825947,train,0
CCN(CC)CC(=O)N[C@@H]1CC[C@@H](C(=O)NC(c2ccc(F)cc2)c2ccc(F)cc2)[C@H](c2ccc(Br)cc2)C1,6.107348966,train,0
CCN(CC)CCNC(=O)c1c(C)[nH]c(/C=C2\C(=O)Nc3ccc(F)cc32)c1C,6.300162274,train,0
CCN(CC)CCNC(=O)c1ccnc(-c2cnn3ccc(-c4cccs4)nc23)c1,5.931443105,train,0
CCN(CC)CCOc1cc(-c2nc(SC)nc3[nH]cc(C#N)c23)c(Cl)cc1Cl,5.76674999,train,0
CCN(CC)CCOc1cc(-c2nc(SCC(=O)NC)nc3[nH]cc(C#N)c23)c(Cl)cc1Cl,5.502932064,train,0
CCN(CC)CCOc1ccc(/C(=C(\Cl)c2ccccc2)c2ccccc2)cc1,6.737620112,train,0
CCN(CC)CCSc1nc(-c2cc(OC)c(C#N)cc2Cl)c2c(C#N)c[nH]c2n1,5.970210529,train,0
CCN(CC)CCSc1nc(-c2cc(OC)c(Cl)cc2Cl)c2c(C#N)c[nH]c2n1,5.853561865,train,0
CCN(CC)Cc1cc(-c2ccc3ncc(-c4ccc([S+](C)[O-])cc4)n3n2)ccc1F,6.228412519,train,0
CCN(CC)Cc1cc(/C=N/N=C(\N)CC(O)c2cc3c(F)cc(F)cc3c3cc(C(F)(F)F)ccc23)ccc1O,6.407823243,train,0
CCN(CC)Cc1cc(Nc2ccc3ncc(-c4ccc([S+](C)[O-])cc4)n3n2)ccc1O,5.106182776,train,0
CCN(CC)Cc1ccc(-c2ccc3ncc(-c4ccc(S(C)(=O)=O)cc4)n3n2)cc1F,5.283913146,train,0
CCN(CC)Cc1ccc2c(c1)CC[C@H](N1CCN(CCC3CCCCC3)CC1=O)C2,5.481354476,train,0
CCN(CC)Cc1ccc2c(c1)CC[C@H](N1CCN(CCc3ccc(Cl)cc3)CC1=O)C2,5.481354476,train,0
CCN(CC)Cc1ccc2c(c1)CC[C@H](N1CCN(CCc3ccc(F)cc3)CC1=O)C2,5.091461368,train,0
CCN(CC)Cc1ccc2c(c1)CC[C@H](N1CCN(CCc3cccc(C(F)(F)F)c3)CC1=O)C2,5.769295686,train,0
CCN(CC)[C@@H](C(=O)N1CCC[C@H]1c1ncc(-c2ccc(-c3ccc(-c4cnc([C@@H]5CCCN5C(=O)[C@H](C)NC(=O)OC)[nH]4)cc3)cc2)[nH]1)c1ccccc1,5.040910886,train,0
CCN(CC)[C@@H](C)CNC(=O)c1cc(-c2cnn3ccc(-c4cccs4)nc23)nc(N2CC(OC)C2)c1,5.380802284,train,0
CCN(CC)[C@@H](C)CNC(=O)c1ccnc(-c2cnn3ccc(-c4cccs4)nc23)c1,6.14327111,train,0
CCN(CC)c1ccc(CNC(=O)[C@@H]2CNC[C@H]2c2ccc(C(F)(F)F)cc2)cc1,5.324130045,train,0
CCN(CCc1c[nH]c2ccccc12)Cc1ccc(/C=C/C(=O)NO)cc1,5.227604939,train,0
CCN(CCc1ccc(Cl)c(Cl)c1)C[C@H](O)COc1ccc(NS(C)(=O)=O)cc1,6.76700389,train,0
CCN(c1ncc(C(N)=O)c2sc(-c3ccccc3)cc12)[C@H]1CCCNC1,5.61960784,train,0
CCN/C(=N\S(=O)(=O)c1cccc(Cl)c1)N1CC2(C=N1)CCNCC2,5.099945457,train,0
CCN1C(=O)c2nc(Cc3ccccc3)n(Cc3ccccc3)c2N2CC3(CCc4ccccc43)N=C12,5.638083381,train,0
CCN1CC2(CCN(CCc3ccc(F)cc3)CC2)O[C@H](C)C1=O,5.823619308,train,0
CCN1CC2(CCN(CCc3ccc(F)cc3F)CC2)O[C@H](C)C1=O,5.601886308,train,0
CCN1CC2(CCN(CCc3cccc(F)c3)CC2)O[C@H](C)C1=O,5.180390267,train,0
CCN1CC2(CCN(CCc3ccccc3)CC2)OC(C)C1=O,5.508498234,train,0
CCN1CC2(CCN(CCc3ccccc3)CC2)O[C@H](C)C1=O,5.327809749,train,0
CCN1CC2(CCN(CCc3ccccc3F)CC2)O[C@H](C)C1=O,5.397831449,train,0
CCN1CCC(Nc2ccc3c(c2)C(=C(c2ccc(Cl)cc2)c2ncc[nH]2)C(=O)N3)CC1,5.472627917,train,0
CCN1CCC2(C=C(c3ccc(C(=O)N(CC)CC)cc3)c3ccccc3O2)CC1,5.741123371,train,0
CCN1CCCC(CN2CCN(C(=O)Nc3ccc(Cl)c(Cl)c3)CC2)C1,5.366430557,train,0
CCN1CCCC1CNC(=O)c1ccc(Cn2c(Cc3c(Cl)cccc3Cl)nc3ccccc32)cc1,5.803823815,train,0
CCN1CCC[C@@H](C(=O)N2CCN(C(=O)Nc3ccc(Cl)c(Cl)c3)CC2)C1,5.300943145,train,0
CCN1CCC[C@@H](CN2CCN(C(=O)Nc3ccc(Cl)c(Cl)c3)CC2)C1,5.677573948,train,0
CCN1CCN(Cc2ccc(Nc3ncc(F)c(-c4cc(F)c5nc6n(c5c4)C(C)(C)CC6)n3)nc2)CC1,5.195111255,train,0
CCN1CCN(Cc2cnc(-c3ccc(C(=O)Nc4ccccc4N)cc3)c(Cl)c2)CC1,5.07994767,train,0
CCN1CCN(c2cc3[nH]c(C(=O)C4(C)CCC(=O)CC4)nc3cc2Cl)CC1,5.070529984,train,0
CCN1CCN(c2cc3[nH]c(C(=O)[C@]4(C)CC[C@@H](NC(=O)OC)CC4)nc3cc2C)CC1,5.522734005,train,0
CCN1CCN(c2cc3[nH]c(C(=O)[C@]4(C)CC[C@@H](NC(=O)OC)CC4)nc3cc2Cl)CC1,5.309715297,train,0
CCN1CCN(c2cc3[nH]c(C(=O)[C@]4(C)CC[C@](C)(O)CC4)nc3cc2Cl)CC1,5.508498234,train,0
CCN1CCN(c2cc3[nH]c(SC(C)(C)C)nc3cc2Cl)[C@H](C)C1,6.003926346,train,0
CCN1CCN(c2cc3[nH]c(SC4(C)CCC(NC(=O)OC)C4)nc3cc2Cl)CC1,5.698752911,train,0
CCN1CCN(c2cc3[nH]c(S[C@]4(C)CC[C@@H](NC(=O)OC)CC4)nc3cc2Cl)CC1,5.455807889,train,0
CCN1CCN(c2cc3[nH]c(S[C@]4(C)CC[C@@H](c5nc(C)no5)CC4)nc3cc2Cl)CC1,6.419075024,train,0
CCN1CCN(c2cc3[nH]c(S[C@]4(C)CC[C@@H](c5nnco5)CC4)nc3cc2Cl)CC1,5.468393368,train,0
CCN1CCN(c2cc3[nH]c(S[C@]4(C)CC[C@@H](c5nnn(C)n5)CC4)nc3cc2Cl)CC1,5.356448631,train,0
CCN1CCN(c2cc3[nH]c(S[C@]4(C)CC[C@@H](c5nnnn5C)CC4)nc3cc2Cl)CC1,5.20059052,train,0
CCN1CCN(c2cc3[nH]c(S[C@]4(C)CC[C@H](NC(=O)OC)CC4)nc3cc2Cl)CC1,5.823619308,train,0
CCN1CCN(c2ccc(Nc3ncc4scc(-c5cccc(NS(C)(=O)=O)c5)c4n3)cc2)CC1,5.568475416,train,0
CCN1CCNC(CN2CCN(C(=O)Nc3ccc(Cl)c(Cl)c3)CC2)C1,5.050561199,train,0
CCN1CCOC(C(=O)N2CCN(C(=O)Nc3ccc(Cl)c(Cl)c3)CC2)C1,5.300943145,train,0
CCN1CCO[C@@H](CN2CCN(C(=O)Nc3ccc(Cl)c(Cl)c3)CC2)C1,5.102317938,train,0
CCN1C[C@@H](N(Cc2cc(F)ccc2Cl)c2ccc(C#N)c(Cl)c2)CC1=O,5.508498234,train,0
CCN1C[C@@H]2CCCC[C@]2(c2ccc(Cl)c(Cl)c2)C1,5.363411816,train,0
CCN1C[C@H](c2ccc(-c3ccc(C#N)cc3)cc2)[C@@H](NS(=O)(=O)C(C)C)C1,6.396855627,train,0
CCN1C[C@H](c2ccc(-c3cccc(NS(C)(=O)=O)c3)cc2)[C@@H](NS(=O)(=O)C(C)C)C1,5.601886308,train,0
CCN1C[C@H]2CCCC[C@@]2(c2ccc(Cl)c(Cl)c2)C1,5.325047052,train,0
CCN1C[C@H]2C[C@@H](N(Cc3ccc(F)c(C(F)(F)F)c3)C(=O)c3cn(C)cn3)C[C@H]2C1,5.812197361,train,0
CCN1C[C@H]2C[C@@]2(c2ccc(NS(=O)(=O)c3ccc(C(C)C)cc3)cc2)C1,5.899653583,train,0
CCN1C[C@H]2[C@@H](C1)[C@@H]2CN(Cc1cccc(OC(F)(F)F)c1)C(=O)c1cn(C)cn1,5.657379957,train,0
CCNC(=O)N1CC2(CCN(CC3CCN(C(=O)OCC)CC3)CC2)c2cccnc21,6.63638802,train,0
CCNC(=O)N1CCN(c2cnc3cc(C(F)(F)F)cc(NCc4cccc([N+](=O)[O-])c4)c3c2)CC1,6.675717545,train,0
CCNC(=O)Nc1ccc(-c2nc3c(c(N4CCOC[C@@H]4C)n2)CCN(C(C)C)C3)cc1,5.070529984,train,0
CCNC(=O)[C@H]1CC[C@@]2(C)CC[C@@H]3c4ccc(OCCCN5CCC[C@H]5C)cc4CC[C@H]3[C@H]12,5.387110231,train,0
CCNC(=O)c1ccc(-c2ccc3c(c2)CCN(CCN2CCC[C@H]2C)C3=O)cc1,5.130709596,train,0
CCNCc1cc(Nc2ccnc3cc(Cl)ccc23)ccc1O,5.022230682,train,0
CCNS(=O)(=O)c1ccc(-c2ccc(CCN3CCC[C@H]3C)cc2)cc1,5.470572212,train,0
CCN[C@H]1CCN(CC(=O)Nc2cc(-n3nc(C)cc3C)nc(-c3ccc(C)o3)n2)C1,6.375717904,train,0
CCNc1cc(N2CCOCC2)cc(CCc2nc(C)c(CC)o2)n1,6.396855627,train,0
CCNc1nc2c(c(C(N)=O)n1)CN(C(=O)CCc1ccc(OC(F)(F)F)cc1)CC2,5.337147767,train,0
CCO/N=C/c1ccc(OCCC(C)CCN2CCN(c3ccnc(N)c3)C2=O)cc1,6.096367484,train,0
CCO/N=C/c1ccc(OCCCCCN2CCN(c3ccnc(N)c3)S2(=O)=O)cc1,5.045709238,train,0
CCO/N=C1\CCc2cc(OCCCCCN3CCN(c4ccnc(N)c4)S3(=O)=O)ccc21,5.221776373,train,0
CCOC(=N)c1ccc(-c2ccc3cc(CCN4CCC[C@H]4C)ccc3n2)s1,5.318668294,train,0
CCOC(=O)C1=C(CN2CCOC(CO)C2)NC(c2nccs2)=NC1c1ccc(F)cc1Br,5.13483678,train,0
CCOC(=O)C1=C(CN2CCOCC2)NC(c2ccccn2)=NC1c1ccc(F)cc1Br,5.42010213,train,0
CCOC(=O)C1=C(CN2CCOCC2)NC(c2cccs2)=NC1c1ccc(F)cc1Br,6.045275209,train,0
CCOC(=O)C1=C(CN2CCOCC2)NC(c2nc(CC(=O)OC)cs2)=NC1c1ccc(F)cc1Br,5.784891419,train,0
CCOC(=O)C1=C(CN2CCOCC2)NC(c2ncc(OC)s2)=NC1c1ccc(F)cc1Br,5.377682339,train,0
CCOC(=O)C1=C(CN2CCOCC2)NC(c2nccn2C)=NC1c1ccc(F)cc1Br,6.76700389,train,0
CCOC(=O)C1=C(CN2CCOCC2)NC(c2nccs2)=NC1c1ccc(Cl)cc1Cl,6.521433504,train,0
CCOC(=O)C1=C(CN2CCOCC2)NC(c2nccs2)=NC1c1ccc(F)cc1-c1ccccc1,5.304430773,train,0
CCOC(=O)C1=C(CN2CCOCC2)NC(c2nccs2)=NC1c1ccc(F)cc1Br,6.064996849,train,0
CCOC(=O)C1=C(CN2CCOCC2)NC(c2nccs2)=NC1c1ccc(F)cc1Cl,5.636200055,train,0
CCOC(=O)C1=C(CN2CCOCC2)NC(c2nccs2)=NC1c1ccccc1Cl,5.39351115,train,0
CCOC(=O)C1=C(CN2CCOCC2)NC(c2nccs2)=NC1c1ccccc1[N+](=O)[O-],6.583359493,train,0
CCOC(=O)C1=C(CN2CCOCC2)NC(c2nccs2)=N[C@@H]1c1ccc(F)cc1Br,5.311491192,train,0
CCOC(=O)C1=C(CN2CCOCC2)NC(c2nccs2)=N[C@H]1c1ccc(F)cc1Br,5.346690987,train,0
CCOC(=O)C1=C(CN2CCOCC2)NC(c2nncs2)=NC1c1ccc(F)cc1Br,5.457050151,train,0
CCOC(=O)C1=C(CN2CCOCC2)NC(n2cncn2)=NC1c1ccc(F)cc1Br,6.154281982,train,0
CCOC(=O)C1=C(CN2CCS(=O)(=O)CC2)NC(c2nccs2)=NC1c1ccc(F)cc1Br,5.970210529,train,0
CCOC(=O)C1=C(CN2CC[S+]([O-])CC2)NC(c2nccs2)=NC1c1ccc(F)cc1Br,5.241012453,train,0
CCOC(=O)C1=C(CNC(Cc2ccccc2)C(=O)O)NC(c2nccs2)=NC1c1ccc(F)cc1Br,5.061430244,train,0
CCOC(=O)C1=C[C@]2(CC)CCCN3CCc4c(n1c1ccccc41)[C@@H]32,7.397940009,train,0
CCOC(=O)C1=NN(c2ccccc2)/C(=C2/S/C(=N\c3nc(-c4ccccc4)cc(-c4ccccc4)c3C#N)N(c3ccccc3)C2=O)S1,5.337147767,train,0
CCOC(=O)C1C(OC(=O)c2ccccc2)CC2CCC1N2C,5.91964052,train,0
CCOC(=O)C1CCN(C(=O)c2ccc(C[C@@H]3CC[C@H]([C@H](O)c4ccccc4)N3)cc2)CC1,5.080869586,train,0
CCOC(=O)CNc1cc(N2CCOCC2)cc(CCc2nc(C)c(CC)o2)n1,6.040481623,train,0
CCOC(=O)C[C@H]1Cc2ccccc2C2(CCC(N3CCN(C4CCCCC4)CC3)CC2)O1,5.755970411,train,0
CCOC(=O)N(Cc1ccccc1-c1ccccc1)[C@H]1CCNC1,5.302683458,train,0
CCOC(=O)N1CCC(=C2c3ccc(Cl)cc3CCc3cccnc32)CC1,6.759450752,train,0
CCOC(=O)N1CCC(C)(CN2CCC3(CC2)CN(S(C)(=O)=O)c2ncccc23)CC1,5.439973751,train,0
CCOC(=O)N1CCC(C)(CN2CC[C@H](N3C(=O)Cc4ccccc43)C2)CC1,5.455807889,train,0
CCOC(=O)N1CCC(C)(Sc2nc3cc(Cl)c(N4CCN(CC)CC4)cc3[nH]2)CC1,5.40882405,train,0
CCOC(=O)N1CCC(CN2CCC3(CC2)CC(=O)N(C)c2ncccc23)CC1,5.594995335,train,0
CCOC(=O)N1CCC(CN2CCC3(CC2)CC(=O)N(CC)c2ncccc23)CC1,5.538951908,train,0
CCOC(=O)N1CCC(CN2CCC3(CC2)CC(=O)Nc2ncccc23)CC1,5.552686891,train,0
CCOC(=O)N1CCC(CN2CCC3(CC2)CN(C(=O)N(CC)CC)c2ncccc23)CC1,5.594995335,train,0
CCOC(=O)N1CCC(CN2CCC3(CC2)CN(C(=O)NC)c2ncccc23)CC1,6.521433504,train,0
CCOC(=O)N1CCC(CN2CCC3(CC2)CN(C(N)=O)c2ncccc23)CC1,6.718966633,train,0
CCOC(=O)N1CCC(CN2CCC3(CC2)CN(S(C)(=O)=O)c2ncccc23)CC1,5.721017883,train,0
CCOC(=O)N1CCC(CN2CCC3(CC2)OC(=O)N(C)c2ncccc23)CC1,5.829444941,train,0
CCOC(=O)N1CCC(CN2CCC3(CC2)OC(=O)Nc2ncccc23)CC1,6.03574037,train,0
CCOC(=O)N1CCC(CN2CC[C@H](N3C(=O)Cc4ccccc43)C2)CC1,6.096367484,train,0
CCOC(=O)N1CCC(O)(CN2CC[C@H](N3C(=O)Cc4ccccc43)C2)CC1,5.40882405,train,0
CCOC(=O)N1CCN(CCOc2cc(C)n(-c3ccc(Cl)c(Cl)c3)n2)CC1,5.387110231,train,0
CCOC(=O)N1[C@H]2CC[C@@H]1C[C@@H](CN1CC[C@H](N3C(=O)Cc4ccccc43)C1)C2,5.61960784,train,0
CCOC(=O)NCCc1ccccc1-c1ccc([C@H]2CNCC[C@@H]2c2ccn(C)c(=O)c2)c(Cl)c1,5.494714326,train,0
CCOC(=O)Nc1ccc([C@@H](c2ccc(C(=O)N(CC)CC)cc2)N2CCN(Cc3cscn3)CC2)cc1,5.136617652,train,0
CCOC(=O)Nc1cccc([C@@H](c2ccc(C(=O)N(CC)CC)cc2)N2CCN(Cc3cscn3)CC2)c1,5.267525823,train,0
CCOC(=O)Nc1ccccc1[C@@H](c1ccc(C(=O)N(CC)CC)cc1)N1CCN(Cc2ccccn2)CC1,5.004320939,train,0
CCOC(=O)Nc1ccccc1[C@@H](c1ccc(C(=O)N(CC)CC)cc1)N1CCN(Cc2cscn2)CC1,5.060430831,train,0
CCOC(=O)[C@@H]1[C@H]2CN(C(=O)c3ccc(C[C@@H]4CC[C@H]([C@H](O)c5ccccc5)N4)cc3)C[C@H]21,5.154839922,train,0
CCOC(=O)c1nn(-c2ccc(C)cc2)/c(=N/c2nc(-c3ccccc3)cc(-c3ccccc3)c2C#N)s1,5.031470356,train,0
CCOC(=O)c1nn(-c2ccc(Cl)cc2)/c(=N/c2nc(-c3ccccc3)cc(-c3ccccc3)c2C#N)s1,5.075669015,train,0
CCOC(=O)c1sc2nc(/C=C/c3ccc(-n4cnc(C)c4)c(OC)c3)nc(N)c2c1C,6.008330993,train,0
CCOCCn1c(N2CC[C@H](N(C)C)C2)nc2ccccc21,6.630784143,train,0
CCOCCn1c([C@@H]2CCCN(C3CCOCC3)C2)nc2ccccc21,5.677573948,train,0
CCOCCn1nc(C)c2nc(NC3CCNCC3)nc(Nc3cc(C)ccn3)c21,5.552686891,train,0
CCOCCn1nc(CC)c2nc(N3CCC(C(=O)O)CC3)nc(Nc3cc(C)ccn3)c21,5.958212681,train,0
CCOC[C@H]1[C@@H]2CNC[C@@]21c1ccc(Cl)c(Cl)c1,5.376647318,train,0
CCOC[C@]12Cc3cnn(-c4ccc(F)cc4)c3C=C1CCN(S(=O)(=O)c1ccc(C(F)(F)F)cc1)C2,6.096367484,train,0
CCOCc1nnc(N2C[C@@H]3C[C@]3(c3ccc(F)cc3Cl)C2)n1-c1ccc(OC)nc1,5.214598975,train,0
CCO[C@@H]1COCC[C@@H]1N[C@@H]1CC[C@@](C(=O)N2CCN(c3cc(C(F)(F)F)ccn3)CC2)(C(C)C)C1,5.065451052,train,0
CCO[C@@H]1Cc2cc(C(F)(F)F)ccc2[C@H]1N1CCN(C2(C)CCN(C(=O)c3c(C)ncnc3C)CC2)C[C@@H]1C,5.346690987,train,0
CCO[C@H]1COCC[C@H]1N[C@@H]1CC[C@@](C(=O)N2CCN(c3cc(C(F)(F)F)ccn3)CC2)(C(C)C)C1,5.187019834,train,0
CCOc1cc(C(=O)N2CCC(N3CCCC3)CC2)ccc1Nc1cc2c(cn1)N(C)C(=O)c1ccccc1N2C,6.493494968,train,0
CCOc1cc(C(O)(CCN(C)C)C(c2cc3cc(Br)ccc3nc2OC)c2ccnc(OC)c2OC)cc(OC(C)C)n1,5.107849722,train,0
CCOc1cc(C(O)CN2CCN(C[C@H](O)c3ccc4c(c3C)COC4=O)CC2)ncc1C#N,5.113452877,train,0
CCOc1cc(CN2CCC(C3CCN(S(=O)(=O)c4ccccc4)CC3)CC2)cc(OCC)c1-c1ccc(F)cc1,6.655607726,train,0
CCOc1cc(CN2CCC(COc3cccc4cccnc34)CC2)cc(OCC)c1-c1ccc(F)cc1,6.675717545,train,0
CCOc1cc(CN2CCC(NC(=O)c3cncc(C)c3)CC2)cc(OCC)c1-c1ccc(F)cc1,5.771856392,train,0
CCOc1cc(CN2CCC(Nc3nc4cc(C(N)=O)ccc4o3)CC2)cc(OCC)c1F,6.36552273,train,0
CCOc1cc(CN2CCC(Nc3nc4cc(S(=O)(=O)CC)ccc4o3)CC2)ccc1OC,6.742321425,train,0
CCOc1cc(CN2CCC(Nc3nc4cc(S(N)(=O)=O)ccc4o3)CC2)ccc1OC,5.455807889,train,0
CCOc1cc(CN2CCC(c3ncc(-c4ccc(F)cc4)[nH]3)CC2)cc(OCC)c1-c1ccc(F)cc1,6.583359493,train,0
CCOc1cc(CN2CCC3(CC2)CC(Cc2ccc(F)cc2)C(=O)O3)cc(OCC)c1-c1ccc(F)cc1,6.021819483,train,0
CCOc1cc(CN2CCC3(CC2)CCN(S(=O)(=O)c2cccnc2)CC3)cc(OCC)c1-c1ccc(F)cc1,6.675717545,train,0
CCOc1cc([C@H](c2cc3cc(Br)ccc3cc2OC)[C@@](O)(CCN(C)C)c2cccc3ccoc23)cc(OC)n1,5.124880835,train,0
CCOc1cc([C@H](c2cc3cc(C#N)ccc3cc2OC)[C@@](O)(CCN(C)C)c2cccc3ccoc23)cc(OCC)n1,5.481354476,train,0
CCOc1cc([C@](O)(CCN(C)C)[C@@H](c2cc3cc(Br)ccc3nc2OC)c2cccc(OC)c2OC)cc(OCC)n1,5.259558355,train,0
CCOc1cc([C@](O)(CCN(C)C)[C@@H](c2cc3cc(Br)ccc3nc2OC)c2ccnc(OC)c2OC)cc(OC)n1,5.481354476,train,0
CCOc1cc([C@](O)(CCN(C)C)[C@@H](c2cc3cc(C#N)ccc3nc2OC)c2cccc3c2OCCO3)cc(OCC)n1,5.346690987,train,0
CCOc1cc([C@](O)(CCN(C)C)[C@H](c2ccc(N(CC)CC)nc2)c2cc3cc(Br)ccc3nc2OC)cc(OCC)n1,5.004320939,train,0
CCOc1cc2ncc(C(N)=O)c(Nc3ccc(F)cc3F)c2cc1N1CCCN(C)CC1,5.221776373,train,0
CCOc1cc2ncc(C(N)=O)c(Nc3cccc(Cl)c3Cl)c2cc1C1CCN(C)CC1,5.397831449,train,0
CCOc1cc2ncc(C(N)=O)c(Nc3cccc(Cl)c3Cl)c2cc1N1CCN(C)CC1,5.09685573,train,0
CCOc1ccc(-n2nc3c(N4CC(OC)C4)nnc(C)c3c2C)c(F)c1,5.221776373,train,0
CCOc1ccc2c(c1)C(C1=C[C@H](C)N(C)CC1)=Nc1cc(Cl)ccc1N2,6.045275209,train,0
CCOc1ccc2cc(-c3nn(CC4CCN(C(C)C)CC4)c4ncnc(N)c34)ccc2c1,6.521433504,train,0
CCOc1ccc2cc(-c3nn(CC4CCN(C)CC4)c4ncnc(N)c34)ccc2c1,6.396855627,train,0
CCOc1ccc2cc(-c3nn(CC4CN(C)C4)c4ncnc(N)c34)ccc2c1,5.853561865,train,0
CCOc1ccc2cc(-c3nn(CC4CNC4)c4ncnc(N)c34)ccc2c1,5.769295686,train,0
CCOc1cccc(-c2cccc(-n3cc(C(=O)NC(C)C)c(=O)c4cccnc43)c2)c1,5.568475416,train,0
CCOc1ccccc1C[C@H](c1ccccc1)N1CCNCC1,5.157952711,train,0
CCOc1cncc(-c2ccc3c(c2)C2(COC(N)=N2)C2(CC2)CO3)c1,5.240256632,train,0
CCOc1nc(NC(=O)C2(NC(=O)c3ccc4c(C5CCCC5)c(-c5ccc(F)cn5)n(C)c4c3)CCC2)ccc1/C=C/C(=O)O,5.677573948,train,0
CCOc1nc(NC(=O)C2(NC(=O)c3ccc4c(c3)c(C)c(-c3ccc(F)cn3)n4C3CCCCC3)CCC2)ccc1/C=C/C(=O)O,5.853561865,train,0
CCOc1nn(C2CCN(C(C)=O)CC2)cc1Nc1ncc(Cl)c(-c2cnn3ccccc23)n1,5.193752173,train,0
CCS(=O)(=O)c1ccc(-c2cnc(N)c(-c3ccc(C(F)(F)F)nc3)n2)cc1,5.431680915,train,0
CCS(=O)(=O)c1ccc(C(CC(=O)N(C)C)C(=O)Nc2ccc(C(O)(C(F)(F)F)C(F)(F)F)cc2)cc1,5.09685573,train,0
CCS(=O)(=O)c1ccc(C(Cn2cccn2)C(=O)Nc2ccc(C(O)(C(F)(F)F)C(F)(F)F)cc2)cc1,5.61960784,train,0
CCS(=O)(=O)c1ccc(C(NC(=O)Cc2ccccn2)C(=O)Nc2ccc(C(O)(C(F)(F)F)C(F)(F)F)cc2)nc1,5.387110231,train,0
CCS(=O)(=O)c1ccc(C(NC(=O)Cc2nccs2)C(=O)Nc2ccc(C(O)(C(F)(F)F)C(F)(F)F)cc2)nc1,5.259558355,train,0
CCS(=O)(=O)c1ccc(C(NC(=O)OC)C(=O)Nc2ccc(C(O)(C(F)(F)F)C(F)(F)F)cc2)nc1,5.031470356,train,0
CCS(=O)(=O)c1ccc(CNc2nc3cnc(-c4c(OC)ncnc4C4CC4)nc3n([C@@H](C)C(F)(F)F)c2=O)nc1,5.327809749,train,0
CCS(=O)(=O)c1ccc(CNc2nc3cnc(-c4c(OC)ncnc4C4CC4)nc3n([C@@H](C)C3CC3)c2=O)nc1,5.508498234,train,0
CCS(=O)(=O)c1ccc(CNc2nc3cnc(-c4c(OC)ncnc4C4CC4)nc3n([C@H](C)C3CC3)c2=O)nc1,5.251734427,train,0
CCS(=O)(=O)c1ccc2c(c1)nc(C(C)(C)C)n2CC1CC1,5.584859648,train,0
CCS(=O)(=O)c1cnc(CNc2nc3cnc(-c4c(C)ncnc4C4CC4)nc3n([C@@H](C)C3CC3)c2=O)nc1,5.055467979,train,0
CCS(=O)(=O)c1cnc(N2CC3(CCN(C[C@H](O)c4ccc5c(c4C)COC5=O)CC3)CC2=O)cn1,5.214598975,train,0
CCS(=O)(=O)n1c2c(c3cc(C(=O)N4CCC(C)CC4)ccc31)CN(C1CCOCC1)CC2,5.508498234,train,0
CCSc1cc([C@](O)(CCN(C)C)[C@@H](c2cc3cc(Br)ccc3nc2OC)c2ccnc(OC)c2OC)cc(SCC)n1,5.036164969,train,0
CCSc1cc([C@](O)(CCN(C)C)[C@@H](c2cc3cc(C#N)ccc3nc2OC)c2ccnc(OC)c2OC)cc(SCC)n1,5.823619308,train,0
CCSc1ccc([C@H](c2cc3cc(Br)ccc3nc2OC)[C@@](O)(CCN(C)C)c2cccc(F)c2)cn1,6.336299075,train,0
CCSc1ccccc1C(=O)N(CC1CCC1)[C@H]1CCNC1,5.120846754,train,0
CC[C@@H](C)Oc1cc2c(cc1OC)CC(=O)N(c1ccc(N(C)C[C@H]3CC[C@H](N(C)C)CC3)cc1)[C@H]2c1ccc(Cl)cc1,5.885722703,train,0
CC[C@@H](C)n1c(=O)c(NCc2ccc(S(=O)(=O)CC)cn2)nc2cnc(-c3c(OC)ncnc3C3CC3)nc21,5.318668294,train,0
CC[C@@H](CC(=O)NCC1CCCCC1)n1c(N)nc2cc(Cl)ccc21,5.124880835,train,0
CC[C@@H](NC(=O)c1ccc(C#N)cc1)[C@@H]1[C@H]2C[C@H](n3cnc4cc(F)c(F)cc43)C[C@H]21,5.905887273,train,0
CC[C@@H](NC(=O)c1ccc(C#N)cc1)[C@@H]1[C@H]2C[C@H](n3cnc4ccc(Cl)cc43)C[C@H]21,5.988868111,train,0
CC[C@@H](NC(=O)c1ccc(C#N)cc1)[C@H]1[C@H]2C[C@H](n3cnc4ccc(C#N)cc43)C[C@H]21,5.920456993,train,0
CC[C@@H](NC(=O)c1ccc(Cl)c(F)c1)[C@@H]1[C@H]2C[C@H](n3cnc4cc(F)c(F)cc43)C[C@H]21,5.601886308,train,0
CC[C@@H](NC(=O)c1ccc(Cl)cc1)[C@@H]1[C@H]2C[C@H](n3c(C)nc4ccc(F)cc43)C[C@H]21,5.82312351,train,0
CC[C@@H](NC(=O)c1ccc(Cl)cc1)[C@@H]1[C@H]2C[C@H](n3cnc4cc(F)c(F)cc43)C[C@H]21,5.61960784,train,0
CC[C@@H](NC(=O)c1ccc(Cl)cc1)[C@@H]1[C@H]2C[C@H](n3cnc4ccc(C#N)cc43)C[C@H]21,5.263688312,train,0
CC[C@@H](NC(=O)c1ccc(Cl)cc1)[C@@H]1[C@H]2C[C@H](n3cnc4ccc(Cl)cc43)C[C@H]21,5.638083381,train,0
CC[C@@H](NC(=O)c1ccc(Cl)cc1)[C@@H]1[C@H]2C[C@H](n3cnc4ccc(F)cc43)C[C@H]21,5.004320939,train,0
CC[C@@H]1NC(c2cc(C#N)ccn2)=NC1(c1ccc(F)cc1)c1ccc(F)cc1,6.308918508,train,0
CC[C@@]1(c2cccc(C(N)=O)c2)[C@H]2CN(CC3(O)Cc4ccccc4C3)C[C@H]21,5.657379957,train,0
CC[C@@]1(c2cccc(NS(C)(=O)=O)c2)[C@H]2CN(CC3(O)Cc4ccccc4C3)C[C@H]21,5.795608668,train,0
CC[C@@]1(c2cccc(NS(C)(=O)=O)c2)[C@H]2CN(CC3Cc4ccccc4C3)C[C@H]21,6.485452247,train,0
CC[C@@]1(c2cccc(NS(C)(=O)=O)c2)[C@H]2CN(CCCC3(O)CCCCC3)C[C@H]21,6.148130399,train,0
CC[C@H]1OC(=O)[C@H](C)[C@@H](O[C@H]2C[C@@](C)(OC)[C@@H](O)[C@H](C)O2)[C@H](C)[C@@H](O[C@@H]2O[C@H](C)C[C@H](N(C)C(C)C)[C@H]2O)[C@](C)(O)C[C@@H](C)[C@H](O)[C@H](C)[C@@H](O)[C@]1(C)O,7.958607315,train,0
CC[C@H]1OC(=O)[C@H](C)[C@@H](O[C@H]2C[C@@](C)(OC)[C@@H](O)[C@H](C)O2)[C@H](C)[C@@H](O[C@@H]2O[C@H](C)C[C@H](N(C)C)[C@H]2O)[C@](C)(O)C[C@@H](C)C(=O)[C@H](C)[C@@H](O)[C@]1(C)O,7.397940009,train,0
CC[C@H]1OC2(CCN(CCc3ccccc3)CC2)CN(C)C1=O,5.180390267,train,0
CCc1c(N)ncnc1N1CCC(c2nc(-c3ccc(F)c(C(F)(F)F)c3)cn2CCN(C)C)CC1,5.885722703,train,0
CCc1c(N)ncnc1N1CCC(c2nc(-c3ccc(F)c(C(F)(F)F)c3)cn2CCN2CCC2)CC1,5.795608668,train,0
CCc1cc(-c2ccc3c(c2)-c2nnc(Nc4cccc(C(F)(F)F)c4)n2CCO3)ccn1,6.474955193,train,0
CCc1cc(C(=O)NC[C@H](C)N(CC)CC)cc(-c2cnn3ccc(-c4cccs4)nc23)n1,5.48399377,train,0
CCc1cc(C(=O)N[C@@H]2CC(C)(C)Oc3nc(-c4ccc(Cl)cc4Cl)c(-c4ccc(Cl)cc4)cc32)n[nH]1,5.920456993,train,0
CCc1cc(COc2cc(C(=O)N3CCC[C@@H](N)C3)nn2-c2ccc(C#N)cc2)on1,5.300943145,train,0
CCc1cc(F)c2nc(N3CCC(NC4CCOCC4)CC3)c(-c3nc(C)no3)c(C)c2c1,8.698970004,train,0
CCc1cc(NC(=O)c2ccccc2F)ccc1-c1nnc(NCCCN2CCCCC2)o1,5.39989111,train,0
CCc1cc(Oc2cc(Cl)ccc2CNC)ccc1Cl,5.938924676,train,0
CCc1cc(Oc2ccc(F)cc2CNC)ccc1Cl,5.340939928,train,0
CCc1ccc2c(c1)C(C1=C[C@H](C)N(C)CC1)=Nc1cc(Cl)ccc1N2,5.958212681,train,0
CCc1ccc2c(c1)C(C1=C[C@H](C)N(C)CC1)=Nc1ccccc1N2,6.221125528,train,0
CCc1cccc(Nc2cc(N[C@@H]3CCCC[C@@H]3N)nnc2C(N)=O)n1,5.199931411,train,0
CCc1ccn2ccnc2c1N1CCCN(CC2CCN(C(=O)[C@H]3C[C@@H]4CC[C@H]3O4)CC2)CC1,5.885722703,train,0
CCc1ccn2ccnc2c1N1CCCN([C@@H](CC(N)=O)C2CCN(C(=O)[C@H]3C[C@@H]4CC[C@H]3O4)CC2)CC1,5.080869586,train,0
CCc1cnc(N2CCC([C@H]3C[C@H]3CCOc3ccc(CC(=O)N4CCC4)c(F)c3)CC2)nc1,5.494714326,train,0
CCc1cncc(-c2ccc3c(c2)C2(COC(N)=N2)C2(CC2)CO3)c1,5.348625056,train,0
CCc1n[nH]c(CC)c1Oc1cc(C#N)cc(C#N)c1,5.008729611,train,0
CCc1nc(C)cn2nc(-c3cc(=O)n4cc(C5CCN(C)CC5)cc(C)c4n3)cc12,5.744486287,train,0
CCc1nc2c(C)cc(C)nc2n1Cc1ccc(/C=C/CN2CCN(C(C)C)CC2)cc1,5.999565923,train,0
CCc1nc2c(C)cc(C)nn2c1Cc1ccc(/C=C/CN2CCN(C(C)C)CC2)cc1,5.638083381,train,0
CCc1nc2c(Cc3ccc(C(=O)NO)cc3)cccc2c(=O)n1CCc1ccccc1,5.327809749,train,0
CCc1nc2ccc(C3CCN(CC(=O)N4CC(O)C4)CC3)cn2c1N(C)c1nc(-c2ccc(F)cc2)c(C#N)s1,5.537452271,train,0
CCc1nc2ccc(C3CCN(CC(=O)N4CC(O)C4)CC3)cn2c1N(C)c1nc(-c2ccc(F)cc2)cs1,5.251734427,train,0
CCc1nn(C2CCN(C(C)=O)CC2)cc1Nc1ncc(Cl)c(-c2cnn3ccccc23)n1,5.283913146,train,0
CCc1nn(CCOCC(F)(F)F)c2c(Nc3ccncn3)nc(N3CCNCC3)nc12,5.292344676,train,0
CCc1nn(CCOCC(F)(F)F)c2c(Nc3ccncn3)nc(N3CCN[C@H](C)C3)nc12,5.853561865,train,0
CCc1nn2c(C)cc(C)nc2c1Cc1ccc(/C=C/CN2CCN(C(C)C)CC2)cc1,5.677573948,train,0
CCc1nn2c(C)cc(C)nc2c1Cc1ccc(CCC(O)C2CCNCC2)cc1,5.275642196,train,0
CCc1nn2c(C)cc(C)nc2c1Cc1ccc(CCCC2(O)CCN(C(C)C)CC2)cc1,5.244048959,train,0
CCc1nn2c(C)cc(C)nc2c1Cc1ccc(CCCN2CCN(C(C)C)CC2)cc1,5.346690987,train,0
CCc1nn2ccccc2c1CCN(Cc1ccc(/C=C/C(=O)NO)cc1)C(C)C,5.123724411,train,0
CCc1oc(CCc2cc(N3CCOCC3)cc(NC(C)=O)n2)nc1C,5.154839922,train,0
CCc1oc(CCc2cc(N3CCOCC3)cc(NC(C)C)n2)nc1C,6.266802735,train,0
CCc1oc(CCc2cc(N3CCOCC3)cc(NC)n2)nc1C,6.080398976,train,0
CCc1oc(CCc2cc(N3CCOCC3)cc(NCC#N)n2)nc1C,5.366430557,train,0
CCc1oc(CCc2cc(N3CCOCC3)cc(NCC(F)(F)F)n2)nc1C,5.795608668,train,0
CCc1oc(CCc2cc(N3CCOCC3)cc(NCCC#N)n2)nc1C,5.795608668,train,0
CCc1oc(CCc2cc(N3CCOCC3)cc(NCCOC)n2)nc1C,6.045275209,train,0
CCc1oc(SCc2cc(N3CCOCC3)cc(NCC#N)n2)nc1C,5.080869586,train,0
CCc1sc(CCc2cc(N3CCOCC3)cc(NC(C)c3cc(Cl)cc(NC(=O)OC(C)C)c3)n2)nc1C,7.431798276,train,0
CCn1cc(C2(c3cccc(-c4cncc(F)c4)c3)N=C(N)c3c(F)cccc32)cc(C)c1=O,5.568475416,train,0
CCn1cc(Nc2nc(N)nc(-c3cccc(-n4ccc5cc(C6CC6)cc(F)c5c4=O)c3CO)n2)cc1C#N,5.107849722,train,0
CCn1cc([C@]2(c3cccc(C#CC4CC4)c3)N=C(N)c3c(F)cccc32)cc(C)c1=O,5.070529984,train,0
CCn1cc([C@]2(c3cccc(NC(=O)c4ccc(Cl)cn4)c3)N=C(N)c3c(F)cccc32)cc(C)c1=O,5.885722703,train,0
CCn1nc(N2CCC3(CCN(C[C@H](O)c4ccc5c(c4C)COC5=O)CC3)C2=O)ccc1=O,5.119129267,train,0
CCn1nc2c(c1Nc1nc(-c3ccc(-n4cnc(C)c4)c(OC)n3)cs1)CCC2,5.924088239,train,0
CCn1nc2c(c1Nc1nc(-c3ccc(-n4cnc(C)c4)c(OC)n3)cs1)CCCC2,5.065451052,train,0
CN(C(=O)Cc1ccc(-n2cnnn2)cc1)C1CCN(Cc2ccc(C(F)(F)F)c(F)c2)CC1,5.552686891,train,0
CN(C(=O)Cc1ccc(-n2cnnn2)cc1)C1CCN(Cc2ccc(C(F)(F)F)cn2)CC1,5.376647318,train,0
CN(C(=O)Cc1ccc(-n2cnnn2)cc1)C1CCN(Cc2nc3c(s2)CCCC3)CC1,5.119129267,train,0
CN(C(=O)Cc1ccc(-n2cnnn2)cc1)C1CCN(Cc2nc3cc(F)ccc3s2)CC1,5.885722703,train,0
CN(C(=O)Cc1ccc(-n2cnnn2)cc1)[C@@H]1CCN(Cc2ccc(C(F)(F)F)cc2)C[C@@H]1F,5.698752911,train,0
CN(C(=O)Cc1ccc(-n2cnnn2)cc1)[C@@H]1CCN(Cc2nc3cc(F)ccc3s2)C[C@@H]1F,5.327809749,train,0
CN(C(=O)Cc1ccc(-n2cnnn2)cc1)[C@H]1CCN(Cc2ccc(C(F)(F)F)cc2)C[C@H]1F,5.443576879,train,0
CN(C(=O)Cc1ccc(S(C)(=O)=O)c(F)c1)C1CCN(Cc2ccc(C(F)(F)F)cc2)CC1,5.537452271,train,0
CN(C(=O)Cc1ccc(S(C)(=O)=O)cc1)C1CCN(Cc2ccc(C(F)(F)F)cc2)CC1,5.522734005,train,0
CN(C(=O)Cc1ccc(S(C)(=O)=O)cc1)[C@@H]1CCN(Cc2ccc(C(F)(F)F)cc2)C[C@@H]1F,5.376647318,train,0
CN(C(=O)Cc1ccc(S(C)(=O)=O)cc1)[C@@H]1CCN(Cc2nc3cc(F)ccc3s2)C[C@@H]1F,5.154839922,train,0
CN(C(=O)Cc1ccc(S(C)(=O)=O)cc1F)C1CCN(Cc2ccc(C(F)(F)F)cc2)CC1,5.584859648,train,0
CN(C(=O)Cc1ccccc1)C1CCN(Cc2ccc(C(F)(F)F)cc2)CC1,5.795608668,train,0
CN(C(=O)N1CC(c2cc(F)ccc2F)=CC1c1cccc(O)c1)C1CCNCC1,5.180390267,train,0
CN(C(=O)N1CC(c2cc(F)ccc2F)=C[C@H]1c1ccccc1)C1CCNCC1,5.885722703,train,0
CN(C(=O)c1ccc(-c2ccc(C(F)(F)F)cc2)cc1)[C@H]1CCN(C(=O)N(C)[C@@H]2CCN(CCCc3ccc(Cl)cc3)C2)C1,6.76700389,train,0
CN(C(=O)c1ccc(-c2ccc(C(F)(F)F)cc2)cc1)[C@H]1CCN(C(=O)N2CC[C@@H](NCCC(C)(C)c3ccc(Cl)cc3)C2)C1,5.584859648,train,0
CN(C(=O)c1ccc(-c2ccc(F)cc2)cc1)[C@H]1CCc2cc(CN3CCN(C(N)=O)CC3)ccc2C1,5.173860382,train,0
CN(C(=O)c1ccccc1Oc1ccccc1)[C@H]1CCNC1,5.035693218,train,0
CN(C)C(=N)c1ccc(C(=O)Nc2ccc(Cl)cc2C(=O)Nc2ccc(Cl)cn2)cc1,6.480172006,train,0
CN(C)C(=O)CN1CCCC(c2nc3ccccc3n2CCOc2ccccc2)C1,6.345823458,train,0
CN(C)C(=O)[C@@H](c1ccc(-c2ccc(F)cc2)cc1)[C@H](N)C(=O)N1CC[C@H](F)C1,5.337147767,train,0
CN(C)C(=O)[C@@H]1CCCN1Cc1ccc2c(c1)CC[C@H](N(C)C(=O)c1ccc(-c3ccc(F)cc3)cc1)C2,5.300943145,train,0
CN(C)C(=O)[C@H]1CN(C2CCCCC2)CC[C@@H]1NC(=O)c1cc(-c2ccc(F)cc2F)on1,5.259558355,train,0
CN(C)CC(C)(C)Cn1nc(-c2ccc3nc(OC4CC4)ccc3c2)c2c(N)ncnc21,7.080921908,train,0
CN(C)CC/C=C1/c2ccccc2COc2ccccc21,5.189932895,train,0
CN(C)CCC(=O)N[C@H]1c2ccccc2C[C@@H]1NC(=O)c1cc2cc(F)c(F)cc2[nH]1,5.39989111,train,0
CN(C)CCC(c1ccc(Br)cc1)c1ccccn1,6.049513443,train,0
CN(C)CCC1=C(Cc2cccnn2)c2ccc(Cl)cc2C1,6.655607726,train,0
CN(C)CCC1=C(Cc2cccnn2)c2ccc(F)cc2C1,6.050122296,train,0
CN(C)CCC1=C(Cc2cnccn2)c2ccc(Cl)cc2C1,6.954677021,train,0
CN(C)CCC1=C(Cc2cnccn2)c2ccc(F)cc2C1,6.228412519,train,0
CN(C)CCC1=C(Cc2cnccn2)c2ccccc2C1,5.263542089,train,0
CN(C)CCC=C1c2ccccc2CCc2ccccc21,5.482672118,train,0
CN(C)CCCCc1ccc(C(C)(C)C)cc1,5.124880835,train,0
CN(C)CCCN1c2ccccc2CCc2ccccc21,5.46987205,train,0
CN(C)CCCN1c2ccccc2Sc2ccc(Cl)cc21,5.829706007,train,0
CN(C)CCCNC(=O)c1ccc(Cn2c(Cc3c(Cl)cccc3Cl)nc3ccccc32)cc1,5.343805938,train,0
CN(C)CCCn1cc(C2=C(c3c[nH]c4ccccc34)C(=O)NC2=O)c2ccccc21,5.999565923,train,0
CN(C)CCCn1nc(-c2cnc3[nH]cc(C(=O)NC(C)(C)CO)c3n2)c2cc(OC(F)F)ccc21,5.19921421,train,0
CN(C)CCN(C)C(=O)c1ccc(C2=NN(c3ccc(C#N)cc3)C(c3ccc(F)cc3)C2)cc1,6.76700389,train,0
CN(C)CCN1C2CCC1CC(NC(c1ccc(F)cc1)c1ccc(F)cc1)C2,5.261140198,train,0
CN(C)CCN1C2CCC1CC(OC(c1ccc(F)cc1)c1ccc(F)cc1)C2,5.084547398,train,0
CN(C)CCN1CCN(c2ccc3nc(-c4ccccc4)c(-c4ccc(CN5CCC(c6nnc(-c7ccccn7)[nH]6)CC5)cc4)nc3n2)CC1,5.221776373,train,0
CN(C)CCN1CCN(c2ncc3cc(-c4ccccc4)c(-c4ccc(CN5CCC(c6nnc(-c7cc[n+]([O-])cc7)[nH]6)CC5)cc4)nc3n2)CC1,5.102317938,train,0
CN(C)CCN1CCN(c2ncc3cc(-c4ccccc4)c(-c4ccc(CN5CCC(c6nnc(-c7ccc(=O)[nH]c7)[nH]6)CC5)cc4)nc3n2)CC1,6.096367484,train,0
CN(C)CCN1CCN(c2ncc3cc(-c4ccccc4)c(-c4ccc(CN5CCC(c6nnc(-c7ccc(N)nc7)[nH]6)CC5)cc4)nc3n2)CC1,5.455807889,train,0
CN(C)CCN1CCN(c2ncc3cc(-c4ccccc4)c(-c4ccc(CN5CCC(c6nnc(-c7ccccn7)[nH]6)CC5)cc4)nc3n2)CC1,5.677573948,train,0
CN(C)CCN1CCN(c2ncc3cc(-c4ccccc4)c(-c4ccc(CN5CCC(c6nnc(-c7ncccn7)[nH]6)CC5)cc4)nc3n2)CC1,5.318668294,train,0
CN(C)CCOC(c1ccccc1)c1ccccc1,5.58983036,train,0
CN(C)CCn1cc(-c2ccc(F)c(C(F)(F)F)c2)nc1C1CCN(c2ncnc(N)c2-c2ccc(F)cc2)CC1,5.920456993,train,0
CN(C)CCn1cc(-c2ccc(F)c(C(F)(F)F)c2)nc1C1CCN(c2ncnc(N)c2C#N)CC1,5.795608668,train,0
CN(C)CCn1cc(-c2ccc(F)c(C(F)(F)F)c2)nc1C1CCN(c2ncnc(N)c2C(N)=O)CC1,5.397831449,train,0
CN(C)CCn1cc(-c2ccc(F)c(C(F)(F)F)c2)nc1C1CCN(c2ncnc(N)c2C2CC2)CC1,6.080398976,train,0
CN(C)C[C@@H]1CCN(C(=O)Nc2nc3c(s2)-c2nc(C(C)(C)C)sc2CC3)[C@@H]1C(N)=O,5.244048959,train,0
CN(C)Cc1ccc(-n2cc(-c3ccc4cc[nH]c4c3)c3c(Cl)ccnc32)cc1,5.769295686,train,0
CN(C)Cc1ccc(C(F)(F)F)cc1Oc1ccc(Cl)c(Cl)c1,5.950394387,train,0
CN(C)Cc1ccc2c(c1)CCN(C(=O)c1cc3cc(Cl)ccc3n1C)C2,5.309715297,train,0
CN(C)Cc1ccc2c(c1)CC[C@H](N(C)C(=O)c1ccc(-c3ccc(Cl)cc3)cn1)C2,5.584859648,train,0
CN(C)Cc1ccc2c(c1)CC[C@H](N(C)C(=O)c1ccc(-c3ccc(Cl)cc3)nc1)C2,5.292344676,train,0
CN(C)Cc1ccc2c(c1)CC[C@H](N(C)C(=O)c1ccc(-c3ccc(F)cc3)cc1)C2,5.744486287,train,0
CN(C)Cc1ccc2c(c1)CC[C@H](N(C)C(=O)c1ccc(-c3ccc(F)cc3)cn1)C2,5.283913146,train,0
CN(C)Cc1ccccc1-c1ccc(NC(=O)Nc2cccnc2Oc2ccccc2C(C)(C)C)c(F)c1,5.267525823,train,0
CN(C)Cc1ccccc1Oc1ccc(Cl)c(Cl)c1,5.673459331,train,0
CN(C)Cc1cnn(-c2ccnc3[nH]c(-c4cccc5c4ccn5C)nc23)c1,5.050561199,train,0
CN(C)S(=O)(=O)c1ccc2c(C(=O)NC[C@@H](O)CN3CCC(Oc4ccc(Cl)c(Cl)c4)CC3)c[nH]c(=O)c2c1,5.999565923,train,0
CN(C)[C@@H]1CCC[C@H]1Nc1nc(Nc2ccc(S(C)(=O)=O)cc2)ncc1C(F)(F)F,5.327809749,train,0
CN(C)[C@@H]1CCN(c2ccc(Cl)c(Cl)c2)c2ccccc21,5.065451052,train,0
CN(C)[C@H]1CC[C@H](n2cc(C(N)=O)c(Nc3ccc(Cl)cc3)n2)[C@@H](C#N)C1,5.522734005,train,0
CN(C)c1cc(C(F)(F)F)cc(COCC2(c3ccc(F)cc3)CCNCC2)n1,5.075669015,train,0
CN(C)c1ccc(-c2cc3nccnc3c(NC[C@@H]3CNCCC3(F)F)n2)cn1,5.099945457,train,0
CN(C)c1ccc(/N=N/c2ccccn2)c(O)c1,6.63638802,train,0
CN(C)c1ccc(CC(=O)N[C@@H]2CNC[C@H]2c2ccc(C(C)(F)F)cc2)cc1,5.55129368,train,0
CN(C)c1ccc(CC(=O)N[C@@H]2CNC[C@H]2c2ccc(C(F)(F)F)cc2)cc1,5.228339041,train,0
CN(C)c1ccc(CC(=O)N[C@@H]2CNC[C@H]2c2ccc(S(F)(F)(F)(F)F)cc2)cc1,5.589560214,train,0
CN(C)c1ccc(CNC(=O)[C@@H]2CNC[C@H]2c2ccc(C(F)(F)F)c(Cl)c2)cc1,5.121420762,train,0
CN(C)c1ccc(CNC(=O)[C@@H]2CNC[C@H]2c2ccc(C(F)(F)F)c(F)c2)cc1,5.068491278,train,0
CN(C)c1ccc(CNC(=O)[C@@H]2CNC[C@H]2c2ccc(Oc3ccccc3)cc2)cc1,5.675511767,train,0
CN(C)c1ccc(CNC(=O)[C@H]2CNC[C@@H]2c2ccc(C(F)(F)F)cc2)cc1,5.026364227,train,0
CN(C)c1nc(NCc2ccccn2)c2c(-c3ccccc3)cccc2n1,5.601886308,train,0
CN(CC(=O)N(C)C)Cc1ccc2c(c1)CC[C@H](N(C)C(=O)c1ccc(-c3ccc(F)cc3)cc1)C2,5.744486287,train,0
CN(CC1(O)CCCCC1)C(=O)NC1CCN(Cc2ccn(-c3ccc(C(F)(F)F)cc3)c2)CC1,5.665345233,train,0
CN(CC1CCOCC1)C1CCN(c2nc3ccccc3n2Cc2ccc(F)cc2)CC1,7.522878745,train,0
CN(CCC1CCN(C(=O)OCc2cc(Cl)cc(Cl)c2)CC1)C(=O)c1c[nH]c(=O)o1,5.136617652,train,0
CN(CCC1CCN(C(=O)OCc2cc(Cl)cc(Cl)c2)CC1)C(=O)c1c[nH]nn1,5.065451052,train,0
CN(CCCN)C(=O)N1CC(c2cc(F)ccc2F)=C[C@H]1c1ccccc1,5.885722703,train,0
CN(CCN1CCN(C2COOC2)C1=O)C[C@]12CC[C@H](CC1)C2(C)C,5.199931411,train,0
CN(CCN1CCN(c2ccc(F)cc2)C1=O)C[C@]12CC[C@H](CC1)C2(C)C,5.499862364,train,0
CN(CCN1CCN(c2ccc3c(c2)OCO3)C1=O)C[C@]12CC[C@H](CC1)C2(C)C,5.199931411,train,0
CN(CCN1CCN(c2ccccc2)C1=O)C[C@]12CC[C@H](CC1)C2(C)C,5.39989111,train,0
CN(CCc1ccc(Cl)c(Cl)c1)C[C@H](O)COc1ccc(NS(C)(=O)=O)cc1,6.43062609,train,0
CN(C[C@@H](O)CN1CCC(Oc2ccc(Cl)c(Cl)c2)CC1)C(=O)c1c[nH]c(=O)c2ccccc12,5.699782895,train,0
CN(Cc1ccc(-c2ccccc2)cc1)C(=O)N1CCC[C@H]1CN1CCCC1,5.287980314,train,0
CN(Cc1ccc(C(F)(F)F)cc1)c1cc(C(=O)Nc2ccccc2)ncn1,5.481354476,train,0
CN(Cc1ccc(C(F)(F)F)nc1)c1cc(C(=O)Nc2ccccc2)ncn1,5.251734427,train,0
CN(Cc1ccc(F)cc1)c1cc(C(=O)Nc2nncs2)ncn1,5.376647318,train,0
CN(Cc1ccccc1)C(=O)c1ccc(C2=CC3(CCNCC3)Oc3ccccc32)cc1,5.803547458,train,0
CN(c1ccc(-c2cc3cccnc3cc2O)nn1)C1CC(C)(C)NC(C)(C)C1,5.346690987,train,0
CN(c1ccc(CN2CCC3(CC2)OCc2cc(F)ncc23)cc1)c1ccc(F)c(F)c1,7.585026652,train,0
CN(c1cnn(-c2ccnc3[nH]c(-c4cccc5c4ccn5C)nc23)c1)[C@@H]1CCOC[C@@H]1N,5.036164969,train,0
CN(c1ncc(C(N)=O)c2sc(-c3ccccc3)cc12)[C@H]1CCCNC1,5.568475416,train,0
CN(c1nccc(=O)[nH]1)C1CCN(c2nc3ccccc3n2Cc2ccc(F)cc2)CC1,6.35900209,train,0
CN1C(=O)[C@@H](CN2CCCCC2)C[C@H]1C#Cc1ccccc1,5.164246032,train,0
CN1C(=O)c2ccccc2CC1CN1CCC2(CCc3ccccc32)CC1,5.157328366,train,0
CN1C(C)(C)CC(Nc2nc3c(-c4ccc(C(=O)N5C[C@@H]6C[C@H]5CO6)cc4)cnn3c(N)c2-c2ccccc2)CC1(C)C,5.44024832,train,0
CN1C2CCCC1CC(NC(=O)c1nn(C)c3ccccc13)C2,5.419886237,train,0
CN1CC(Cn2nc(-c3cnc4[nH]cc(C(=O)NC(C)(C)C)c4n3)c3cc(OC(F)F)ccc32)C1,6.53165267,train,0
CN1CC2(CCN(CCc3ccccc3)CC2)OC2(CC2)C1=O,5.443576879,train,0
CN1CC=CCC(c2ccc(Cl)c(Cl)c2)C1,5.119129267,train,0
CN1CCC(CNC2=NC(=O)/C(=C/c3csc(-c4ccc(OC(F)(F)F)cc4)n3)S2)CC1,5.309715297,train,0
CN1CCC(CNc2ccc3ncc(-c4cccc(OC(F)(F)F)c4)n3n2)CC1,6.008330993,train,0
CN1CCC(CNc2ccn3ncc(-c4cccc(OC(F)(F)F)c4)c3n2)CC1,5.721017883,train,0
CN1CCC(COCc2cc(C(F)(F)F)cc(C3(F)CC3)n2)(c2ccc(F)cc2)CC1,5.366430557,train,0
CN1CCC(COCc2cc(C(F)(F)F)cc(C3CC3(C)C)n2)(c2ccc(F)cc2)CC1,5.045709238,train,0
CN1CCC(COCc2cc(C(F)(F)F)cc(C3CC3)n2)(c2ccc(Cl)cc2)CC1,5.508498234,train,0
CN1CCC(COCc2cc(C(F)(F)F)cc(C3CC3)n2)(c2cccc(Cl)c2)CC1,5.036164969,train,0
CN1CCC(COCc2cc(C(F)(F)F)cc(C3CC3)n2)(c2cccc(F)c2)CC1,5.045709238,train,0
CN1CCC(COCc2cc(C(F)(F)F)cc(C3CC3)n2)(c2ccccc2)CC1,5.045709238,train,0
CN1CCC(COCc2cc(C(F)(F)F)cc(Cl)n2)(c2ccc(F)cc2)CC1,5.221776373,train,0
CN1CCC(COCc2cc(C(F)(F)F)cc(N3CC=CC3)n2)(c2ccc(F)cc2)CC1,5.060430831,train,0
CN1CCC(COCc2cc(C(F)(F)F)cc(N3CCC(C#N)C3)n2)(c2ccc(F)cc2)CC1,5.080869586,train,0
CN1CCC(COCc2cc(C(F)(F)F)cc(N3CCC(C#N)CC3)n2)(c2ccc(F)cc2)CC1,5.113452877,train,0
CN1CCC(COCc2cc(C(F)(F)F)cc(N3CCCC3)n2)(c2ccccc2)CC1,5.130709596,train,0
CN1CCC(Cc2ccc3c(c2)Cc2c(-c4csc(C#CCOc5ccccc5)c4)n[nH]c2-3)CC1,5.677573948,train,0
CN1CCC(Cn2nc(-c3ccc4cc(OC5CC5)ccc4c3)c3c(N)ncnc32)CC1,6.43062609,train,0
CN1CCC(Cn2nc(-c3ccc4cc(OC5CCC5)ccc4c3)c3c(N)ncnc32)CC1,6.696803943,train,0
CN1CCC(Cn2nc(-c3ccc4cc(OCC5CC5)ccc4c3)c3c(N)ncnc32)CC1,6.045275209,train,0
CN1CCC(Cn2nc(-c3ccc4nc(OC5CC5)ccc4c3)c3c(N)ncnc32)CC1,5.769295686,train,0
CN1CCC(Cn2nc(-c3ccc4nc(OCC(F)(F)F)ccc4c3)c3c(N)ncnc32)CC1,6.300162274,train,0
CN1CCC(N(C)C(=O)N2CC(c3cc(F)ccc3F)=C[C@H]2c2ccccc2)CC1,5.920456993,train,0
CN1CCC(Oc2cccc3ncnc(Nc4ccc(OCc5ccccn5)c(Cl)c4)c23)CC1,5.300943145,train,0
CN1CCC(c2ccc3nc(Nc4ccc(C(F)(F)F)cn4)[nH]c3c2)CC1,5.366430557,train,0
CN1CCC(c2nc(-c3ccc(F)c(NS(C)(=O)=O)c3)c(-c3ccnc(NCC4CC4)n3)s2)CC1,5.872571222,train,0
CN1CCC(c2noc(-c3cnc(Nc4ccc5c(c4)C(C)(C)OC5=O)nc3N[C@H](CO)c3ccccc3)n2)CC1,5.601886308,train,0
CN1CCCC(CN2CCN(C(=O)Nc3ccc(Cl)c(Cl)c3)CC2)C1,5.795608668,train,0
CN1CCCC(n2nc(Cc3ccc(Cl)cc3)c3ccccc3c2=O)CC1,6.995678626,train,0
CN1CCCCC1CCN1c2ccccc2Sc2ccc([S+](C)[O-])cc21,6.493494968,train,0
CN1CCCN(C(=O)c2ccc(-c3cnc(N)c(-c4ccc(C(F)(F)F)cc4)n3)cc2)CC1,5.300943145,train,0
CN1CCCN(c2nccc3[nH]c(-c4cc(F)cc(F)c4)nc23)CC1,6.396855627,train,0
CN1CCCN(c2nccc3[nH]c(-c4ccc(F)c(F)c4)nc23)CC1,6.396855627,train,0
CN1CCC[C@@H](c2nc3ccccc3n2Cc2ccc(F)cc2)C1,6.141763769,train,0
CN1CCC[C@H]1CCN1CCCc2cc(NC(=N)c3cccs3)ccc21,5.327809749,train,0
CN1CCN(C(=O)C2CCN(c3nccc4[nH]c(-c5ccc(F)c(F)c5)cc34)CC2)CC1,5.522734005,train,0
CN1CCN(C(=O)NC2CCN(Cc3ccn(-c4ccc(C(F)(F)F)cc4)c3)CC2)C(c2ccccc2)C1,5.327809749,train,0
CN1CCN(C(=O)c2ccc(-c3cnc(N)c(-c4ccc(C(F)(F)F)nc4)c3)cc2)CC1,5.086133188,train,0
CN1CCN(C(=O)c2ccc3c(c2)Cc2c(-c4csc(C#CCOc5ccccc5)c4)n[nH]c2-3)CC1,5.76421913,train,0
CN1CCN(C(=O)c2cccc(-c3ncnc4ccc(-c5cnc6ccccc6c5)cc34)c2)CC1,5.584859648,train,0
CN1CCN(C2CCN(c3nccc4[nH]c(-c5cc(F)cc(F)c5)cc34)CC2)CC1,5.397831449,train,0
CN1CCN(CC2CCN(c3nccc4[nH]c(-c5cc(F)cc(F)c5)cc34)CC2)CC1,5.300943145,train,0
CN1CCN(CCCCN2C(=O)CN(/N=C/c3ccc(-c4ccc(Cl)cc4)o3)C2=O)CC1,6.049460654,train,0
CN1CCN(CCc2ccc3c(c2)Cc2c(-c4csc(C#CCOc5ccccc5)c4)n[nH]c2-3)CC1,5.23128792,train,0
CN1CCN(Cc2ccc(OCCCCN3CCC(c4noc5cc(F)ccc45)CC3)cc2)CC1,5.975719624,train,0
CN1CCN(Cc2ccc(OCCCN3CCC(c4noc5cc(F)ccc45)CC3)cc2)CC1,5.806485825,train,0
CN1CCN(Cc2ccc3c(c2)Cc2c(-c4csc(C#CCCOc5ccccc5)c4)n[nH]c2-3)CC1,6.345823458,train,0
CN1CCN(Cc2ccc3c(c2)Cc2c(-c4csc(C#CCCc5ccccc5)c4)n[nH]c2-3)CC1,5.318668294,train,0
CN1CCN(Cc2ccc3c(c2)Cc2c(-c4csc(C#CCNC(=O)Nc5ccccc5)c4)n[nH]c2-3)CC1,5.101768615,train,0
CN1CCN(Cc2ccc3c(c2)Cc2c(-c4csc(C#CCNC(=O)Oc5ccccc5)c4)n[nH]c2-3)CC1,5.56050941,train,0
CN1CCN(Cc2ccc3c(c2)Cc2c(-c4csc(C#CCNC(=O)c5ccccc5)c4)n[nH]c2-3)CC1,5.12720296,train,0
CN1CCN(Cc2ccc3c(c2)Cc2c(-c4csc(C#CCNS(=O)(=O)c5ccccc5)c4)n[nH]c2-3)CC1,5.31238187,train,0
CN1CCN(Cc2ccc3c(c2)Cc2c(-c4csc(C#CCNc5ccccc5)c4)n[nH]c2-3)CC1,5.756713854,train,0
CN1CCN(Cc2ccc3c(c2)Cc2c(-c4csc(C#CCOc5ccc(CN6CCOCC6)cc5)c4)n[nH]c2-3)CC1,5.591590422,train,0
CN1CCN(Cc2ccc3c(c2)Cc2c(-c4csc(C#CCOc5ccc(Cl)cc5)c4)n[nH]c2-3)CC1,5.444784595,train,0
CN1CCN(Cc2ccc3c(c2)Cc2c(-c4csc(C#CCOc5cccc(Cl)c5)c4)n[nH]c2-3)CC1,5.586532587,train,0
CN1CCN(Cc2ccc3c(c2)Cc2c(-c4csc(C#CCOc5ccccc5Cl)c4)n[nH]c2-3)CC1,6.101823517,train,0
CN1CCN(Cc2ccc3c(c2)Cc2c(-c4csc(C#CCOc5cccnc5)c4)n[nH]c2-3)CC1,5.46967221,train,0
CN1CCN(Nc2cccc3c2C[C@@H](CN(C)[C@H]2CCCc4cccnc42)NC3)CC1,5.167427225,train,0
CN1CCN(c2cc(Cl)c3nc(Nc4ccc(Br)cn4)[nH]c3c2)CC1,5.136617652,train,0
CN1CCN(c2ccc(NC(=O)c3cc(N(C)Cc4ccc(C(F)(F)F)cc4)ncn3)cc2)CC1,6.045275209,train,0
CN1CCN(c2ccc(Nc3cc(-c4cccc(-n5ccc6cc(C7CC7)cc(F)c6c5=O)c4CO)cn(C)c3=O)nc2)CC1,5.853561865,train,0
CN1CCN(c2ccc3c(c2)Cc2c(-c4csc(C#CCOc5ccccc5)c4)n[nH]c2-3)CC1,5.759201229,train,0
CN1CCN(c2ccc3nc(-c4ccc(CN5CCC(c6nnc(-c7ccccn7)[nH]6)CC5)cc4)c(-c4ccccc4)nc3n2)CC1,5.668775219,train,0
CN1CCN(c2ccc3nc(-c4ccccc4)c(-c4ccc(CN5CCC(c6nnc(-c7ccc(N)nc7)[nH]6)CC5)cc4)nc3n2)CC1,5.327809749,train,0
CN1CCN(c2ccc3nc(-c4ccccc4)c(-c4ccc(CN5CCC(c6nnc(-c7ccccn7)[nH]6)CC5)cc4)nc3n2)CC1,5.040910886,train,0
CN1CCN(c2ccc3nc(-c4ccccc4)c(-c4ccc(CN5CCC(c6nnc(-c7ncccn7)[nH]6)CC5)cc4)nc3n2)CC1,5.080869586,train,0
CN1CCN(c2ccc3nc(Nc4ccc(Br)cn4)[nH]c3c2)CC1,5.455807889,train,0
CN1CCN(c2cccc3c2C[C@H](NC(=O)c2ccc(OCC(F)(F)F)nc2)CO3)CC1,5.099945457,train,0
CN1CCN(c2ccccc2CNC(=O)c2ccc(F)c(NC(=O)c3cnc4cc(-c5ccnn5C)ccn34)c2)CC1,5.397831449,train,0
CN1CCN(c2cnc3cc(C(F)(F)F)cc(NCc4cccc(C#N)c4)c3c2)CC1,6.756961951,train,0
CN1CCN(c2cnc3cc(C(F)(F)F)cc(NCc4cccc([N+](=O)[O-])c4)c3c2)CC1,7.301029996,train,0
CN1CCN(c2cnc3cc(C(F)(F)F)cc(NCc4cccc5nonc45)c3c2)CC1,6.966576245,train,0
CN1CCN(c2ncc3cc(-c4ccccc4)c(-c4ccc(CN5CCC(c6nnc(-c7cc[n+]([O-])cc7)[nH]6)CC5)cc4)nc3n2)CC1,5.008729611,train,0
CN1CCN(c2ncc3cc(-c4ccccc4)c(-c4ccc(CN5CCC(c6nnc(-c7ccc(N)nc7)[nH]6)CC5)cc4)nc3n2)CC1,5.214598975,train,0
CN1CCN(c2ncnc3c2nc(-c2ccc(Cl)cc2Cl)n3-c2ccc(Cl)cc2)CC1,6.454692884,train,0
CN1CCN(c2ncnc3c2nc(-c2ccccc2Cl)n3-c2ccc(Cl)cc2)CC1,6.199970641,train,0
CN1CCOc2c1cnn1c(-c3ccc4ccc(Cl)c(NCC5(F)CCNCC5)c4n3)nnc21,5.677573948,train,0
CN1CCOc2c1cnn1c(-c3ccc4cccc(NC5CCCCC5)c4c3)nnc21,5.217455716,train,0
CN1CCOc2c1cnn1c(-c3ccc4ccnc(NC5CCCCC5)c4c3)nnc21,5.397831449,train,0
CN1CC[C@@H](N(Cc2ccccc2C(F)(F)F)c2ccc(C#N)c(Cl)c2)C1,6.107348966,train,0
CN1CC[C@H](N(Cc2ccccc2C(F)(F)F)c2ccc(C#N)c(Cl)c2)C1,6.107348966,train,0
CN1CCc2c(sc3c2c2ncnn2c(=O)n3Cc2ccc(Cl)cc2)C1,7.15490196,train,0
CN1CCc2ccc(OCCCN3CCC(c4noc5cc(F)ccc45)CC3)cc2C1=O,5.635824367,train,0
CN1CCc2cccc3c2C1Cc1ccc(O)c(O)c1-3,5.619819522,train,0
CN1CCc2cncn2Cc2ccc(C#N)c(c2)Oc2ccc3cccc(c3c2)N2CC[C@@H]1C2=O,6.742321425,train,0
CN1CCc2cncn2Cc2ccc(C#N)c(c2)Oc2ccc3cccc(c3c2)N2CC[C@H]1C2=O,5.309715297,train,0
CN1C[C@@H](C(=O)Nc2ccc(Cl)cc2)[C@H](c2ccc(/C=C/C(=O)Nc3ccccc3N)cc2)C1,5.300943145,train,0
CN1C[C@@H](N(Cc2ccccc2F)c2ccc(C#N)c(Cl)c2)CC1=O,5.187019834,train,0
CN1C[C@@H]2CCCC[C@]2(c2ccc(Cl)c(Cl)c2)C1,5.63432486,train,0
CN1C[C@@H]2CCC[C@]2(c2ccc(Cl)c(Cl)c2)C1,5.2486439,train,0
CN1C[C@H](Cc2ccc(Cl)cc2)N(C2CCN(c3n[nH]c(N)n3)CC2)Cc2cc(Cl)ccc21,6.096367484,train,0
CN1C[C@H](Cc2ccc(Cl)cc2)N(C2CCN(c3n[nH]c(N)n3)CC2)Cc2ccccc21,5.494714326,train,0
CN1C[C@H](c2ccc(/C=C/C(=O)Nc3ccccc3N)cc2F)[C@@H](C(=O)Nc2ccc(Cl)cc2)C1,5.154839922,train,0
CN1C[C@H]2CCCC[C@@]2(c2ccc(Cl)c(Cl)c2)C1,5.382894769,train,0
CN1C[C@H]2CCC[C@@]2(c2ccc(Cl)c(Cl)c2)C1,5.265120197,train,0
CN1C[C@H]2C[C@@H](N(Cc3ccc(F)c(C(F)(F)F)c3)C(=O)c3cn(C)cn3)C[C@H]2C1,5.76421913,train,0
CN1C[C@H]2[C@@H](C1)[C@@H]2CN(Cc1ccc(F)c(Cl)c1)C(=O)c1cn(C)cn1,5.070529984,train,0
CN1C[C@H]2[C@@H](C1)[C@@H]2CN(Cc1cccc(OC(F)(F)F)c1)C(=O)c1cn(C)cn1,5.42010213,train,0
CN1Cc2cc(N3CCOCC3)ccc2[C@@H](c2ccc3sccc3c2)C1,5.999565923,train,0
CN1Cc2cccc(Oc3ncccc3NC(=O)Nc3ccc(OC(F)(F)F)cc3)c2C1C(C)(C)C,5.142607189,train,0
CN1Cc2cncn2Cc2ccc(C#N)c(c2)Oc2ccc3c(c2)[C@@H](CC3)N2CC[C@@H]1C2=O,5.584859648,train,0
CN1Cc2cncn2Cc2ccc(C#N)c(c2)Oc2ccc3cccc(c3c2)N2CC[C@H]1C2=O,5.356448631,train,0
CN1[C@H]2CCC[C@@H]1C[C@@H](NC(=O)c1cccc3oc(C4CC4)nc13)C2,6.696803943,train,0
CN1[C@H]2CCC[C@@H]1C[C@@H](NC(=O)c1cccc3oc(N4CCOCC4)nc13)C2,5.853561865,train,0
CN1c2nc(-c3ccc(Cl)cc3Cl)c(-c3ccc(Cl)cc3)cc2C(C(=O)NCO)CC1(C)C,7.387216143,train,0
CNC(=O)CN(CCc1ccc(Cl)cc1)C1CCN(c2nc(N)n[nH]2)CC1,5.584859648,train,0
CNC(=O)N(Cc1ccsc1)C1CCN([C@H](C)CCNC(=O)c2c(C)cc(Cl)nc2C)CC1,5.795608668,train,0
CNC(=O)NCCN(CCc1ccc(Cl)cc1)C1CCN(c2nc(N)n[nH]2)CC1,5.744486287,train,0
CNC(=O)Nc1ccc(O)cc1OC[C@@H](O)CN1CCC2(CC1)Cc1cc(Cl)ccc1O2,5.337147767,train,0
CNC(=O)[C@@H]1C[C@H](N2CCc3c(cccc3OCCc3ccccc3)C2)CN1C(=O)c1ccc(CN)c(OC)c1,5.397831449,train,0
CNC(=O)c1c(-c2ccc(F)cc2)oc2cc(N(c3ccc(B(O)O)c(Cl)c3)S(C)(=O)=O)c(C3CC3)cc12,5.795608668,train,0
CNC(=O)c1c(-c2ccc(F)cc2)oc2ccc(-c3cc(C(=O)NC4(c5ccccn5)CC4)ccc3C)cc12,5.236497135,train,0
CNC(=O)c1c(-c2ccc(F)cc2)oc2ccc(-c3cc(C(=O)NC4(c5ncccn5)CC4)ccc3C)cc12,5.318668294,train,0
CNC(=O)c1c(NCC2CCC3(CC2)OCCO3)nc(C#N)nc1OCC1CCN(C)CC1,5.238748926,train,0
CNC(=O)c1c(NCC2CCC3(CCC3)CC2)nc(C#N)nc1OC1CC(C)(C)NC(C)(C)C1,5.297483303,train,0
CNC(=O)c1c(NCC2CCC3(CCC3)CC2)nc(C#N)nc1OCC1CCN(C(C)C)CC1,6.266802735,train,0
CNC(=O)c1c(NCC2CCC3(CCC3)CC2)nc(C#N)nc1OCC1CCN(C)CC1,6.148130399,train,0
CNC(=O)c1c(NCC2CCC3(CCC3)CC2)nc(C#N)nc1OCC1CCN(CCO)CC1,6.050122296,train,0
CNC(=O)c1c(NCC2CCC3(CCC3)CC2)nc(C#N)nc1OCC1CCNCC1,5.630598586,train,0
CNC(=O)c1c(NCC2CCC3(CCC3)CC2)nc(C#N)nc1OCCC1CCN(C)CC1,6.375717904,train,0
CNC(=O)c1c(NCC2CCC3(CCCC3)CC2)nc(C#N)nc1OCC1CCN(C)CC1,5.836838625,train,0
CNC(=O)c1c(NCCC2CCCC2)nc(C#N)nc1OCC1CCN(C)CC1,6.442492798,train,0
CNC(=O)c1cc(-n2ncc3cc(Nc4c(F)cccc4Cl)cnc32)cs1,5.045709238,train,0
CNC(=O)c1cc(OCCCCN2CCC(c3noc4cc(F)ccc34)CC2)ccc1F,6.000434512,train,0
CNC(=O)c1ccc(-c2ccc(N3C(=O)N(c4cc(OC)ncn4)C4(CCN(Cc5ncccc5C)CC4)C3=O)cc2)cc1,5.070529984,train,0
CNC(=O)c1ccc(-c2ccc3c(c2)CCN(CCN2CCCC2)C3=O)c(F)c1,5.431680915,train,0
CNC(=O)c1ccc(CC(=O)N(C)C2CCN(Cc3ccc(C(F)(F)F)cc3)CC2)cc1,5.677573948,train,0
CNC(=O)c1cccc(C2CCN([C@@H]3C[C@H]4OCC[C@@]4(C(=O)N4COc5ccc(C(F)(F)F)cc5C4)C3)CC2)c1,5.508498234,train,0
CNC(=O)c1cccc(NC(=O)COc2ccc(C(=O)c3cc(Cl)ccc3Br)cc2)c1,7.638272164,train,0
CNC(=O)c1cccc(OCCCCN2CCC(c3noc4cc(F)ccc34)CC2)c1,5.986741335,train,0
CNC(=O)c1cnc(Nc2ccc(C#N)cn2)cc1Nc1cccc(-c2ncn(C)n2)c1OC,5.173860382,train,0
CNC(=O)c1cnc(Nc2ccc(F)cn2)cc1Nc1ccccc1S(C)(=O)=O,5.601886308,train,0
CNC(=O)c1nc(C)n2ccc(Nc3nccc(-n4cc(CN(C)C)cn4)n3)cc12,5.148680487,train,0
CNC(=O)c1ncn2c1COc1c(CCN3CCN(c4cccc5nc(C)ccc45)CC3)cccc1-2,5.799726939,train,0
CNC(=O)c1ncn2ccc(Nc3nccc(-n4cc(CN(C)C)cn4)n3)cc12,5.136617652,train,0
CNC(=O)c1nn(C)c2c(C)cc(Nc3nccc(-n4cc(CN(C)C)cn4)n3)cc12,5.309715297,train,0
CNC(=O)c1nn(C)c2ccc(Nc3nccc(-n4cc(CN(C)C)c(C)n4)n3)cc12,5.522734005,train,0
CNC(=O)c1nn(C)c2ccc(Nc3nccc(-n4cc(CN(C)C)c(OC)n4)n3)cc12,5.443576879,train,0
CNC(=O)c1nn(C)c2ccc(Nc3nccc(-n4cc(CN(C)C)cn4)n3)cc12,5.346690987,train,0
CNC(=O)c1nn(C)c2ccc(Nc3nccc(-n4cc(O[C@@H]5CCCNC5)c(C)n4)n3)cc12,5.601886308,train,0
CNC(=O)c1nn(C)c2ccc(Nc3nccc(-n4cc(O[C@@H]5CCNC5)c(C)n4)n3)cc12,5.283913146,train,0
CNC(=O)c1nn(C)c2ccc(Nc3nccc(-n4cc(O[C@H]5CNC[C@H]5F)c(C)n4)n3)cc12,5.431680915,train,0
CNC(C)c1cc(C(F)(F)F)ccc1Oc1ccc(Cl)c(Cl)c1,5.518414064,train,0
CNC(C)c1cc(C)ccc1Oc1ccc(Cl)c(Cl)c1,5.570086302,train,0
CNC(C)c1cc(F)ccc1Oc1ccc(Cl)c(Cl)c1,5.165515715,train,0
CNC(C)c1cc(F)ccc1Oc1ccc(Cl)cc1,5.28141528,train,0
CNC(C)c1ccc(Cl)cc1Oc1ccc(C)c(C)c1,5.607127255,train,0
CNC(C)c1ccc(Cl)cc1Oc1ccc(C)cc1,5.432855955,train,0
CNC(C)c1ccc(OC)cc1Oc1ccc(Cl)c(Cl)c1,6.104577454,train,0
CNC(C)c1ccccc1Oc1ccc(Cl)c(Cl)c1,5.414426481,train,0
CNC1CCN(c2ccc(Cl)c(Cl)c2)c2ccccc21,5.107849722,train,0
CNCC(=O)N1CCN(c2ccc(Nc3ncc(Cl)c(-c4cnc5ccccn45)n3)c(OC)c2)CC1,5.022230682,train,0
CNCCC(c1ccccc1)c1c[nH]c2ccccc12,5.999565923,train,0
CNCCCN1c2ccccc2CCc2ccccc21,5.85667287,train,0
CNCC[C@@H](Oc1ccccc1C)c1ccccc1,5.677573948,train,0
CNC[C@@H](O)CCN1c2ccccc2N(c2ccccc2)S1(=O)=O,5.09685573,train,0
CNC[C@@H]1Cc2ccccc2[C@H](c2ccc(Cl)c(Cl)c2)C1,5.698752911,train,0
CNC[C@H]1Cc2ccccc2[C@H](c2ccc(Cl)c(Cl)c2)C1,5.79290446,train,0
CNCc1cc(-c2cn(C)nc2-c2ccc(F)cc2)ccn1,5.398918272,train,0
CNCc1cc(Br)ccc1Oc1ccc(Cl)c(Cl)c1,5.790216985,train,0
CNCc1cc(C#N)ccc1Oc1ccc(Cl)c(Cl)c1,5.340939928,train,0
CNCc1cc(C(F)(F)F)ccc1Oc1ccc(Cl)c(Cl)c1,5.882397308,train,0
CNCc1cc(C(N)=O)ccc1Oc1ccc(Cl)c(Cl)c1,5.264321274,train,0
CNCc1cc(C)c(C)cc1Oc1ccc(Cl)c(Cl)c1,5.829444941,train,0
CNCc1cc(Cl)ccc1Oc1ccc(C)c(C)c1,5.28141528,train,0
CNCc1cc(Cl)ccc1Oc1ccc(Cl)c(Cl)c1,5.505706231,train,0
CNCc1cc(Cl)ccc1Oc1ccc(Cl)cc1,5.319573829,train,0
CNCc1cc(F)c(Cl)cc1Oc1ccc(Cl)c(Cl)c1,5.493359694,train,0
CNCc1cc(F)c(OC)cc1Oc1ccc(Cl)c(Cl)c1,5.66735959,train,0
CNCc1cc(F)ccc1Oc1ccc(Cl)c(Cl)c1,5.254066842,train,0
CNCc1cc(F)ccc1Oc1ccc(Cl)c(F)c1,5.330590133,train,0
CNCc1cc(F)ccc1Oc1ccc(Cl)cc1,5.131296798,train,0
CNCc1cc(F)ccc1Oc1ccc(F)c(Cl)c1,5.081393085,train,0
CNCc1cc(Oc2ccc3c(ccn3C(=O)Nc3ccc(F)c(C(F)(F)F)c3)c2)ncn1,5.236497135,train,0
CNCc1cc(S(=O)(=O)NC)ccc1Oc1ccc(Cl)c(Cl)c1,5.318668294,train,0
CNCc1ccc(-c2cc(-c3nc(-c4ccc(S(=O)(=O)C(C)C)cc4)cnc3N)on2)cc1,5.522734005,train,0
CNCc1ccc(Br)cc1Oc1ccc(Cl)c(Cl)c1,6.010995384,train,0
CNCc1ccc(C#N)cc1Oc1ccc(Cl)c(Cl)c1,5.882397308,train,0
CNCc1ccc(C(F)(F)F)cc1Oc1ccc(Cl)c(Cl)c1,5.924088239,train,0
CNCc1ccc(C(F)(F)F)cc1Oc1ccc(Cl)cc1,5.291494119,train,0
CNCc1ccc(Cl)cc1Oc1ccc(C)c(C)c1,5.759201229,train,0
CNCc1ccc(Cl)cc1Oc1ccc(C)c(Cl)c1,5.974284616,train,0
CNCc1ccc(Cl)cc1Oc1ccc(C)cc1,5.784891419,train,0
CNCc1ccc(Cl)cc1Oc1ccc(Cl)c(C)c1,5.749336081,train,0
CNCc1ccc(Cl)cc1Oc1ccc(Cl)c(Cl)c1,5.906228219,train,0
CNCc1ccc(Cl)cc1Oc1ccc(Cl)c(F)c1,5.909741947,train,0
CNCc1ccc(Cl)cc1Oc1ccc(Cl)cc1,6.189767482,train,0
CNCc1ccc(Cl)cc1Oc1ccc(F)c(C(F)(F)F)c1,6.058488567,train,0
CNCc1ccc(Cl)cc1Oc1ccc(F)c(C)c1,5.51698358,train,0
CNCc1ccc(Cl)cc1Oc1ccc(F)c(Cl)c1,5.675511767,train,0
CNCc1ccc(Cl)cc1Oc1cccc(Cl)c1,5.675511767,train,0
CNCc1ccc(F)cc1Oc1ccc(Cl)c(Cl)c1,5.521289244,train,0
CNCc1ccc(OC)cc1Oc1ccc(Cl)c(Cl)c1,6.159266765,train,0
CNCc1ccccc1Oc1ccc(Cl)c(Cl)c1,5.411056357,train,0
CNS(=O)(=O)c1ccc2c(C(=O)NC[C@@H](O)CN3CCC(Oc4ccc(Cl)c(Cl)c4)CC3)c[nH]c(=O)c2c1,5.699782895,train,0
CN[C@@H]1CCN(c2ccc(-n3ncc4cc(-c5ccc(C(F)(F)F)cc5)sc4c3=O)cn2)C1,5.744486287,train,0
CN[C@@H]1CCN(c2ccc(Cl)c(Cl)c2)c2ccccc21,5.487983031,train,0
CN[C@@H]1Cc2ccccc2[C@@H](c2ccc(Cl)c(Cl)c2)C1,5.63432486,train,0
CN[C@@H]1Cc2ccccc2[C@H](c2ccc(Cl)c(Cl)c2)C1,5.278106984,train,0
CN[C@H]1Cc2ccccc2[C@@H](c2ccc(Cl)c(Cl)c2)C1,5.795608668,train,0
CNc1cc(F)cc2cc(C(=O)Nc3ccc(CO)cc3CN(CCO)C3CCCCC3)c(=O)[nH]c12,5.621420424,train,0
CNc1cc(Nc2cnc(C#N)c(O[C@H](C)CN(C)C)n2)ncc1C(=O)OC,5.300943145,train,0
CNc1cc(Nc2cnc(C#N)c(O[C@H](C)CN(C)C)n2)ncc1C(F)(F)F,5.999565923,train,0
CNc1cc(Nc2cnc(C#N)c(O[C@H](C)CN(C)C)n2)ncc1C1CC1,5.221776373,train,0
CNc1cc(Nc2cnc(C#N)c(O[C@H](C)CN(C)C)n2)ncc1Cl,5.999565923,train,0
CNc1nc(NCCCN(C)C)c2sc(-c3ccc(C(F)(F)F)cc3)cc2n1,5.568475416,train,0
CNc1nc(NCCCN(C)C)c2sc(-c3ccc(N4CCOCC4)cc3)cc2n1,5.744486287,train,0
CNc1nc(NCCCN(C)C)c2sc(-c3ccc(OC(F)(F)F)cc3)cc2n1,5.552686891,train,0
CNc1nc(NCCCN(C)C)c2sc(-c3ccc(OC)nc3)cc2n1,5.167427225,train,0
CNc1nc(NCCCN(C)C)c2sc(-c3ccc4nonc4c3)cc2n1,5.698752911,train,0
CNc1nc(NCCCN(C)C)c2sc(-c3ccccc3)cc2n1,5.070529984,train,0
CNc1nc(NCCN2CCNCC2)c2sc(-c3ccc(C(F)(F)F)cc3)cc2n1,5.853561865,train,0
CNc1nc(Nc2ccc(-n3cnc(C)n3)c(OC)c2)nc2c1CC[C@H]2c1ccc(F)cc1,5.920456993,train,0
CNc1nc(Nc2ccc(-n3cnc(Cl)c3)c(OC)c2)nc2c1CC[C@H]2c1ccccc1,6.696803943,train,0
CNc1nc2ccccc2n1-c1nc(N2CCOC[C@H]2C)cc(C2(S(C)(=O)=O)CC2)n1,5.337147767,train,0
CNc1nccc(N2CCC3(CCN(C[C@H](O)c4ccc5c(c4C)COC5=O)CC3)C2=O)n1,5.026825947,train,0
CNc1nn2cc3c(nc2c1S(=O)(=O)c1ccccc1)CCN(C)C3,6.300162274,train,0
CO/N=C/c1ccc2nc(OC)c([C@@H](c3ccccc3)[C@](O)(CCN(C)C)c3cccc4ccccc34)cc2c1,5.657379957,train,0
COC(=O)C(CCCN1CCN(c2ccccc2OC)CC1)(c1ccc(Br)cc1)C(C)C,5.859806321,train,0
COC(=O)C(Cc1c[nH]c2ccccc12)NS(=O)(=O)c1ccc(Br)cc1,5.331520897,train,0
COC(=O)C(Cc1c[nH]c2ccccc12)NS(=O)(=O)c1ccc(OC2CCCC2)cc1,5.019496682,train,0
COC(=O)C1(CNC(=O)c2cc(Cl)cc(Cl)c2)CCN(Cc2ccc(C(F)(F)F)cc2)CC1,6.536107011,train,0
COC(=O)C1(CNC(=O)c2cc(Cl)cc(Cl)c2)CCN(Cc2cccc(C(F)(F)F)c2)CC1,6.050122296,train,0
COC(=O)C1(CNC(=O)c2cc(Cl)cc(Cl)c2)CCN(Cc2cccc(OC)c2)CC1,6.442492798,train,0
COC(=O)C1(CNC(=O)c2cc(Cl)cc(Cl)c2)CCN(Cc2ccccc2C(F)(F)F)CC1,6.336299075,train,0
COC(=O)C1(CNC(=O)c2cc(OC)cc(OC)c2)CCN(CC2=Cc3ccccc3OC2(C)C)CC1,5.889073758,train,0
COC(=O)C1(CNC(=O)c2cc(OC)cc(OC)c2)CCN(Cc2ccc(C(F)(F)F)cc2)CC1,5.628747371,train,0
COC(=O)C1(CNC(=O)c2cc(OC)cc(OC)c2)CCN(Cc2ccc(OC)cc2)CC1,6.317854924,train,0
COC(=O)C1(CNC(=O)c2cc(OC)cc(OC)c2)CCN(Cc2cccc(C(F)(F)F)c2)CC1,5.552686891,train,0
COC(=O)C1(CNC(=O)c2cc(OC)cc(OC)c2)CCN(Cc2cccc(OC)c2)CC1,6.507239611,train,0
COC(=O)C1(CNC(=O)c2cc(OC)cc(OC)c2)CCN(Cc2ccccc2C(F)(F)F)CC1,5.302683458,train,0
COC(=O)C1=C(C)NC(C)=C(C(=O)NC[C@H]2CCN(CCc3ccc(C(F)(F)F)cc3)C2)C1c1cccc([N+](=O)[O-])c1,5.829444941,train,0
COC(=O)C1=C(C)NC(C)=C(C(=O)NC[C@H]2CCN(CCc3ccc(C)c(C(F)(F)F)c3)C2)C1c1cccc([N+](=O)[O-])c1,5.568475416,train,0
COC(=O)C1=C(C)NC(C)=C(C(=O)NC[C@H]2CCN(CCc3ccc(Cl)c(Cl)c3)C2)C1c1cccc([N+](=O)[O-])c1,6.186419011,train,0
COC(=O)C1=C(C)NC(C)=C(C(=O)NC[C@H]2CCN(CCc3ccc(Cl)c(F)c3)C2)C1c1cccc([N+](=O)[O-])c1,6.480172006,train,0
COC(=O)C1=C(C)NC(C)=C(C(=O)NC[C@H]2CCN(CCc3ccc(OC(F)(F)F)c(F)c3)C2)C1c1cccc([N+](=O)[O-])c1,5.832387327,train,0
COC(=O)C1=CCC2CCC1N2C,5.049951244,train,0
COC(=O)C1C(OC(=O)c2ccccc2)CC2CCC1N2C,5.139940031,train,0
COC(=O)CC1OC2(CCN(CCc3ccccc3)CC2)CN(c2ccccc2)C1=O,6.696803943,train,0
COC(=O)N(C)c1c(N)nc(-c2nc(Cc3ccccc3F)n3ccccc23)nc1N,6.396855627,train,0
COC(=O)N(C)c1c(N)nc(-n2nc(Cc3c(F)ccc(F)c3F)c3cc(Cl)ccc32)nc1N,5.40882405,train,0
COC(=O)N(C)c1c(N)nc(-n2nc(Cc3cc(F)ccc3F)c3ccccc32)nc1N,5.468393368,train,0
COC(=O)N(C)c1c(N)nc(-n2nc(Cc3cccc(F)c3F)c3ccccc32)nc1N,5.142607189,train,0
COC(=O)N(C)c1c(N)nc(-n2nc(Cc3ccccc3F)c3cc(C#N)ccc32)nc1N,5.130709596,train,0
COC(=O)N(C)c1c(N)nc(-n2nc(Cc3ccccc3F)c3cc(Cl)ccc32)nc1N,5.20059052,train,0
COC(=O)N1CCN(C(=O)c2ccc(-c3cnn4c(N)c(-c5ccccc5)c(NC5CC(C)(C)N(C)C(C)(C)C5)nc34)cc2)CC1,5.124880835,train,0
COC(=O)N1CCc2c(nc(C)n2[C@@H]2C[C@@H]3CC[C@H](C2)N3CC[C@H](NC(C)=O)c2cccc(F)c2)C1,5.698752911,train,0
COC(=O)NC12CCC(n3cc(-c4cc(N)c(Cl)cc4F)c4c(N)ncnc43)(CC1)CC2,5.221776373,train,0
COC(=O)NC12CCC(n3cc(-c4ccc(Cl)c(N)c4)c4c(N)ncnc43)(CC1)CC2,5.263527472,train,0
COC(=O)N[C@H]1CC[C@@H](n2cc(-c3ccc(Cl)c(N)c3)c3c(N)ncnc32)CC1,5.275642196,train,0
COC(=O)c1c(C)noc1-c1ccc2cc(CCN3CCC[C@H]3C)ccc2n1,5.221776373,train,0
COC(=O)c1ccc(C2=CC3(CCNCC3)Oc3ccccc32)cc1,6.177831921,train,0
COC(=O)c1ccc2c(c1)NC(=O)/C2=C(\Nc1ccc(N(C)C(=O)CN2CCN(C)CC2)cc1)c1ccccc1,8.443697499,train,0
COC(=O)c1ccc2c(c1)NC(=O)/C2=C(\Nc1ccc(N2C(=O)CC[C@@H]2CN2CCN(C)CC2)cc1)c1ccccc1,8.619788758,train,0
COC(=O)c1ccc2c(c1)NC(=O)/C2=C(\Nc1ccc(N2C(=O)CC[C@H]2CN2CCN(C)CC2)cc1)c1ccccc1,8.709965389,train,0
COC(=O)c1coc(CN2CCN(C(=O)CC(c3ccc(F)cc3)c3ccc(Br)cc3)CC2)n1,5.65150043,train,0
COC(=O)c1coc(CN2CCN(C(=O)CC(c3ccc(F)cc3)c3ccc(C(F)(F)F)cc3)CC2)n1,5.416687848,train,0
COC(C)(C)CN(CCc1ccc(Cl)cc1)C1CCN(c2nc(N)n[nH]2)CC1,5.455807889,train,0
COC1CCN(Cc2cc(-c3ccc(C(C)C)cc3)n(-c3ccc(F)cc3)n2)CC1,5.19990182,train,0
COC1CCN(Cc2cc(-c3ccc(C(F)(F)F)cc3)n(-c3ccc(F)cc3)n2)CC1,5.494714326,train,0
COC1CCN(S(=O)(=O)c2ccc(-c3ccc(CCN4CCC[C@H]4C)cc3)cc2)CC1,5.698752911,train,0
COC1CN(c2nnc(C)c3c(C)n(-c4ccc(Cl)cc4OC(F)(F)F)nc23)C1,5.397831449,train,0
COC1COCCC1N[C@@H]1C[C@H]2CCC[C@@]2(C(=O)N2CCc3ccc(OC(F)(F)F)cc3C2)C1,5.130709596,train,0
COC1OC2(CCN(Cc3ccccc3)CC2)c2cnn(-c3ccccc3)c21,8.850780887,train,0
COCC#Cc1cc(-c2n[nH]c3c2Cc2cc(CN4CCN(C)CC4)ccc2-3)cs1,5.284748971,train,0
COCC(=O)N(Cc1ccsc1)C1CCN([C@H](C)CCNC(=O)c2c(C)cc(Cl)nc2C)CC1,5.075669015,train,0
COCC(=O)N1CCC[C@@H](c2nc(-c3ccc(C(=O)Nc4cc(C(F)(F)F)ccn4)cc3F)c3c(N)nccn23)C1,5.346690987,train,0
COCC(=O)NC1CCN(c2nc(C)c3cc(NC(=O)/C=C/c4ccc(Cl)cc4)ccc3n2)CC1,5.920456993,train,0
COCC(F)(F)COCc1ccc([C@@]2(O)CCNC[C@@H]2c2ccc(-c3ccccc3CCNC(C)=O)cc2C)cc1,5.008729611,train,0
COCC(O)CN(Cc1ccc(F)cc1)C(=O)CC1CCN(Cc2ccc(-c3ccc(Cl)cc3)o2)CC1,5.962175249,train,0
COCC1CCCN1S(=O)(=O)c1ccc(-c2ccc(CCN3CCC[C@H]3C)cc2)cc1,5.716918236,train,0
COCC1OC2(CCN(CCc3ccccc3)CC2)CN(c2ccccc2)C1=O,5.721017883,train,0
COCCC#Cc1c(Cl)c2c(Cl)cc(C(N)=O)nc2n1[C@H]1CCCNC1,8.397940009,train,0
COCCC(=O)N1CCO[C@@H](c2nc(-c3ccc(C(=O)Nc4cc(C(F)(F)F)ccn4)cc3)c3c(N)nccn23)C1,5.236497135,train,0
COCCC(=O)N1CCSC(c2nc(-c3ccc(C(=O)Nc4cc(C(F)(F)F)ccn4)cc3)c3c(N)nccn23)C1,5.744486287,train,0
COCCC(NC(=O)C1(N)CCN(c2ncnc3[nH]ccc23)CC1)c1ccc(Cl)cc1,5.028260409,train,0
COCCCN1CCC(c2nnc(-c3cccc4cc(C(C)C)nn34)o2)CC1,5.638083381,train,0
COCCCN1C[C@H]2[C@H](CNC(=O)c3nc(C(C)C)n4ccccc34)[C@H]2C1,5.292344676,train,0
COCCCc1cc(CN(C(=O)[C@H]2CNCC[C@]2(O)c2ccc(F)c(F)c2)C2CC2)cc(OCCOC)c1,5.346690987,train,0
COCCN(C)C(c1ccccc1)C(O)(c1cccnc1)c1cccnc1,5.462055041,train,0
COCCN(C)CCn1c(C#N)c(-c2cccc(F)c2)c2cc(OC)ccc2c1=O,5.782252927,train,0
COCCN(CCc1ccc(Cl)cc1)C1CCN(c2nc(N)n[nH]2)CC1,5.552686891,train,0
COCCN1CC=CC[C@H](c2ccc(Cl)c(Cl)c2)C1,5.275642196,train,0
COCCN1CCC[C@@H](Cn2c(-c3ccccc3C)nc3cn(-c4ccc(Cl)cc4)nc3c2=O)C1,5.601886308,train,0
COCCN1CCC[C@@H](Cn2c(-c3ccccc3C)nc3nc(-c4ccc(Cl)cc4)sc3c2=O)C1,5.431680915,train,0
COCCN1CCN(Cc2ccc(NC(=O)c3ccc(C)c(C#Cc4cnc5cccnn45)c3)cc2C2CC2)CC1,7.091514981,train,0
COCCN1CCN(c2ccc(OCc3ccccc3)c(C(=O)Nc3ccnnc3)c2)CC1,5.099945457,train,0
COCCNCCC(=O)N[C@H]1c2ccccc2C[C@@H]1NC(=O)c1cc2ccccc2n1C,5.799726939,train,0
COCCNS(=O)(=O)c1ccc(-c2ccc(CCN3CCC[C@H]3C)cc2)cc1,5.133959126,train,0
COCCOCC#Cc1cc(-c2n[nH]c3c2C(=O)c2cc(CN4CCN(C)CC4)ccc2-3)cs1,5.026825947,train,0
COCCOCC#Cc1cc(-c2n[nH]c3c2Cc2cc(CN4CCN(C)CC4)ccc2-3)cs1,5.036637234,train,0
COCCOc1cc(NC(=O)N2CCCc3cc(C4CCN(CC(F)(F)F)CC4)c(C=O)nc32)ncc1C#N,6.300162274,train,0
COCCOc1cc(NC(=O)N2CCCc3cc(CN(C)C(=O)CN(C)C)c(C=O)nc32)ncc1C#N,5.167427225,train,0
COCCOc1cc(NC(=O)N2CCCc3cc(CN4CC[C@@H](N(C)C)C4=O)c(C=O)nc32)ncc1C#N,5.070529984,train,0
COCCOc1cc2ncc(C(N)=O)c(Nc3ccc(C)cc3F)c2cc1N1CCOCC1,5.045709238,train,0
COCCOc1ccn2c(-c3ccc4cccc(O[C@@H]5CCNC[C@H]5F)c4n3)cnc2c1,5.40882405,train,0
COCCS(=O)(=O)N1CCN(c2ccc(Nc3nccc(-c4cnc(C)n4C(C)C)n3)cc2)CC1,5.075669015,train,0
COCCS(=O)(=O)c1ccc(-c2ccc(CCN3CCC[C@H]3C)cc2)cc1,5.130709596,train,0
COC[C@@](C)(N)c1nc(-c2ccc(OC(F)(F)F)cc2)c[nH]1,5.431680915,train,0
COC[C@H](C)COCc1ccc([C@@]2(O)CCNC[C@@H]2c2ccc(-c3ccccc3CCNC(C)=O)cc2C)cc1,5.045709238,train,0
COC[C@H](C)Oc1cc(Oc2ccc(S(C)(=O)=O)cc2)cc(C(=O)Nc2nc(C)ns2)c1,5.124880835,train,0
COC[C@H](C)Oc1cc(Oc2ccc(S(C)(=O)=O)cc2)cc(C(=O)Nc2nccs2)c1,5.161087973,train,0
COC[C@H](N)CNc1cnc(C(N)=O)c(Nc2cc(C)cc(C)n2)c1,5.795608668,train,0
COCc1ccc(-c2cc3c(N[C@@H](C)C4CCOCC4)c(C(N)=O)cnc3cc2F)cn1,5.050561199,train,0
COCc1ccc(-c2cc3c(cc2F)ncc2c3n([C@H]3C[C@@H](OC)C3)c(=O)n2C)cn1,5.045709238,train,0
COCc1ccc(-c2cc3c(cc2F)ncc2c3n([C@H]3C[C@H](OC)C3)c(=O)n2C)cn1,5.050561199,train,0
COCc1ccc(-c2ccc3ncc(C(N)=O)c(N[C@@H](C)C4CCOCC4)c3c2)cn1,5.346690987,train,0
COCc1cnc(N2CCC([C@H]3C[C@H]3CCOc3cc(F)c(CC(=O)N4CCC4)c(F)c3)CC2)nc1,5.040910886,train,0
COCc1nc(-c2ccc(N3C(=O)N(c4cc(O)ncn4)C4(CCN(Cc5ncccc5C)CC4)C3=O)cc2)no1,5.113452877,train,0
CONC(=O)N(Cc1ccsc1)C1CCN([C@H](C)CCNC(=O)c2c(C)cc(Cl)nc2C)CC1,5.259558355,train,0
CONC(=O)N(Cc1ccsc1)C1CCN([C@H](C)CCNC(=O)c2c(C)cc(Cl)nc2Cl)CC1,6.521433504,train,0
CO[C@@H]1CN(Cc2ccc(C(F)(F)F)cc2)CC[C@@H]1N(C)C(=O)Cc1ccc(-n2cnnn2)cc1,5.698752911,train,0
CO[C@@H]1COCC[C@@H]1N[C@@H]1CC[C@@](C(=O)N2CCN(c3cc(C(F)(F)F)ccn3)CC2)(C(C)C)C1,5.769295686,train,0
CO[C@@H]1COCC[C@@H]1N[C@@H]1CC[C@@](C(=O)N2CCN(c3cccc(C(F)(F)F)n3)CC2)(C(C)C)C1,5.40882405,train,0
CO[C@@H]1COCC[C@@H]1N[C@@H]1CC[C@@](C(=O)N2CCN(c3cncc(C(F)(F)F)c3)CC2)(C(C)C)C1,5.677573948,train,0
CO[C@@H]1COCC[C@@H]1N[C@@H]1CC[C@@](C(=O)N2CCN(c3cncc(C(F)(F)F)n3)CC2)(C(C)C)C1,5.119129267,train,0
CO[C@@H]1COCC[C@@H]1N[C@@H]1CC[C@@](C(=O)N2CCN(c3nccc(C(F)(F)F)n3)CC2)(C(C)C)C1,5.309715297,train,0
CO[C@@H]1COCC[C@@H]1N[C@@H]1CC[C@@](C(=O)N2CCN(c3nncc(C(F)(F)F)n3)CC2)(C(C)C)C1,5.050561199,train,0
CO[C@@]12CC[C@@]3(C[C@@H]1[C@](C)(O)C(C)(C)C)[C@H]1Cc4ccc(O)c5c4[C@@]3(CCN1CC1CC1)[C@H]2O5,5.099945457,train,0
CO[C@H](C)CN(CCc1ccc(Cl)cc1)C1CCN(c2nc(N)n[nH]2)CC1,5.193752173,train,0
CO[C@H](C[C@H](CCCCNCc1ccc(F)cc1)C(=O)NO)c1ccc(F)cc1,5.698752911,train,0
CO[C@H]1CN(C2CCN(c3nc(N)n[nH]3)CC2)[C@H]1Cc1ccc(Cl)cc1,6.467245621,train,0
CO[C@H]1CN(Cc2ccc(C(F)(F)F)cc2)CC[C@H]1N(C)C(=O)Cc1ccc(-n2cnnn2)cc1,5.920456993,train,0
CO[C@H]1C[C@@H](n2c(=O)n(C)c3cnc4cc(F)c(-c5ccc(N(C)CCN(C)C)nc5)cc4c32)C1,5.244048959,train,0
COc1c(C#N)ccc2[nH]c(-c3cn4c(n3)[C@H](c3cccc(F)c3C)OCC4)cc12,5.276462238,train,0
COc1c(C)cc(C2(c3cccc(-c4cncnc4)c3)N=C(N)c3c(F)cccc32)cc1C#N,5.677573948,train,0
COc1c(C)cc(C2(c3cccc(-c4cncnc4)c3)N=C(N)c3c(F)cccc32)nc1C,5.42010213,train,0
COc1c(Nc2ncc(Cl)c(N[C@H]3[C@@H](C(N)=O)[C@@H]4C=C[C@H]3C4)n2)ccc2c1CCC[C@@H](N1CCN(C)CC1)C2,5.102317938,train,0
COc1c(Nc2ncc(Cl)c(N[C@H]3[C@@H](C(N)=O)[C@@H]4C=C[C@H]3C4)n2)ccc2c1CCC[C@H](N1CCN(C)CC1)C2,5.040910886,train,0
COc1c(Nc2ncc(Cl)c(Nc3ccccc3-n3cccn3)n2)ccc2c1CCCC(N1CCN(CCO)CC1)C2,5.431680915,train,0
COc1c(Nc2ncc(Cl)c(Nc3ccccc3N3CCCS3(=O)=O)n2)ccc2c1CCCC(N1CCN(CCO)CC1)C2,5.568475416,train,0
COc1c(Nc2ncc(Cl)c(Nc3ccccc3S(=O)(=O)N(C)C)n2)ccc2c1CCCC(N1CCN(CCO)CC1)C2,6.617982957,train,0
COc1c(S(C)(=O)=O)ccc(O[C@@H](C)C(F)(F)F)c1C(=O)N1CC(c2ccc(C(F)(F)F)cc2)C1,5.61960784,train,0
COc1c(S(C)(=O)=O)ccc(O[C@@H](C)C(F)(F)F)c1C(=O)N1CC(c2ccccc2)C1,5.167427225,train,0
COc1cc(-c2cc3sc(N4CCC(N5CCCCC5)CC4)nc3cn2)ccn1,6.004360419,train,0
COc1cc(-c2cn(C3(C)CCc4ccccc4N(CC(F)(F)F)C3=O)nn2)ccc1-n1cnc(C)c1,5.221776373,train,0
COc1cc(-c2cn(C3C(=O)NC4CCC3C4)nn2)ccc1-n1cnc(C)c1,5.271565049,train,0
COc1cc(-c2cn(C3CC(C4CCCCC4)CCNC3=O)nn2)ccc1-n1cnc(C)c1,5.434034183,train,0
COc1cc(-c2cn(C3CC([Si](C)(C)C)CCNC3=O)nn2)ccc1-n1cnc(C)c1,5.202663199,train,0
COc1cc(-c2cn(C3CC[C@@H]4CCCC[C@H]4N(Cc4ccccc4)C3=O)nn2)ccc1-n1cnc(C)c1,5.045709238,train,0
COc1cc(-c2cn(C3CCc4c(F)cc(F)cc4N(CC(F)(F)F)C3=O)nn2)ccc1-n1cnc(C)c1,5.737311656,train,0
COc1cc(-c2cn(C3CCc4c(F)cccc4N(CC(F)(F)F)C3=O)nn2)ccc1-n1cnc(C)c1,5.583193128,train,0
COc1cc(-c2cn(C3CCc4c(ccc(Br)c4F)N(CC(F)(F)F)C3=O)nn2)ccc1-n1cnc(C)c1,6.274905479,train,0
COc1cc(-c2cn(C3CCc4c(ccc5ccccc45)N(CC(F)(F)F)C3=O)nn2)ccc1-n1cnc(C)c1,6.045275209,train,0
COc1cc(-c2cn(C3CCc4cc(F)ccc4N(CC(F)(F)F)C3=O)nn2)ccc1-n1cnc(C)c1,5.571703186,train,0
COc1cc(-c2cn(C3CCc4ccccc4N(C)C3=O)nn2)ccc1-n1cnc(C)c1,5.391367011,train,0
COc1cc(-c2cn(C3CCc4ccccc4N(CC(F)(F)F)C3=O)nn2)ccc1-n1cnc(C)c1,5.448428026,train,0
COc1cc(-c2cn(C3CCc4ccccc4N(CC(F)F)C3=O)nn2)ccc1-n1cnc(C)c1,5.047643523,train,0
COc1cc(-c2cn(C3CCc4ccccc4N(CC4CC4)C3=O)nn2)ccc1-n1cnc(C)c1,5.80106813,train,0
COc1cc(-c2cn(C3CCc4ccccc4N(CCF)C3=O)nn2)ccc1-n1cnc(C)c1,5.492009275,train,0
COc1cc(-c2cn(C3CCc4ccccc4N(Cc4ccccc4)C3=O)nn2)ccc1-n1cnc(C)c1,5.995248844,train,0
COc1cc(-c2cn(C3CCc4ccccc4N(Cc4ccccn4)C3=O)nn2)ccc1-n1cnc(C)c1,5.120846754,train,0
COc1cc(-c2cn(C3CCc4ccccc4N(Cc4cccnc4)C3=O)nn2)ccc1-n1cnc(C)c1,5.351542406,train,0
COc1cc(-c2cn(C3CCc4ccccc4N(Cc4ccncc4)C3=O)nn2)ccc1-n1cnc(C)c1,5.206139799,train,0
COc1cc(-c2cn(C3CCc4cccnc4N(CC(F)(F)F)C3=O)nn2)ccc1-n1cnc(C)c1,5.05843888,train,0
COc1cc(-c2cn(C3CSc4ccccc4N(CC(F)(F)F)C3=O)nn2)ccc1-n1cnc(C)c1,5.32321497,train,0
COc1cc(-c2cn(CC(=O)N(C3CCCCC3)C3CCCCC3)nn2)ccc1-n1cnc(C)c1,5.85667287,train,0
COc1cc(-c2cn(CC(=O)N(CC(F)(F)F)c3ccc4c(c3)CCC4)nn2)ccc1-n1cnc(C)c1,5.826522357,train,0
COc1cc(-c2cn(CC(=O)N(CC(F)(F)F)c3ccc4c(c3)OC(F)(F)O4)nn2)ccc1-n1cnc(C)c1,5.716472635,train,0
COc1cc(-c2cn(CC(=O)N(CC(F)(F)F)c3ccc4ccccc4c3)nn2)ccc1-n1cnc(C)c1,6.199970641,train,0
COc1cc(-c2cn(CC(=O)N(CC(F)(F)F)c3cccc4ccccc34)nn2)ccc1-n1cnc(C)c1,6.096367484,train,0
COc1cc(-c2cn(CC(=O)N(Cc3ccc(F)cc3)C3C4CC5CC(C4)CC3C5)nn2)ccc1-n1cnc(C)c1,6.600326279,train,0
COc1cc(-c2cn(CC(=O)N(Cc3ccccc3)CC(F)(F)F)nn2)ccc1-n1cnc(C)c1,5.541966808,train,0
COc1cc(-c2cn(CC(=O)N(Cc3ccccc3)Cc3ccccc3)nn2)ccc1-n1cnc(C)c1,6.059981845,train,0
COc1cc(-c2cn(CC(=O)N(Cc3ccccc3)[C@H](C)c3ccccc3)nn2)ccc1-n1cnc(C)c1,6.36552273,train,0
COc1cc(-c2cn(CC(=O)N([C@H](C)c3ccccc3)[C@H](C)c3ccccc3)nn2)ccc1-n1cnc(C)c1,6.075204004,train,0
COc1cc(-c2cn(CC(=O)N(c3ccccc3)C3CCCCC3)nn2)ccc1-n1cnc(C)c1,6.096367484,train,0
COc1cc(-c2cn(CC(=O)N(c3ccccc3)c3ccccc3)nn2)ccc1-n1cnc(C)c1,5.515557792,train,0
COc1cc(-c2cn(CC(=O)NC3C4CC5CC(C4)CC3C5)nn2)ccc1-n1cnc(C)c1,5.394587202,train,0
COc1cc(-c2cn(Cc3cc(Br)cc(Br)c3)nn2)ccc1-n1cnc(C)c1,6.995678626,train,0
COc1cc(-c2cn(Cc3cc(C(C)(C)C)cc(C(C)(C)C)c3)nn2)ccc1-n1cnc(C)c1,6.493494968,train,0
COc1cc(-c2cn(Cc3cc(C(F)(F)F)cc(C(F)(F)F)c3)nn2)ccc1-n1cnc(C)c1,6.407823243,train,0
COc1cc(-c2cn(Cc3ccc(-c4noc(C)n4)cc3)nn2)ccc1-n1cnc(C)c1,5.091461368,train,0
COc1cc(-c2cn(Cc3ccc(C(C)(C)C)cc3)nn2)ccc1-n1cnc(C)c1,6.407823243,train,0
COc1cc(-c2cn(Cc3ccc(F)cc3)nn2)ccc1-n1cnc(C)c1,5.659357622,train,0
COc1cc(-c2cn(Cc3cccc(C(F)(F)F)c3)nn2)ccc1-n1cnc(C)c1,5.90274269,train,0
COc1cc(-c2cn(Cc3cccc(F)c3)nn2)ccc1-n1cnc(C)c1,5.568475416,train,0
COc1cc(-c2cn(Cc3cccc(OC(F)(F)F)c3)nn2)ccc1-n1cnc(C)c1,6.142064735,train,0
COc1cc(-c2cn(Cc3cccc4cccnc34)nn2)ccc1-n1cnc(C)c1,5.265120197,train,0
COc1cc(-c2cn(Cc3ccccc3F)nn2)ccc1-n1cnc(C)c1,5.603626272,train,0
COc1cc(-c2cn(Cc3csc4ccccc34)nn2)ccc1-n1cnc(C)c1,5.66735959,train,0
COc1cc(-c2cn([C@H]3CC[C@H](c4ccccc4)CN(Cc4ccccc4)C3=O)nn2)ccc1-n1cnc(C)c1,6.696803943,train,0
COc1cc(-c2cn([C@H]3C[C@@H](C(C)(C)C)CCN(CC(C)(C)C)C3=O)nn2)ccc1-n1cnc(C)c1,5.677573948,train,0
COc1cc(-c2cn([C@H]3C[C@@H](C(C)(C)C)CCN(CC(F)(F)F)C3=O)nn2)ccc1-n1cnc(C)c1,5.267525823,train,0
COc1cc(-c2cn([C@H]3C[C@@H](C(C)(C)C)CCN(CC45CC6CC(CC(C6)C4)C5)C3=O)nn2)ccc1-n1cnc(C)c1,6.059981845,train,0
COc1cc(-c2cn([C@H]3C[C@@H](C(F)(F)F)CCN(Cc4ccccc4)C3=O)nn2)ccc1-n1cnc(C)c1,5.261140198,train,0
COc1cc(-c2cn([C@H]3C[C@@H](c4ccccc4)CCN(CC(F)(F)F)C3=O)nn2)ccc1-n1cnc(C)c1,5.653451441,train,0
COc1cc(-c2cn([C@H]3C[C@H](C)c4ccccc4N(CC(F)(F)F)C3=O)nn2)ccc1-n1cnc(C)c1,5.175158528,train,0
COc1cc(-c2cnc3nc(N4CCC(N5CCCCC5)CC4)sc3c2)ccn1,6.688076691,train,0
COc1cc(-c2cncc(-c3ccc(C4=CCNCC4)cc3)c2C)cc(OC)c1OC,5.468393368,train,0
COc1cc(-c2cncc(-c3ccc(C4CCN(C)CC4)cc3)c2C)cc(OC)c1OC,5.318668294,train,0
COc1cc(-c2cncc(-c3ccc(N4CCN(C(C)C)CC4)cc3)c2C)cc(OC)c1OC,5.508498234,train,0
COc1cc(-c2cncc(-c3ccc(N4CCNCC4)cc3)c2C#N)cc(OC)c1OC,5.221776373,train,0
COc1cc(-c2cncc(-c3ccc(N4CCNCC4)cc3)c2C)cc(OC)c1F,5.601886308,train,0
COc1cc(-c2cncc(-c3ccc(N4CCNCC4)cc3)c2C)cc(OC)c1OC,5.080869586,train,0
COc1cc(-c2cncc(-c3ccc(N4CCNCC4)cc3)c2Cl)cc(OC)c1OC,5.568475416,train,0
COc1cc(-c2cncc(-c3ccc(N4C[C@H](C)N[C@H](C)C4)cc3)c2C)cc(OC)c1OC,5.229074385,train,0
COc1cc(-c2cncc(-c3ccc(OC4CCNCC4)cc3)c2C)cc(OC)c1OC,5.091461368,train,0
COc1cc(-c2nc3n(n2)CCC[C@@H]3c2ccc(F)cc2C)ccc1-n1cnc(C)c1,6.099632871,train,0
COc1cc(-c2nc3n(n2)CCC[C@H]3c2ccc(F)cc2C)ccc1-n1cnc(C)c1,5.102317938,train,0
COc1cc(-n2ccnc(NCCc3ccccc3)c2=O)ccc1OCCN1CCCC1,5.207538269,train,0
COc1cc(/C=C/c2nc(N)c3c(n2)oc2ccccc23)ccc1-n1cnc(C)c1,6.2915791,train,0
COc1cc(/C=C/c2nc(N)c3c4c(sc3n2)CCCCC4)ccc1-n1cnc(C)c1,6.407823243,train,0
COc1cc(/C=C/c2nc(N)c3ccccc3n2)ccc1-n1cnc(C)c1,6.850780887,train,0
COc1cc(/C=C/c2nc(N)nc(Nc3ccccc3)n2)ccc1-n1cnc(C)c1,6.521433504,train,0
COc1cc(/C=C/c2nc(NCc3ccccc3)c3c4c(sc3n2)CCC4)ccc1-n1cnc(C)c1,5.950394387,train,0
COc1cc(/C=C/c2nc3cc(C(F)(F)F)ccc3c(=O)[nH]2)ccc1-n1cnc(C)c1,6.059981845,train,0
COc1cc(/C=C/c2nc3ccccc3[nH]2)ccc1-n1cnc(C)c1,6.166852888,train,0
COc1cc(/C=C/c2nc3ccccc3c(=O)n2-c2ccccc2)ccc1-n1cnc(C)c1,6.003926346,train,0
COc1cc(/C=C/c2nc3ccccc3c(=O)n2C)ccc1-n1cnc(C)c1,6.507239611,train,0
COc1cc(/C=C/c2nc3sc4c(c3c(=O)[nH]2)CCC4)ccc1-n1cnc(C)c1,5.325047052,train,0
COc1cc(/C=C2\CCCN([C@@H](C)c3ccc(F)cc3)C2=O)ccc1-n1cnc(C)c1,5.920456993,train,0
COc1cc(/C=C2\CCCN3C2=NOC3(C)c2ccc(F)cc2)ccc1-n1cnc(C)c1,6.130181792,train,0
COc1cc(/C=C2\CCCN3C2=NOC[C@@H]3c2cc(F)c(F)c(F)c2)ccc1-n1cnc(C)c1,5.999565923,train,0
COc1cc(/C=C2\CCCN3C2=NO[C@H](c2cc(F)c(F)c(F)c2)[C@@H]3C)ccc1-n1cnc(C)c1,5.793713956,train,0
COc1cc(/C=C2\CCCN3C2=NO[C@H](c2cc(F)cc(F)c2)[C@@H]3C)ccc1-n1cnc(C)c1,5.697236292,train,0
COc1cc(/C=C2\CCCN3C2=NO[C@]3(CO)c2ccc(F)cc2)ccc1-n1cnc(C)c1,5.481354476,train,0
COc1cc(C#N)c2ccc(=O)n(CCN3CCC(NCc4cnc(C)c(C#N)c4)CC3)c2c1,5.601886308,train,0
COc1cc(C(=O)N2CCOCC2)ccc1Nc1ncc(Cl)c(-c2cnc3ccccn23)n1,5.568475416,train,0
COc1cc(C(=O)N2C[C@@H](n3cc(C4CC4)nn3)C[C@H]2C(=O)NCC(c2ccccc2)c2ccccc2)ccc1CN,5.61960784,train,0
COc1cc(C(=O)NC[C@@H](O)CN2CCC(Oc3ccc(Cl)c(Cl)c3)CC2)ccc1N,6.598272138,train,0
COc1cc(C(C)(C)CN2CCN(CCc3ccc4c(c3C)COC4=O)CC2)ccc1C#N,5.920456993,train,0
COc1cc(C(C)CN2CCN(CCc3ccc4c(c3C)COC4=O)CC2)ccc1C#N,5.958212681,train,0
COc1cc(C(F)(F)F)cc(COCC2(c3ccc(F)cc3)CCN(C)CC2)n1,5.004320939,train,0
COc1cc(C(O)(CCN(C)C)C(c2cc3cc(Br)ccc3nc2OC)c2cccc(OC)c2F)c(OC)cn1,5.769295686,train,0
COc1cc(C(O)(CCN(C)C)C(c2cc3cc(Br)ccc3nc2OC)c2ccnc(OC)c2OC)c(OC)nc1OC,5.568475416,train,0
COc1cc(C(O)(CCN(C)C)C(c2cc3cc(Br)ccc3nc2OC)c2ccnc(OC)c2OC)cnc1OC,5.443576879,train,0
COc1cc(C(O)(CCn2ccnc2)C(c2cc3cc(Br)ccc3nc2OC)c2ccnc(OC)c2OC)cc(OC)n1,5.236497135,train,0
COc1cc(C(O)CN2CCN(CCc3ccc4c(c3C)COC4=O)CC2)ccc1C#N,5.657379957,train,0
COc1cc(C(O)CN2CCN(CCc3ccc4c(c3C)COC4=O)CC2)ncc1C#N,5.193752173,train,0
COc1cc(C(O)CN2CCN(C[C@H](O)c3ccc4c(c3C)COC4=O)CC2)ccc1C#N,5.530820181,train,0
COc1cc(C(O)CN2CCN(C[C@H](O)c3ccc4c(c3C)COC4=O)CC2)nc(C)c1C#N,5.244048959,train,0
COc1cc(C)nc(Nc2cc(N[C@@H]3CCCC[C@@H]3N)cnc2C(N)=O)c1,5.769295686,train,0
COc1cc(C2(c3cccc(-c4cncnc4)c3)N=C(N)c3c(F)cccc32)ccn1,5.657379957,train,0
COc1cc(C2=CC3=NOC[C@H](c4cc(F)c(F)c(F)c4)N3CCC2)ccc1-n1cnc(C)c1,5.583525921,train,0
COc1cc(C2=CC3=NO[C@H](c4cc(F)c(F)c(F)c4)CN3CCC2)ccc1-n1cnc(C)c1,5.474566447,train,0
COc1cc(C2CCNCC2)ccc1Nc1ncc(Cl)c(-c2cnc3ccccn23)n1,5.040910886,train,0
COc1cc(CC(=O)N2CCOCC2)ccc1Nc1ncc(Cl)c(-c2cnc3ccccn23)n1,5.055467979,train,0
COc1cc(CC(C)N2CCN(CCc3ccc4c(c3C)COC4=O)CC2)ccc1C#N,5.885722703,train,0
COc1cc(CN2CCOCC2)ccc1Nc1ncc(Cl)c(-c2cnc3ccccn23)n1,5.004320939,train,0
COc1cc(F)cc(-c2cncc(-c3nc4cc(C)ccc4[nH]3)c2N2CCC(N)CC2)c1,5.080869586,train,0
COc1cc(F)cc(-c2cncc(-c3nc4cc(F)ccc4[nH]3)c2N2CCC(N)CC2)c1,5.124880835,train,0
COc1cc(F)ccc1-c1cc(CNC2CCCC2)ccn1,5.414426481,train,0
COc1cc(F)ccc1-c1cccc(CNC2CCCC2)c1,5.66735959,train,0
COc1cc(F)ccc1-c1cccc(CNC2CCCC2)n1,5.205442249,train,0
COc1cc(F)ccc1-c1cncc(C2CCCN2)c1,5.064442355,train,0
COc1cc(F)ccc1-c1cncc(CNC(=O)c2cnccn2)c1,5.148069321,train,0
COc1cc(F)ccc1-c1cncc(CNC(C)C)c1,5.175809059,train,0
COc1cc(F)ccc1-c1cncc(CNC2CCCC2)c1,5.723308471,train,0
COc1cc(F)ccc1-c1cncc(CNC2CCCCC2)c1,5.661344334,train,0
COc1cc(F)ccc1-c1cncc(CNCC2CC2)n1,5.723308471,train,0
COc1cc(F)ccc1-c1cncc(NC2CCCOC2)c1,5.026825947,train,0
COc1cc(F)ccc1-c1cncc(NCc2ccccc2)c1,5.283913146,train,0
COc1cc(N)c(Cl)cc1C(=O)N[C@H]1CCN(CCCn2ccnc2)C[C@H]1OC,5.138943755,train,0
COc1cc(N2C(=O)N(c3ccc(-c4ccc(-c5ccn[nH]5)cc4)cc3)C(=O)C23CCN(Cc2ncccc2C)CC3)ncn1,5.698752911,train,0
COc1cc(N2C(=O)N(c3ccc(-c4ccc(C#N)cc4)cc3)C(=O)C23CCN(Cc2ncccc2C)CC3)ncn1,6.43062609,train,0
COc1cc(N2C(=O)N(c3ccc(-c4ccc(C(=O)N(C)C)cc4)cc3)C(=O)C23CCN(Cc2ncccc2C)CC3)ncn1,5.050561199,train,0
COc1cc(N2C(=O)N(c3ccc(-c4ccc(C(=O)O)c(Cl)c4)cc3)C(=O)C23CCN(Cc2ncccc2C)CC3)ncn1,5.244048959,train,0
COc1cc(N2C(=O)N(c3ccc(-c4ccc(C(=O)O)cc4)cc3)C(=O)C23CCN(Cc2ncccc2C)CC3)ncn1,5.193752173,train,0
COc1cc(N2C(=O)N(c3ccc(-c4ccc(C(=O)O)cc4C)nc3)C(=O)C23CCN(Cc2ncccc2C)CC3)ncn1,5.148680487,train,0
COc1cc(N2C(=O)N(c3ccc(-c4ccc(C(N)=O)cc4)cc3)C(=O)C23CCN(Cc2ncccc2C)CC3)ncn1,6.186419011,train,0
COc1cc(N2C(=O)N(c3ccc(-c4ccc5[nH]ncc5c4)cc3)C(=O)C23CCN(Cc2ncccc2C)CC3)ncn1,5.327809749,train,0
COc1cc(N2C(=O)N(c3ccc(-c4ccc5cn[nH]c5c4)cc3)C(=O)C23CCN(Cc2ncccc2C)CC3)ncn1,6.142064735,train,0
COc1cc(N2C(=O)N(c3ccc(-c4cccc(C(=O)O)c4)cc3)C(=O)C23CCN(Cc2ncccc2C)CC3)ncn1,5.154839922,train,0
COc1cc(N2C(=O)N(c3ccc(-c4ccccc4C(=O)O)cc3)C(=O)C23CCN(Cc2ncccc2C)CC3)ncn1,5.61960784,train,0
COc1cc(N2C(=O)N(c3ccc(-c4csc(C(=O)O)c4)cc3)C(=O)C23CCN(Cc2ncccc2C)CC3)ncn1,5.09685573,train,0
COc1cc(N2CC3CN(CCO)CC(C2)O3)ccc1Nc1ncc(Cl)c(-c2cnc3ccccn23)n1,5.823619308,train,0
COc1cc(N2CC3CNCC(C2)O3)ccc1Nc1ncc(Cl)c(-c2cnc3ccccn23)n1,5.275642196,train,0
COc1cc(N2CCC3(CCN(C[C@H](O)c4ccc5c(c4C)COC5=O)CC3)C2=O)ccn1,5.42010213,train,0
COc1cc(N2CCN(C(=O)[C@H](C)N)CC2)ccc1Nc1ncc(Cl)c(-c2cnc3ccccn23)n1,5.026825947,train,0
COc1cc(N2CCN(C(=O)[C@H](C)O)CC2)ccc1Nc1ncc(Cl)c(-c2cnc3ccccn23)n1,5.091461368,train,0
COc1cc(N2CCN(CCO)CC2)ccc1Nc1ncc(Cl)c(-c2cnc3ccccn23)n1,5.431680915,train,0
COc1cc(N2CCN(CCS(C)(=O)=O)CC2)ccc1Nc1ncc(Cl)c(-c2cnc3ccccn23)n1,5.026825947,train,0
COc1cc(N2CCN(C[C@H](C)O)CC2)ccc1Nc1ncc2ccc(-c3ccccc3N(C)S(C)(=O)=O)n2n1,5.040910886,train,0
COc1cc(N2CCNCC2)ccc1Nc1ncc(Cl)c(-c2cnc3ccccn23)n1,5.337147767,train,0
COc1cc(N2CCOCC2)ccc1Nc1ncc(Cl)c(-c2cnc3ccccn23)n1,5.494714326,train,0
COc1cc(N2C[C@@H]3CC[C@H](C2)[C@H]3Nc2nc3n(n2)CCCCC3c2ccc(F)c(F)c2F)ncn1,6.258848401,train,0
COc1cc(NC(=O)c2cccc(C(F)(F)F)n2)cc2cn(C3CCN(C)CC3)nc12,5.161087973,train,0
COc1cc(NC(=O)c2ccccc2F)ccc1-c1nnc(NCCCN2CCCCC2)o1,5.299913558,train,0
COc1cc(NC2CN(CCCF)C2)ccc1[C@@H]1c2ccc3[nH]ncc3c2C[C@@H](C)N1CC1(F)CC1,5.040910886,train,0
COc1cc(NCC2CCNCC2)nc2c1nnn2-c1cccc(OC(F)(F)F)c1,5.588718156,train,0
COc1cc(NS(C)(=O)=O)ccc1Nc1c2ccccc2nc2ccccc12,6.676821519,train,0
COc1cc(Nc2cc(-c3cccc(C#N)c3)ccn2)ccc1N1CCN(C)CC1,5.885722703,train,0
COc1cc(Nc2cc(-c3cccc(C#N)c3)ccn2)ccc1N1CCOCC1,5.113452877,train,0
COc1cc(Nc2cccc3c2nc(-c2ccc(F)cc2)n3C)ccc1-n1cnc(C)c1,5.698752911,train,0
COc1cc(Nc2cccc3c2nc(-c2ccc(F)cc2)n3C)cnc1-n1cnc(C)c1,5.744486287,train,0
COc1cc(Nc2cnc(C#N)c(O[C@H](C)CN(C)C)n2)ncc1-c1cnn(C)c1,5.300943145,train,0
COc1cc(Nc2nc(C)cc(N(C)C)n2)ccc1F,5.299913558,train,0
COc1cc(OC)cc(-c2cncc(-c3nc4cc(C)ccc4[nH]3)c2N2CCC(N)CC2)c1,5.065451052,train,0
COc1cc(OC)cc(C(=O)NCC2(C#N)CCN(CC3=Cc4ccccc4OC3(C)C)CC2)c1,5.325047052,train,0
COc1cc(OC)cc(C(=O)NCC2(C#N)CCN(CCc3ccccc3)CC2)c1,5.803823815,train,0
COc1cc(OC)cc(C(=O)NCC2(C#N)CCN(Cc3ccccc3C(F)(F)F)CC2)c1,5.322301819,train,0
COc1cc(OC)cc(C(=O)N[C@H]2CC[C@H](Nc3nc(C)cc(N(C)C)n3)CC2)c1,5.39989111,train,0
COc1cc(OC2CCNCC2)ccc1Nc1ncc(Cl)c(-c2cnc3ccccn23)n1,5.318668294,train,0
COc1cc(OC2CNC2)ccc1Nc1ncc(Cl)c(-c2cnc3ccccn23)n1,5.229074385,train,0
COc1cc([C@H](c2cc3cc(Br)ccc3nc2OC)[C@@](O)(CCN(C)C)c2cccc(F)c2)cnc1OC,5.721017883,train,0
COc1cc([C@H]2CCN(CCO)C[C@@H]2O)ccc1Nc1ncc2ccc(-c3ccccc3OC)n2n1,5.167427225,train,0
COc1cc([C@H]2CC[C@@H](C(N)=O)N2)ccc1OCc1ccccc1F,5.39989111,train,0
COc1cc([C@](O)(CCN(C)C)[C@@H](c2cc3cc(Br)ccc3nc2OC)c2cccc(OC)c2F)cc(S(C)(=O)=O)n1,5.744486287,train,0
COc1cc([C@](O)(CCN(C)C)[C@@H](c2cc3cc(Br)ccc3nc2OC)c2cccc(OC)c2OC)cc(OC)n1,5.657379957,train,0
COc1cc([C@](O)(CCN(C)C)[C@@H](c2cc3cc(Br)ccc3nc2OC)c2ccnc(OC)c2OC)cc(OC)n1,5.584859648,train,0
COc1cc([C@](O)(CCN(C)C)[C@@H](c2cc3cc(C#N)ccc3nc2OC)c2cccc(OC)c2F)cc(OC(F)F)n1,5.275642196,train,0
COc1cc([C@](O)(CCN(C)C)[C@@H](c2cc3cc(C#N)ccc3nc2OC)c2cccc3c2CCC3)cc(OC)n1,5.346690987,train,0
COc1cc([C@](O)(CCN(C)C)[C@@H](c2cc3cc(C#N)ccc3nc2OC)c2cccc3c2OCCO3)cc(OC)n1,5.356448631,train,0
COc1cc([C@](O)(CCN(C)C)[C@@H](c2cc3cc(C#N)ccc3nc2OC)c2cccc3c2OCO3)cc(OC(F)F)n1,5.318668294,train,0
COc1cc([C@](O)(CCN(C)C)[C@@H](c2cc3cc(C#N)ccc3nc2OC)c2cccc3c2OCO3)cc(OC)n1,5.795608668,train,0
COc1cc([C@](O)(CCN(C)C)[C@@H](c2cc3cc(C#N)ccc3nc2OC)c2ccnc(OC)c2OC)cc(N(C)C)n1,5.468393368,train,0
COc1cc([C@](O)(CCN(C)C)[C@@H](c2cc3cc(C#N)ccc3nc2OC)c2ccnc(OC)c2OC)cc(OC(F)F)n1,5.154839922,train,0
COc1cc([C@](O)(CCN(C)C)[C@H](c2cc(OC(C)C)cnc2OC)c2cc3cc(C#N)ccc3nc2OC)cc(OC)n1,5.61960784,train,0
COc1cc([C@](O)(CCN(C)C)[C@H](c2cc(OC)c(OC)nc2OC)c2cc3cc(Br)ccc3nc2OC)cc(OC)n1,5.229074385,train,0
COc1cc([C@](O)(CCN(C)C)[C@H](c2cc(OC)nc(N(C)C)c2)c2cc3cc(C#N)ccc3nc2OC)cc(OC)n1,5.026825947,train,0
COc1cc([C@](O)(CCN(C)C)[C@H](c2cccnc2OC)c2cc3cc(Br)ccc3nc2OC)cc(OC)n1,5.769295686,train,0
COc1cc([C@]23CNC[C@H]2C3)ccc1NS(=O)(=O)c1ccc(C(C)C)cc1,5.899653583,train,0
COc1cc2c(cc1Nc1ncc(Cl)c(Nc3ccc(N4CCOCC4)cc3OC)n1)CCN(CC(=O)N(C)C)CC2,5.40882405,train,0
COc1cc2c(cc1OC)C(=O)C(CC1(F)CCN(Cc3ccccc3F)CC1)C2,5.034751249,train,0
COc1cc2c(cc1OC)[C@H]1C[C@@H](OC(=O)[C@@H](N)C(C)C)[C@H](CC(C)C)CN1CC2,5.769295686,train,0
COc1cc2c(cc1OCC(F)(F)F)CCN1CC(CC(C)C)C(O)CC21,5.186352305,train,0
COc1cc2ccc(Br)cc2cc1[C@@H](c1cccc(C)c1)[C@@](O)(CCN(C)C)c1cccc2c1OCO2,6.300162274,train,0
COc1cc2ccc(Br)cc2cc1[C@@H](c1cccc(OC)c1F)[C@@](O)(CCN(C)C)c1cccc2c1CCC2,5.522734005,train,0
COc1cc2ccc(Br)cc2cc1[C@@H](c1ccccc1)[C@@](O)(CCN(C)C)c1ccc2occc2c1,6.396855627,train,0
COc1cc2ccc(Br)cc2cc1[C@@H](c1ccccc1)[C@@](O)(CCN(C)C)c1cccc2c1CCC2,5.42010213,train,0
COc1cc2ccc(Br)cc2cc1[C@@H](c1ccccc1)[C@@](O)(CCN(C)C)c1cccc2c1CCN2C,5.885722703,train,0
COc1cc2ccc(Br)cc2cc1[C@@H](c1ccccc1)[C@@](O)(CCN(C)C)c1cccc2ccoc12,6.096367484,train,0
COc1cc2ccc(Br)cc2cc1[C@@H](c1ccnc(OC)c1OC)[C@@](O)(CCN(C)C)c1cc2ccccc2o1,6.096367484,train,0
COc1cc2ccc(Br)cc2cc1[C@@H](c1ccnc(OC)c1OC)[C@@](O)(CCN(C)C)c1ccc2occc2c1,6.221125528,train,0
COc1cc2ccc(Br)cc2cc1[C@@H](c1ccnc(OC)c1OC)[C@@](O)(CCN(C)C)c1cccc2ccoc12,6.045275209,train,0
COc1cc2ccc(Br)cc2cc1[C@@H](c1ccnc(OC)c1OC)[C@@](O)(CCN(C)C)c1cccc2occc12,5.999565923,train,0
COc1cc2ccc(Br)cc2cc1[C@@H](c1cnc(OC)c(OC)c1)[C@@](O)(CCN(C)C)c1cccc2ccoc12,5.999565923,train,0
COc1cc2ccc(C#N)cc2cc1[C@@H](c1cccc(C)c1)[C@@](O)(CCN(C)C)c1cccc2c1OCO2,6.521433504,train,0
COc1cc2ccc(C#N)cc2cc1[C@@H](c1cccc(F)c1)[C@@](O)(CCN(C)C)c1cc2ccccc2o1,6.045275209,train,0
COc1cc2ccc(C#N)cc2cc1[C@@H](c1cccc(F)c1)[C@@](O)(CCN(C)C)c1cccc2ccoc12,6.221125528,train,0
COc1cc2ccc(C#N)cc2cc1[C@@H](c1cccc(OC)c1OC)[C@@](O)(CCN(C)C)c1cccc2c1CCC2,5.999565923,train,0
COc1cc2nc(N3CCN(C(=O)C4COc5ccccc5O4)CC3)nc(N)c2cc1OC,6.229265779,train,0
COc1cc2nc(N3CCN(C(=O)c4ccco4)CC3)nc(N)c2cc1OC,5.799726939,train,0
COc1cc2nnc(C(N)=O)c(Nc3ccc(C)cc3F)c2cc1N1CCCN(C)CC1,5.221776373,train,0
COc1ccc(-c2cc(-c3ccc(S(=O)(=O)N(C)C)cc3)cnc2N)cn1,5.013183495,train,0
COc1ccc(-c2cc(-c3ccc(S(=O)(=O)NC4CC4)cc3)cnc2N)cn1,5.677573948,train,0
COc1ccc(-c2cc(-c3ccc(S(C)(=O)=O)cc3)cnc2N)cn1,5.489270947,train,0
COc1ccc(-c2cc(NC(=O)CCCN3CCCCC3)[nH]n2)cc1,5.336204878,train,0
COc1ccc(-c2cc3c(N[C@@H]4CC[C@](C)(N)C4(C)C)c(C(N)=O)cnn3c2)cn1,5.522734005,train,0
COc1ccc(-c2cc3sc(N4CCC(N5CCCCC5)CC4)nc3cn2)cn1,5.953852254,train,0
COc1ccc(-c2ccc(C(=O)O)cc2C)cc1-c1cnc(N(C)C)nc1CN1C(=O)O[C@H](c2ccc(OC(F)(F)F)cc2)[C@@H]1C,5.42010213,train,0
COc1ccc(-c2ccc(C(=O)O)cc2C)cc1-c1cnc(N(C)C)nc1CN1C(=O)O[C@H](c2cccc(C(F)(F)F)c2)[C@@H]1C,5.01768353,train,0
COc1ccc(-c2ccc3c(N4CCOCC4)nc(N4C[C@H](C)O[C@H](C)C4)nc3n2)cc1CO,5.080869586,train,0
COc1ccc(-c2ccc3c(N4CCOC[C@@H]4C)nc(N4CC[C@@H](O)C4)nc3n2)cc1CO,5.09685573,train,0
COc1ccc(-c2ccc3ncnc(-c4cccc(C(=O)N5CCN(C)CC5)c4)c3c2)cc1OC,5.721017883,train,0
COc1ccc(-c2ccc3ncnc(N4CCC[C@H](C(=O)N5CCN(C)CC5)C4)c3c2)cn1,5.823619308,train,0
COc1ccc(-c2ccccc2C2CCN(C[C@@H](O)COc3ccc(-c4cn5ccccc5n4)cc3)CC2)cc1,5.729554092,train,0
COc1ccc(-c2cnc3nc(N4CCC(N5CCCCC5)CC4)sc3c2)cn1,6.991357252,train,0
COc1ccc(-c2cnn3c(N)c(-c4ccccc4)c(NC4CC(C)(C)N(C)C(C)(C)C4)nc23)cc1OC,6.110309633,train,0
COc1ccc(-c2nc(CCOc3cccc(C[C@@H]4C(=O)N(c5ccc(C(C)(C)C)cc5)[C@@H]4C(=O)O)c3)c(C)o2)cc1,5.494714326,train,0
COc1ccc(-c2nc(COc3cccc(CN(CC(=O)O)C(=O)Oc4ccc(C)cc4)c3)c(C)o2)cc1,5.065451052,train,0
COc1ccc(-c2nnc(C(=O)N3CC(Oc4ccc(CN5CC(OC)C5)cc4)C3)o2)cc1,5.070529984,train,0
COc1ccc(-c2nnc(C(=O)N3CC(Oc4ccc(CN5CCCC5)cc4)C3)o2)cc1,5.259558355,train,0
COc1ccc(-c2nnc(C(=O)N3CC(Oc4ccc(CN5CCOCC5)c(OC)c4)C3)o2)cc1,5.008729611,train,0
COc1ccc(-c2nnc(C3CCN(Cc4ccc(-c5nc6cc[nH]c(=O)c6cc5-c5ccccc5)cc4)CC3)[nH]2)cn1,5.913284336,train,0
COc1ccc(-n2cc(Cn3ccc4nc(-c5ccccc5F)nc-4c3)nn2)cc1,5.199931411,train,0
COc1ccc(-n2cc3nc(-c4cccnc4C)n(C[C@H]4CCCN(C[C@H]5CCCO5)C4)c(=O)c3n2)cc1,5.387110231,train,0
COc1ccc(-n2cnc3c(-c4ccccc4C)csc3c2=O)cc1,5.005638848,train,0
COc1ccc(-n2nccn2)c(C(=O)N2C[C@@H]3CN(c4nc(C)cc(C)n4)C[C@@H]3C2)c1,5.091461368,train,0
COc1ccc(C#Cc2cccc(C#Cc3ccc(OC)cc3)[n+]2C)cc1,6.4225082,train,0
COc1ccc(C#N)cc1-c1ccnc(Nc2ccc(N3CCOCC3)c(OC)c2)c1,5.327809749,train,0
COc1ccc(C(=O)N2CCN(c3ccc4c(c3)CCC(=O)N4)CC2)cc1OC,5.959603385,train,0
COc1ccc(C(=O)N2CCOCC2)cc1Nc1ncc(Cl)c(-c2cnc3ccccn23)n1,5.885722703,train,0
COc1ccc(C(=O)NC(=O)Nc2ccc3c(c2)NC(=O)/C3=C\c2[nH]c(C)c(C(=O)NCCN3CCCC3)c2C)c(F)c1,5.014528617,train,0
COc1ccc(C(=O)Oc2cc(O)cc3oc(-c4ccc(OC)cc4)cc(=O)c23)cc1,5.387110231,train,0
COc1ccc(C(CC(=O)N2CCN(Cc3nc4ccc(C)cc4o3)CC2)c2ccccc2)cc1,5.93516778,train,0
COc1ccc(C(CCCN)(c2ccccc2)c2ccccc2)cc1,5.180390267,train,0
COc1ccc(C(NC(=O)CC2CCN(Cc3ccn(-c4ccc(C(F)(F)F)cc4)c3)CC2)c2ccc(F)cc2)cn1,5.756713854,train,0
COc1ccc(C(NC(=O)c2cnc(-n3cccn3)nc2O)c2ccc(OC)cc2)cc1,6.045275209,train,0
COc1ccc(C2(c3cccc(-c4cccnc4)c3)CC(OC)C(N)=N2)cc1,5.601886308,train,0
COc1ccc(C2(c3cccc(-c4cncnc4)c3)N=C(N)c3c(F)cccc32)cc1,6.300162274,train,0
COc1ccc(C2(c3cccc(-c4cncnc4)c3)N=C(N)c3nc(C)sc32)cc1,5.823619308,train,0
COc1ccc(C2(c3cccc(-c4cncnc4)c3)N=C(N)n3nc(C)cc32)cc1,5.065451052,train,0
COc1ccc(C2=CC3(CCNCC3)Oc3ccccc32)cc1,6.232102384,train,0
COc1ccc(C2CCN(CCC3CCOc4ccccc43)CC2)cc1OC,6.697820646,train,0
COc1ccc(C2CCN(CCN3CCOc4ccccc43)CC2)cc1OC,6.598272138,train,0
COc1ccc(C2CCN(CC[C@H]3CCOc4ccccc43)CC2)cc1OC,6.598272138,train,0
COc1ccc(CC(=O)N2CCC3(CC2)CN([C@@H]2CCc4cc(-c5ncccn5)ccc42)C3)cc1,5.537452271,train,0
COc1ccc(CC(C)(C)NCC(O)COc2cccc(Cl)c2C#N)cc1,5.443576879,train,0
COc1ccc(CCN2C(=O)N(NS(C)(=O)=O)CC2c2ccc(Cl)cc2)cc1,5.060430831,train,0
COc1ccc(CCNC(=O)c2ccc(OCCC(F)(F)F)nc2)c(-c2cnc(OC)nc2)c1,5.199931411,train,0
COc1ccc(CCNCCCNc2nc3ccccc3n2Cc2ccc(F)cc2)cc1,6.386158178,train,0
COc1ccc(CN(C)C)c(Oc2ccc(Cl)c(Cl)c2)c1,6.628932138,train,0
COc1ccc(CN2CCC(C#N)(CNC(=O)c3cc(CC(C)C)n(-c4ccccc4)n3)CC2)cc1,5.493359694,train,0
COc1ccc(CN2CCC(C#N)(CNC(=O)c3cc(OC)cc(OC)c3)CC2)cc1,5.493359694,train,0
COc1ccc(CN2CCN(C(=O)/C=C/c3ccc(Cl)cc3Cn3nnc(C)n3)CC2)nc1,5.721017883,train,0
COc1ccc(CN2CCc3cc4nc(N)sc4cc3CC2)cc1,5.481354476,train,0
COc1ccc(CNC(=O)c2cc(-c3cc(Cl)cc(Cl)c3)cnc2-c2cccnc2)cc1OC,5.157952711,train,0
COc1ccc(CN[C@@H]2CC[C@@H](C(=O)N3CCC(C(=O)N4CCCC4)(c4ccccc4)CC3)C(C)(C)C2)cc1,6.045275209,train,0
COc1ccc(Cc2cc3c(=O)n([C@H]4CCCC[C@@H]4O)cnc3c3ccccc23)cn1,5.193752173,train,0
COc1ccc(Cc2nccc3cc(OC)c(OC)cc23)cc1OC,5.139940031,train,0
COc1ccc(Cn2c(=O)n3ncnc3c3c4c(sc32)CN(C(=O)C2CC2(F)F)CC4)cc1,5.309715297,train,0
COc1ccc(Cn2c(=O)n3ncnc3c3c4c(sc32)CN(CC2CCOCC2)CC4(F)F)cc1,5.036164969,train,0
COc1ccc(Cn2c(=O)n3ncnc3c3c4c(sc32)CN(CC2CCOCC2)CC4)c(F)c1,5.568475416,train,0
COc1ccc(Cn2c(=O)n3ncnc3c3c4c(sc32)CN(CC2CCOCC2)CC4)cc1,5.657379957,train,0
COc1ccc(Cn2c(N3CC[C@@H](N(C)C)C3)nc3ccccc32)cc1,6.307153081,train,0
COc1ccc(Cn2c([C@H]3CNCCS3)nc3ccccc32)cc1,5.823619308,train,0
COc1ccc(Cn2ccc3nc(N)nc(NCc4cc(C)on4)c32)nc1OC,6.154281982,train,0
COc1ccc(N(Cc2cnccc2C)C2CCN([C@H](C)CCNC(=O)c3c(C)cc(Cl)nc3C)CC2)cc1,6.600326279,train,0
COc1ccc(N2CCC3(CCN(C[C@H](O)c4ccc5c(c4C)COC5=O)CC3)C2)cn1,5.481354476,train,0
COc1ccc(N2CCN(C(C)=O)CC2)cc1Nc1ncc(Cl)c(-c2cnc3ccccn23)n1,5.366430557,train,0
COc1ccc(N2CCNCC2)cc1Nc1ncc(Cl)c(-c2cnc3ccccn23)n1,5.318668294,train,0
COc1ccc(N2CCOCC2)cc1Nc1ncc(Cl)c(-c2cnc3ccccn23)n1,5.292344676,train,0
COc1ccc(NC(=N)NCCCOc2ccc(F)cc2)cc1,6.379031564,train,0
COc1ccc(NC(=O)/C=C/CN(C)C)cc1Nc1ncc(Cl)c(-c2cnn3ccccc23)n1,5.376647318,train,0
COc1ccc(NC(=O)N2CCN(c3nc(N)nc4sc(-c5ccccc5)nc34)CC2)cc1,5.769295686,train,0
COc1ccc(NC(=O)N2CCN(c3nc(N)nc4sc(-c5cccnc5)nc34)CC2)cc1,5.657379957,train,0
COc1ccc(NC(=O)N2CCN(c3nc(N)nc4sccc34)[C@@H](C)C2)c(C)c1,5.09685573,train,0
COc1ccc(NC(=O)N2CCN(c3nc(N)nc4sncc34)[C@@H](C)C2)c(C)c1,5.09685573,train,0
COc1ccc(NC(=O)NC2CC2)c(OC[C@@H](O)CN2CCC3(CC2)Cc2cc(Cl)ccc2O3)c1,6.154281982,train,0
COc1ccc(NC(=O)c2ccc(C(=N)N(C)C)cc2)c(C(=O)Nc2ccc(Cl)cn2)c1,5.050561199,train,0
COc1ccc(NC(=O)c2ccc(C(=N)N(C)C)cc2F)c(C(=O)Nc2ccc(Cl)cn2)c1,5.376647318,train,0
COc1ccc(Nc2cc(N[C@@H]3CCCC[C@@H]3N)nnc2C(N)=O)nc1C(C)C,5.699782895,train,0
COc1ccc(Nc2cc(N[C@@H]3CCCC[C@@H]3N)nnc2C(N)=O)nc1OC,5.299913558,train,0
COc1ccc(OC)c(Cc2nc3ccccc3n2CC(=O)Nc2cc(C(C)(C)C)cc(C(C)(C)C)c2)c1,7.677780705,train,0
COc1ccc(OC2CN(C(=O)NC3CCN(Cc4ccn(-c5ccc(C(F)(F)F)cc5)c4)CC3)C2)cc1,5.692290077,train,0
COc1ccc(OCCCc2cccc(CCCOc3ccc(OC)cc3)[n+]2C)cc1,6.798602876,train,0
COc1ccc(Oc2ccnc3cc(-c4cnn(C5CCNCC5)c4)ccc23)cc1,5.608888386,train,0
COc1ccc([C@@H](C)N[C@@H]2CC[C@@H](C(=O)N3CCC(C(=O)N4CCCCC4)(c4ccccc4)CC3)C(C)(C)C2)cc1,5.045709238,train,0
COc1ccc([C@@H](C)N[C@@H]2CC[C@@H](C(=O)N3CCC(c4ccccc4)(N4CCCCC4)CC3)C(C)(C)C2)cc1,5.173860382,train,0
COc1ccc([C@@H](C)N[C@@H]2CC[C@@H](C(=O)N3CCC(c4ccccc4)(c4ccc(Cl)nc4)CC3)C(C)(C)C2)cc1,5.677573948,train,0
COc1ccc([C@@H](C)N[C@@H]2CC[C@@H](C(=O)N3CCC(c4ccccc4)(c4ccc(OC)nc4)CC3)C(C)(C)C2)cc1,6.283162277,train,0
COc1ccc([C@@H](C)N[C@@H]2CC[C@@H](C(=O)N3CCC(c4ccccc4)(c4ccccc4)CC3)C(C)(C)C2)cc1,6.274905479,train,0
COc1ccc([C@@H](C)N[C@@H]2CC[C@@H](C(=O)N3CCC(c4ccccc4)(c4cccnc4)CC3)C(C)(C)C2)cc1,5.01768353,train,0
COc1ccc([C@H](C)N[C@@H]2CC[C@@H](C(=O)N3CCC(C(=O)N4CCCC4)(c4ccccc4)CC3)C(C)(C)C2)cc1,5.327809749,train,0
COc1ccc([C@H](N[C@@H]2CC[C@@H](C(=O)N3CCC(C(=O)N4CCCC4)(c4ccccc4)CC3)C(C)(C)C2)C(F)(F)F)cc1,5.130709596,train,0
COc1ccc2c(-c3cnn(-c4ccccc4)c3)ccnc2c1,5.601886308,train,0
COc1ccc2c(=O)n(C)c(-c3ccc(OC4CCN(C5CCC5)CC4)cc3)nc2c1,5.366430557,train,0
COc1ccc2c(=O)n(C)c(CN(C)C)c(-c3ccccc3)c2c1,5.275642196,train,0
COc1ccc2c(c1)C(C1=C[C@H](C)N(C)CC1)=Nc1cc(Cl)ccc1N2,5.823619308,train,0
COc1ccc2c(c1)CC(CCN(C)C)=C2Cc1cnccn1,5.677573948,train,0
COc1ccc2c(c1)CC(CCN(C)C)=C2[C@@H](C)c1cnccn1,5.468393368,train,0
COc1ccc2c(c1)CC(CCN(C)C)=C2[C@@H](C)c1nccnc1OC,5.300943145,train,0
COc1ccc2c(c1)CC(Nc1cc(C)nc3nc(C(C)(F)F)nn13)CC2,5.744486287,train,0
COc1ccc2c(c1)CCN(CCC(F)Cc1ccccc1)CC2,6.256490235,train,0
COc1ccc2c(c1)CN(C(=O)N1CCN(Cc3ccc4c(c3)OCO4)CC1)CCS2,5.602581458,train,0
COc1ccc2c(c1)CNCCS2,5.153044675,train,0
COc1ccc2c(c1)N(CCN1CCC(NCc3cc4c(cn3)OCCO4)CC1)C(=O)CS2,5.221776373,train,0
COc1ccc2cc(-c3cc(-c4cc(Cl)ccc4Cl)nn3[C@@H](C)c3ccc(C(=O)NCCC(=O)O)cc3)ccc2c1,5.013183495,train,0
COc1ccc2nc(-c3ccc(OC4CCN(C5CCC5)CC4)cc3)n(C)c(=O)c2c1,5.42010213,train,0
COc1ccc2nc(CN3CCC[C@H]3CO)n(Cc3ccc(Cl)cc3)c2c1,5.300943145,train,0
COc1ccc2nc(NC3=NC[C@@]4(CN5CCC4CC5)O3)sc2c1,5.885722703,train,0
COc1ccc2ncc(C#N)c(CCN3CCC(NCc4cc5c(cn4)OCCO5)CC3)c2n1,5.102317938,train,0
COc1ccc2ncc(C#N)c(CCN3CCC(NCc4cc5c(cn4)OCS5)CC3)c2c1,5.999457593,train,0
COc1ccc2ncc(Cl)c(CCN3CCC(NCc4cc5c(cn4)OCCO5)CC3)c2n1,5.698752911,train,0
COc1ccc2ncc(F)c(C(O)C[C@H]3OC[C@H](NCc4ccc5c(c4)OCCO5)CO3)c2c1,5.09685573,train,0
COc1ccc2ncc(F)c(CCN3CCC(NCc4cc5c(cn4)OCCO5)CC3)c2c1,5.261359759,train,0
COc1ccc2ncc(F)c(CCN3CCC(NCc4cc5c(cn4)OCCO5)CC3)c2n1,5.522734005,train,0
COc1ccc2ncc(F)c(CCN3CC[C@@H](NCc4cc5c(cn4)OCCO5)[C@@H](O)C3)c2n1,5.309715297,train,0
COc1ccc2ncc(F)c(CCN3CC[C@H](NCc4cc5c(cn4)OCCO5)[C@H](O)C3)c2n1,5.312525971,train,0
COc1ccc2ncc(F)c(CC[C@@]3(O)CO[C@@H]4[C@@H](NCc5ccc(C)cc5)CO[C@@H]43)c2n1,5.376647318,train,0
COc1ccc2ncc(F)c(CC[C@@]3(O)CO[C@@H]4[C@@H](NCc5ccc(Cl)c(Cl)c5)CO[C@@H]43)c2n1,5.214598975,train,0
COc1ccc2ncc(F)c(CC[C@H]3OC[C@H](NCc4ccc(Cl)c(Cl)c4)CO3)c2n1,5.102317938,train,0
COc1ccc2ncc(F)c(CC[C@H]3OC[C@H](NCc4ccc5c(c4)OCCO5)CO3)c2n1,5.09685573,train,0
COc1ccc2ncc(F)c(CC[C@]3(O)CC[C@@H](NCc4ccc5c(c4)OCCO5)CC3)c2n1,5.657379957,train,0
COc1ccc2ncc(F)c(CC[C@]3(O)CC[C@H](NCc4ccc(Cl)c(Cl)c4)CC3)c2n1,5.42010213,train,0
COc1ccc2ncc(F)c(CC[C@]3(O)CC[C@H](NCc4ccc5c(c4)OCCO5)CC3)c2n1,5.638083381,train,0
COc1ccc2ncc(F)c(C[C@H](N)[C@@H]3CC[C@@H](NCc4ccc5c(n4)NC(=O)CO5)CO3)c2n1,5.300943145,train,0
COc1ccc2ncc(F)c(C[C@H](O)C3CCC(NCc4nc5c(cc4F)OCC(=O)N5)CO3)c2n1,5.61960784,train,0
COc1ccc2ncc(F)c([C@@H](O)CN3CCC(NCc4cc5c(cn4)OCCO5)CC3)c2n1,5.300943145,train,0
COc1ccc2nccc(CCN3CCC(NCc4cc5c(cn4)OCCO5)CC3)c2c1,5.721017883,train,0
COc1ccc2nccc(CCN3CCC(NCc4ccc(Cl)c(Cl)c4)CC3)c2c1,5.999565923,train,0
COc1ccc2nccc(CCN3CCC(NCc4ccc5c(c4)OCCO5)CC3)c2c1,6.090979146,train,0
COc1ccc2nccc(CCN3CCC(NCc4ccc5c(n4)NC(=O)CO5)CC3)c2c1,5.42010213,train,0
COc1ccc2nccc(CC[C@H]3CC[C@H](NCc4cc5c(cn4)OCCO5)CC3)c2c1,6.026410377,train,0
COc1ccc2nccc(CC[C@H]3CC[C@H](NCc4ccc(Cl)c(Cl)c4)CC3)c2c1,5.638083381,train,0
COc1ccc2nccc(CC[C@H]3CC[C@H](NCc4ccc5c(c4)OCCO5)CC3)c2c1,6.583359493,train,0
COc1ccc2nccc(CC[C@H]3CC[C@H](NCc4ccc5c(n4)NC(=O)CO5)CC3)c2c1,6.386158178,train,0
COc1ccc2nccc(CC[C@H]3OC[C@H](NCc4cc5c(cn4)OCCO5)CO3)c2c1,5.022230682,train,0
COc1ccc2nccc(CC[C@H]3OC[C@H](NCc4ccc(Cl)c(Cl)c4)CO3)c2c1,5.318668294,train,0
COc1ccc2nccc(CC[C@H]3OC[C@H](NCc4ccc(Cl)cc4)CO3)c2c1,5.698752911,train,0
COc1ccc2nccc(CC[C@H]3OC[C@H](NCc4ccc5c(c4)OCCO5)CO3)c2c1,5.292344676,train,0
COc1ccc2nccc(CC[C@H]3OC[C@H](NCc4ccc5c(n4)NC(=O)CO5)CO3)c2c1,5.601886308,train,0
COc1ccc2nccc(CC[C@H]3OC[C@H](NCc4ccc5c(n4)NC(=O)CS5)CO3)c2c1,5.885722703,train,0
COc1ccc2nccc([C@@H](O)CC[C@@H]3CCN(C4CC(c5cc(F)cc(F)c5)C4)C[C@@H]3C(=O)O)c2c1,5.143815073,train,0
COc1ccc2nccc([C@@H](O)CC[C@@H]3CCN(C4CC(c5cc(F)ccc5F)C4)C[C@@H]3C(=O)O)c2c1,5.001261284,train,0
COc1ccc2nccc([C@@H](O)CN3CCC(NCc4cc5c(cn4)OCCO5)CC3)c2n1,5.397831449,train,0
COc1cccc(-c2cc(NC(=O)CCCN3CCCCC3)[nH]n2)c1,5.511308302,train,0
COc1cccc(-c2cc3c(N[C@@H]4CC[C@](C)(N)C4(C)C)c(C(N)=O)cnn3c2)c1,5.142607189,train,0
COc1cccc(-c2cccc(C3(C)CCSC(N)=N3)c2)c1,5.119129267,train,0
COc1cccc(-c2cccc(C3(C)COCC(N)=N3)c2)c1,5.09685573,train,0
COc1cccc(-c2cccc(C3(C)CSCC(N)=N3)c2)c1,5.045709238,train,0
COc1cccc(-c2cccc(C3(C)N=C(N)CS3)c2)c1,5.036164969,train,0
COc1cccc(-c2nc(CCOc3cccc(C[C@@H]4C(=O)N(c5ccc(C(C)(C)C)cc5)[C@@H]4C(=O)O)c3)c(C)o2)c1,5.677573948,train,0
COc1cccc(-n2cc3nc(C)n(C[C@H]4CCCN(C[C@H]5CCCO5)C4)c(=O)c3n2)c1,5.537452271,train,0
COc1cccc(-n2cc3nc(CC(C)C)n(C[C@H]4CCCN(C[C@H]5CCCO5)C4)c(=O)c3n2)c1,5.494714326,train,0
COc1cccc(C(=O)Cn2c(=O)c3c(c(C#N)c(N4CCCNCC4)n3CC=C(C)C)n(C)c2=O)c1,5.958212681,train,0
COc1cccc(C(=O)Cn2c(=O)c3c(c(C#N)c(N4CCC[C@H](N)C4)n3CC=C(C)C)n(C)c2=O)c1,5.795608668,train,0
COc1cccc(C(=O)Cn2c(=O)c3c(c(C#N)c(N4CCC[C@H](N)C4)n3Cc3ccccc3)n(C)c2=O)c1,6.995678626,train,0
COc1cccc(C(=O)N2CCCC2)c1OCc1csc(-c2ccc(Cl)cc2)n1,5.113452877,train,0
COc1cccc(C(O)(CCN(C)C)C(c2cc3cc(Br)ccc3nc2OC)c2cccc3c2OCO3)n1,6.617982957,train,0
COc1cccc(C(c2cc3cc(Br)ccc3nc2OC)C(O)(CCN(C)C)c2cc(C)cnc2C)c1OC,5.958212681,train,0
COc1cccc(C(c2cc3cc(Br)ccc3nc2OC)C(O)(CCN(C)C)c2cnc(C)cc2C)c1OC,5.40882405,train,0
COc1cccc(C(c2cc3cc(C#N)ccc3nc2OC)C(O)(CCN(C)C)c2cc(C)nc(C)c2)c1OC,5.283913146,train,0
COc1cccc(C2CCN([C@@H]3CC[C@@](C(=O)NCc4cc(C(F)(F)F)cc(C(F)(F)F)c4)(C(C)C)C3)CC2)c1,6.661543506,train,0
COc1cccc(CN2CCC(C#N)(CNC(=O)c3cc(CC(C)C)n(-c4ccccc4)n3)CC2)c1,5.823619308,train,0
COc1cccc(CN2CCC(C#N)(CNC(=O)c3cc(OC)cc(OC)c3)CC2)c1,5.823619308,train,0
COc1cccc(CN2CCCCCCC2)c1OCc1csc(-c2ccc(Cl)cc2)n1,7.387216143,train,0
COc1cccc(CN2CCCCCCC2)c1OCc1csc(-c2ccccc2)n1,6.742321425,train,0
COc1cccc(CN2CCc3cc4nc(N)sc4cc3CC2)c1,5.180390267,train,0
COc1cccc(COC(=O)c2c(-c3ccc(OC)c(OC)c3)csc2N)c1,5.999565923,train,0
COc1cccc(Cn2ccc3nc(N)nc(NCc4cc(C)on4)c32)n1,5.638083381,train,0
COc1cccc(F)c1CC(c1ccccc1)N1CCNCC1,5.067983094,train,0
COc1cccc(N2CC3(CCN(CCc4ccccc4)CC3)OC(C)C2=O)c1,5.999565923,train,0
COc1cccc(N2CCN(CCN(C)C[C@]34CC[C@H](CC3)C4(C)C)C2=O)c1,5.699782895,train,0
COc1cccc(NC(=O)c2cnc([C@]34CO[C@@H](C)C[C@H]3CSC(N)=N4)s2)c1,5.207538269,train,0
COc1cccc(NC(=O)c2cnc([C@]34CO[C@@H](C)C[C@H]3CSC(N)=N4)s2)n1,5.318668294,train,0
COc1cccc([C@H](c2cc3cc(C#N)ccc3nc2OC)[C@@](O)(CCN(C)C)c2cc(SC)nc(SC)c2)c1F,5.292344676,train,0
COc1cccc2c1C(C(=O)NCc1ccc(OC(F)(F)F)cc1)N(CCc1ccccn1)C2=O,5.443576879,train,0
COc1cccc2c1nc(N)n1nc(CN3CCN(c4ccc(F)cc4)C[C@H]3C)nc21,5.809108283,train,0
COc1cccc2c1nc(N)n1nc(CN3CCN(c4ccncc4)C[C@H]3C)nc21,5.660548559,train,0
COc1ccccc1-c1cc2c(N[C@@H]3CC[C@](C)(N)C3(C)C)c(C(N)=O)cnn2c1,5.124880835,train,0
COc1ccccc1-c1nc2c(C(=O)N[C@@H]3CN4CCC3CC4)cccc2o1,6.696803943,train,0
COc1ccccc1-c1nc2c(C(=O)N[C@H]3C[C@@H]4CCC[C@H](C3)N4C)cccc2o1,6.396855627,train,0
COc1ccccc1CCNCC(=O)N1CCc2ccccc2C1C1CCCCC1,5.080869586,train,0
COc1ccccc1CN1CCC(C#N)(CNC(=O)c2cc(CC(C)C)n(-c3ccccc3)n2)CC1,6.03574037,train,0
COc1cccnc1Cn1ccc2nc(N)nc(NCc3cc(C)on3)c21,5.795608668,train,0
COc1cccnc1Cn1ccc2nc(N)nc(OCc3ncc(C)o3)c21,5.657379957,train,0
COc1cccnc1[C@H](C)c1c(CCN(C)C)sc2ccccc12,5.522734005,train,0
COc1ccnc(-c2ccc3c(c2)C2(COC(N)=N2)C2(COC2)C(C)(C)O3)c1,5.010060987,train,0
COc1ccnc(C2=N[C@@](c3ccc(F)cc3)(c3ccc(F)nc3)[C@H](C)N2)c1,5.198527686,train,0
COc1ccncc1-c1[nH]c2ccccc2c1CCNCc1ccc(/C=C/C(=O)NO)cc1,5.071552937,train,0
COc1ccsc1CNCC[C@@]1(c2ccccn2)CCOC2(CCCC2)C1,5.207538269,train,0
COc1cnc(C(=O)Nc2cc(F)c(F)c([C@]3(C)C[C@@H](c4c(C)noc4C)SC(N)=N3)c2)cn1,6.19314197,train,0
COc1cnc(OC)c(C(O)(CCN(C)C)C(c2cc3cc(Br)ccc3nc2OC)c2cccc(OC)c2F)c1,5.537452271,train,0
COc1cnc(OC)c([C@H](c2cc3cc(Br)ccc3nc2OC)[C@@](O)(CCN(C)C)c2cc(OC)nc(OC)c2)c1,5.657379957,train,0
COc1cnc(OC)c([C@H](c2cc3cc(C#N)ccc3nc2OC)[C@@](O)(CCN(C)C)c2cc(OC)nc(OC)c2)c1,5.508498234,train,0
COc1cnc2ccc(=O)n(CCN3CCC(C4C(=O)Nc5ccc(Cl)cc54)CC3)c2c1,5.318668294,train,0
COc1cnc2ccc(=O)n(CCN3CCC(c4c[nH]c5cc(C(F)(F)F)ccc45)CC3)c2c1,5.744486287,train,0
COc1cnc2ccc(=O)n(CCN3CCC(c4c[nH]c5ccc(C#N)cc45)CC3)c2c1,5.698752911,train,0
COc1cnc2ccc(=O)n(CCN3CCC(c4nc5cc(C#N)ccc5[nH]4)CC3)c2c1,5.346690987,train,0
COc1cnc2ccc(=O)n(CCN3CCC(c4nc5cc(C(F)(F)F)ccc5[nH]4)CC3)c2c1,5.999565923,train,0
COc1cnc2ccc(=O)n(CCN3CCC(c4nc5cc(Cl)c(C)cc5[nH]4)CC3)c2c1,5.853561865,train,0
COc1cnc2ccc(=O)n(CCN3CCC(c4nc5cc(Cl)c(F)cc5[nH]4)CC3)c2c1,5.920456993,train,0
COc1cnc2ccc(=O)n(CCN3CCC(c4nc5cc(Cl)ccc5[nH]4)CC3)c2c1,5.999565923,train,0
COc1cnc2ccc(=O)n(CCN3CCN(c4nc5ccccc5[nH]4)CC3)c2c1,5.154839922,train,0
COc1cncc(-c2ccc3c(c2)C2(COC(N)=N2)C2(CC2)CO3)c1,5.102317938,train,0
COc1cncc(-c2ccc3c(c2)C2(COC(N)=N2)C2(COC2)C2(CCC2)O3)c1,5.085075352,train,0
COc1cncc(-c2nc(NCc3ccccn3)c3c(-c4ccccc4)cccc3n2)c1,5.075669015,train,0
COc1cncc(NC(C(=O)c2c[nH]c3ccccc23)c2ccccc2)c1,5.455807889,train,0
COc1nc(-c2csc(Nc3c4c(nn3C(C)(C)C)CCCC4)n2)ccc1-n1cnc(C)c1,5.143815073,train,0
COc1nc(-c2csc(Nc3c4c(nn3C)CCC4)n2)ccc1-n1cnc(C)c1,6.03574037,train,0
COc1nc(-c2csc(Nc3c4c(nn3CC(C)(C)O)CCCC4)n2)ccc1-n1cnc(C)c1,5.236497135,train,0
COc1nc(-c2csc(Nc3c4c(nn3CC(F)(F)F)CCC4)n2)ccc1-n1cnc(C)c1,6.03574037,train,0
COc1nc(-c2csc(Nc3c4c(nn3CCF)CCC4)n2)ccc1-n1cnc(C)c1,5.540456742,train,0
COc1nc(-c2csc(Nc3c4c(nn3CCO)CCCC4)n2)ccc1-n1cnc(C)c1,5.579879152,train,0
COc1nc(N2C[C@H]3C(=O)N(C)C(=N)N[C@@]3(c3ccc(F)cc3F)C2)nc(C)c1F,5.721017883,train,0
COc1nc(N[C@@H](C)c2cc3cc(Cl)ccc3[nH]c2=O)ncc1C#N,5.494714326,train,0
COc1nc(Nc2cccc3c2nc(-c2ccc(F)cc2)n3C)ccc1-n1cnc(C)c1,5.070529984,train,0
COc1nc2ccc(/C=N/O)cc2cc1C(c1ccccc1)C(O)(CCN(C)C)c1cccc2ccccc12,5.455807889,train,0
COc1nc2ccc(Br)cc2cc1C(c1cccc(C)c1)C(O)(CCN(C)C)c1cccnc1OC,6.345823458,train,0
COc1nc2ccc(Br)cc2cc1[C@@H](c1cc(C)c(C)s1)[C@@](O)(CCN(C)C)c1cccc(F)c1,6.055024092,train,0
COc1nc2ccc(Br)cc2cc1[C@@H](c1ccc(N(C)C)nc1)[C@@](O)(CCN(C)C)c1cccc(F)c1,6.050122296,train,0
COc1nc2ccc(Br)cc2cc1[C@@H](c1ccccc1)[C@@](O)(CCN(C)C)c1cccc2ccccc12,5.795608668,train,0
COc1nc2ccc(Br)cc2cc1[C@@H](c1ccnc(OC)c1OC)[C@@](O)(CCN(C)C)c1cc(SC)nc(SC)c1,5.552686891,train,0
COc1nc2ccc(Br)cc2cc1[C@@H](c1ccnc(OC)c1OC)[C@@](O)(CCN(C)C)c1cccc(C)c1,6.274905479,train,0
COc1nc2ccc(C#N)cc2cc1C(c1cccc(C)c1)C(O)(CCN(C)C)c1cccnc1OC,6.521433504,train,0
COc1nc2ccc(C#N)cc2cc1[C@@H](c1cccc2c1OCO2)[C@@](O)(CCN(C)C)c1cc(SC)nc(SC)c1,5.229074385,train,0
COc1nc2ccc(C(=O)N(C)C)cc2cc1C(c1ccccc1)C(O)(CCN(C)C)c1cccc2ccccc12,5.20059052,train,0
COc1nc2ccc(C)cc2cc1C(c1ccccc1)C(O)(CCN(C)C)c1cccc2ccccc12,5.366430557,train,0
COc1nc2ccc(CN(C)C)cc2cc1C(c1ccccc1)C(O)(CCN(C)C)c1cccc2ccccc12,5.318668294,train,0
COc1nc2ccc(CN)cc2cc1C(c1ccccc1)C(O)(CCN(C)C)c1cccc2ccccc12,5.769295686,train,0
COc1nc2ccc(Cl)cc2cc1C(c1ccccc1)C(O)(CCN(C)C)c1cccc2ccccc12,5.161087973,train,0
COc1nc2ccccc2cc1-c1cnc([C@H](CCCCNC(=O)c2ccccc2SC)NC(=O)c2cncs2)[nH]1,5.876148359,train,0
COc1nc2ccccc2cc1C(c1ccccc1)C(O)(CCN(C)C)c1cccc2ccccc12,5.795608668,train,0
COc1ncc(-c2ccc(C(=O)O)cc2C)cc1-c1ccc(C(F)(F)F)cc1CN1C(=O)O[C@H](c2cc(C(F)(F)F)cc(C(F)(F)F)c2)[C@@H]1C,6.355561411,train,0
COc1ncc(-c2ccc(C(=O)O)cc2C)cc1-c1ccc(C(F)(F)F)nc1CN1C(=O)O[C@H](c2cc(C(F)(F)F)cc(C(F)(F)F)c2)[C@@H]1C,5.601886308,train,0
COc1ncc(-c2ccc3ncnc(-c4cccc(C(=O)N5CCN(C)CC5)c4)c3c2)cc1C(F)(F)F,5.795608668,train,0
COc1ncc(-c2cccc(C)c2CCNC(=O)c2ccc(OCCC(F)(F)F)nc2)cn1,5.199931411,train,0
COc1ncc(-c2cccc(Cl)c2CCNC(=O)c2ccc(OCCC(F)(F)F)nc2)cn1,5.39989111,train,0
COc1ncc(-c2cccc(F)c2CCNC(=O)c2ccc(OCCC(F)(F)F)nc2)cn1,5.099945457,train,0
COc1ncc(-c2cccc(OC(F)F)c2CCNC(=O)c2ccc(OCCC(F)(F)F)nc2)cn1,5.39989111,train,0
COc1ncc(-c2cccc3c2C[C@H](NC(=O)c2ccc(OCC(F)(F)F)nc2)CO3)cn1,5.099945457,train,0
COc1ncc(-c2nc(NCc3ccccn3)c3c(-c4ccccc4)cccc3n2)cn1,5.721017883,train,0
COc1ncc(NC(=O)Nc2cnc3ccc(F)cc3c2N(C)C2CCCN(C)C2)cc1Cl,5.045709238,train,0
COc1nccc(N2CCC3(CCN(C[C@H](O)c4ccc5c(c4C)COC5=O)CC3)C2=O)n1,5.094225563,train,0
COc1ncccc1[C@@H](C)c1c(CCN(C)C)sc2ccccc12,5.744486287,train,0
COc1nccnc1CC1=C(CCN(C)C)Cc2cc(Cl)ccc21,6.63638802,train,0
COc1nccnc1CC1=C(CCN(C)C)Cc2ccccc21,5.119129267,train,0
COc1nccnc1N1C(=O)N(c2ccc(-c3ccc(C(=O)O)cc3C)cc2)C(=O)C12CCN(Cc1ncccc1C)CC2,5.853561865,train,0
COc1nccnc1[C@H](C)C1=C(CCN(C)C)Cc2cc(C)ccc21,5.42010213,train,0
COc1nccnc1[C@H](C)C1=C(CCN(C)C)Cc2cc(F)ccc21,5.744486287,train,0
COc1nccnc1[C@H](C)C1=C(CCN(C)C)Cc2ccccc21,5.119129267,train,0
COc1nn(C2CCN(C(C)=O)CC2)cc1Nc1ncc(Cl)c(-c2cnc3ccccn23)n1,5.180390267,train,0
COc1nsc(N2CCC3(CCN(C[C@H](O)c4ccc5c(c4C)COC5=O)CC3)C2=O)n1,5.01768353,train,0
CS(=O)(=O)N1CCN(C(=O)c2cnc3ccc(F)cc3c2N2CCC(C#N)(c3ccccc3)CC2)CC1,5.262727823,train,0
CS(=O)(=O)NCCN(CCc1ccc(Cl)cc1)C1CCN(c2nc(N)n[nH]2)CC1,5.142607189,train,0
CS(=O)(=O)Nc1ccc(-c2ccc3[nH]nc(-c4cncc(O[C@H]5CNCCC56CC6)n4)c3c2)c(F)c1,5.638083381,train,0
CS(=O)(=O)Nc1ccc(OC[C@@H](O)CN(CCc2ccc(Cl)c(Cl)c2)Cc2ccc(F)c(F)c2F)cc1,5.769295686,train,0
CS(=O)(=O)Nc1ccc(OC[C@@H](O)CN(CCc2ccc(Cl)c(Cl)c2)Cc2cccc(O)c2)cc1,6.107348966,train,0
CS(=O)(=O)Nc1ccc(OC[C@@H](O)CN(CCc2ccc(Cl)c(Cl)c2)Cc2ccccc2)cc1,6.36552273,train,0
CS(=O)(=O)Nc1ccc(OC[C@@H](O)CN(CCc2ccc(Cl)c(Cl)c2)Cc2ccccc2F)cc1,5.920456993,train,0
CS(=O)(=O)Nc1ccc(OC[C@@H](O)CN(CCc2ccc(Cl)c(Cl)c2)Cc2ccccc2O)cc1,6.080398976,train,0
CS(=O)(=O)Nc1ccc(OC[C@@H](O)CNCCc2ccc(Cl)c(Cl)c2)cc1,6.136082623,train,0
CS(=O)(=O)Nc1ccc(OC[C@@H](O)CNCCc2ccc(Cl)c(F)c2)cc1,5.718739313,train,0
CS(=O)(=O)Nc1ccc(OC[C@@H](O)CNCCc2ccc(Cl)cc2)cc1,5.85667287,train,0
CS(=O)(=O)Nc1ccc(OC[C@@H](O)CNCCc2ccc(F)c(F)c2)cc1,5.787546039,train,0
CS(=O)(=O)Nc1ccc2c(c1)C(O)CC1(CCN(C3CCc4cc(C#N)ccc4C3)CC1)O2,7.557843097,train,0
CS(=O)(=O)Nc1cccc(-c2cc(F)ccc2CC(c2cccnc2)c2cccnc2)c1,5.721017883,train,0
CS(=O)(=O)c1ccc(-c2cc(N3CCOCC3)nc3c(-c4ccn[nH]4)nccc23)cc1,5.236497135,train,0
CS(=O)(=O)c1ccc(-c2ccc3[nH]nc(-c4cncc(O[C@H]5CNCCC56CC6)n4)c3c2)c(F)c1,5.698752911,train,0
CS(=O)(=O)c1ccc(-c2ccc3ncc(-c4cccc(S(C)(=O)=O)c4)n3n2)cc1,5.397831449,train,0
CS(=O)(=O)c1ccc(-c2cccc(F)c2)c(C(=O)N2Cc3cn(-c4ccccc4F)nc3C2)c1,5.346690987,train,0
CS(=O)(=O)c1ccc(-c2cnc(N)c(-c3ccc(C(F)(F)F)nc3)c2)cc1,5.327809749,train,0
CS(=O)(=O)c1ccc(-c2cnc(N)c(-c3ccc(C(F)(F)F)nc3)n2)cc1,5.091461368,train,0
CS(=O)(=O)c1ccc(-c2cnc3ccc(-c4cccc(S(=O)(=O)C5CC5)c4)nn23)cc1,6.396855627,train,0
CS(=O)(=O)c1ccc(-c2cnc3ccc(-c4cccc(S(C)(=O)=O)c4)cn23)cc1,5.318668294,train,0
CS(=O)(=O)c1ccc(-c2cnc3ccc(-c4cccc(S(C)(=O)=O)c4)nn23)cc1,6.045275209,train,0
CS(=O)(=O)c1ccc(-c2cnn3ccc(-c4cccc(S(=O)(=O)C5CC5)c4)cc23)cc1,5.853561865,train,0
CS(=O)(=O)c1ccc(-c2cnn3ccc(-c4cccc(S(=O)(=O)C5CC5)c4)nc23)cc1,6.300162274,train,0
CS(=O)(=O)c1ccc(-n2cc(Cl)c(OC3CCN(c4ncc(Cl)cn4)CC3)cc2=O)c(F)c1,5.853561865,train,0
CS(=O)(=O)c1ccc(N2CCC(F)(F)CC2)c(C(=O)N2Cc3cn(-c4ccccc4F)nc3C2)c1,5.366430557,train,0
CS(=O)(=O)c1ccc(N2CCC(F)(F)CC2)c(C(=O)N2Cc3cn(-c4cncc(F)c4)nc3C2)c1,5.173860382,train,0
CS(=O)(=O)c1ccc(OCC(F)(F)F)c(C(=O)N2CCN(c3ccc(C#N)cc3F)CC2)c1,5.698752911,train,0
CS(=O)(=O)c1ccc(OCC2CC2)c(C(=O)N2CCN(c3ccc(C#N)cc3F)CC2)c1,6.221125528,train,0
CS(=O)(=O)c1ccc(OCC2CC2)c(C(=O)N2Cc3cn(-c4ccccc4F)nc3C2)c1,5.004320939,train,0
CS(=O)(=O)c1ccc([C@@H](CC2CCCC2)C(=O)Nc2cnccn2)cc1Cl,5.136617652,train,0
CS(=O)(=O)c1ccc2c(C(=O)NC[C@@H](O)CN3CCC(Oc4ccc(Cl)c(Cl)c4)CC3)c[nH]c(=O)c2c1,5.199931411,train,0
CS(=O)(=O)c1cccc(-c2ccc3ncc(-c4cccc(S(C)(=O)=O)c4)n3n2)c1,5.628747371,train,0
CSc1cc(-c2ccc(C[C@@H](C#N)NC(=O)[C@@H]3CCCCN3)cc2)ccc1C#N,5.568475416,train,0
CSc1cc(Nc2cnc(C#N)c(O[C@H](C)CN(C)C)n2)ncc1-c1cnn(C)c1,5.09685573,train,0
CSc1ccc(-c2cccc(-n3cc(C(=O)NC(C)C)c(=O)c4cccnc43)c2)cc1,6.017276612,train,0
CSc1ccc(Cc2cc3c(=O)n([C@H]4CCCC[C@@H]4O)cnc3c3ccccc23)cn1,5.124880835,train,0
CSc1ccc(N2CCC3(CCN(C[C@H](O)c4ccc5c(c4C)COC5=O)CC3)C2)cn1,5.337147767,train,0
CSc1ccc(Oc2ccccc2CN(C)C)cc1,5.519849275,train,0
CSc1ccccc1C(=O)N(C1CCCCC1)[C@H]1CCNC1,5.643782866,train,0
CSc1ccccc1C(=O)NCCCC[C@H](NC(=O)c1cncs1)c1ncc(-c2ccc3ccccc3c2)[nH]1,7.769551079,train,0
CSc1nc(-c2cc(OCCN3CCCC3)c(Cl)cc2Cl)c2c(C#N)c[nH]c2n1,5.438779321,train,0
CSc1nc(-c2ccc(F)cc2)c(-c2ccnc(Nc3ccccc3)c2)[nH]1,5.558933593,train,0
CSc1nn(-c2ccccc2)c2cc(NC(=O)C3CCNCC3)ccc12,5.089856039,train,0
CSc1nn2c3c(c(C)nc2c1S(=O)(=O)c1ccccc1)CCCC3,5.075669015,train,0
C[C@@H](C(=O)N1CCC(Oc2ccc(-c3cn(C)cn3)cc2C(N)=O)CC1)c1ccc(OC(F)(F)F)cc1,5.376647318,train,0
C[C@@H](CO)Oc1cc(Oc2ccc(C(=O)N3CCC3)cc2)cc(C(=O)Nc2nccs2)c1,5.045709238,train,0
C[C@@H](C[C@@H](CS(=O)(=O)N1CCC(OCc2ccc(Cl)cc2Cl)CC1)N(O)C=O)c1ncc(F)cn1,5.300943145,train,0
C[C@@H](C[C@@](C)(CS(=O)(=O)N1CCC(OCc2ccc(Cl)cc2Cl)CC1)N(O)C=O)c1ncc(F)cn1,5.09685573,train,0
C[C@@H](N)C(=O)N1CCN(c2cnc3cc(C(F)(F)F)cc(NCc4cccc([N+](=O)[O-])c4)c3c2)CC1,5.307946635,train,0
C[C@@H](NC(=O)C1(N)CCN(c2ncnc3[nH]ccc23)CC1)c1ccc(Cl)cc1,5.041292809,train,0
C[C@@H](NC(=O)[C@H]1CN(C2CCCCC2)CC[C@@H]1NC(=O)c1cc(-c2ccc(F)cc2F)on1)c1ccccn1,5.468393368,train,0
C[C@@H](NC(=O)c1ccc(C#N)cc1)[C@@H]1[C@H]2C[C@H](n3cnc4cc(F)c(F)cc43)C[C@H]21,6.007952248,train,0
C[C@@H](NC(=O)c1ccc(Cl)cc1)[C@@H]1[C@H]2C[C@H](n3cnc4cc(F)c(F)cc43)C[C@H]21,6.283162277,train,0
C[C@@H](NC(=O)c1ccc(Cl)cc1)c1ccc2c(c1)CCCN2C(=O)c1cccc(Cl)c1,5.999565923,train,0
C[C@@H](NC(=O)c1ccc(Cl)cc1)c1ccc2c(c1)OCCN2C(=O)c1cccc(Cl)c1,5.161087973,train,0
C[C@@H](NC(=O)c1ccc(Cl)cc1)c1ccc2c(n1)CCCN2C(=O)c1cccc(Cl)c1,5.060430831,train,0
C[C@@H](N[C@@H]1CCCc2c1[nH]c1ccc(Br)cc21)c1ccccc1,5.769295686,train,0
C[C@@H](N[C@@H]1CC[C@@H](C(=O)N2CCC(C(=O)N3CCCC3)(c3ccccc3)CC2)C(C)(C)C1)c1ccc(Cl)cc1,5.885722703,train,0
C[C@@H](Nc1c(C(N)=O)cnc2ccc(-c3cccnc3)cc12)C1CCOCC1,5.366430557,train,0
C[C@@H](Nc1c(C(N)=O)cnc2ccc(-c3cccnc3)cc12)c1ccn(C)n1,5.552686891,train,0
C[C@@H](O)C(=O)NC1CC(C)(C)Oc2nc(-c3ccc(Cl)cc3Cl)c(-c3ccc(Cl)cc3)cc21,6.91721463,train,0
C[C@@H](O)CN(C)C1CCN(c2ccc(Nc3ncc4c5ccncc5n([C@H]5CC[C@H](C)CC5)c4n3)nn2)CC1,6.03574037,train,0
C[C@@H](O)CN(CCc1ccc(Cl)cc1)C1CCN(c2nc(N)n[nH]2)CC1,5.214598975,train,0
C[C@@H](Oc1ccc([C@H]2CC[C@@H](C(N)=O)N2)cc1)c1ccccc1,5.39989111,train,0
C[C@@H](c1ccc(-c2ccc(F)cc2)cc1)[C@H](N)C(=O)N1CC[C@H](F)C1,5.958212681,train,0
C[C@@H](c1ccc(Br)cc1)N1CC[C@](CCC(N)=O)(c2ccc(F)cc2)OC1=O,5.20059052,train,0
C[C@@H](c1ccc(F)cn1)c1c(CCN(C)C)sc2ccccc12,6.617982957,train,0
C[C@@H](c1ccc(OC(F)F)cc1)N1CC[C@](CCC(N)=O)(c2ccc(F)cc2)OC1=O,5.275642196,train,0
C[C@@H](c1ccccn1)c1c(CCN(C)C)oc2ccccc12,5.920456993,train,0
C[C@@H](c1ccccn1)c1c(CCN(C)C)sc2ccccc12,5.853561865,train,0
C[C@@H](c1ccccn1)c1c(CCN2CCC2)sc2ccccc12,5.376647318,train,0
C[C@@H](c1cscn1)c1c(CCN(C)C)sc2ccccc12,5.769295686,train,0
C[C@@H](c1ncccc1F)c1c(CCN(C)C)sc2ccccc12,6.480172006,train,0
C[C@@H]1CCCN1CCCOc1ccc(-c2cn[nH]c(=O)c2)cc1,5.022230682,train,0
C[C@@H]1CCCN1CCCOc1ccc2c(c1)CC[C@@H]1[C@@H]2CC[C@]2(C)CC[C@H](C(=O)NCC3CC3)[C@@H]12,5.387110231,train,0
C[C@@H]1CCCN1CCN1CCc2cc(-c3ccc(C#N)cc3)ccc2C1=O,6.850780887,train,0
C[C@@H]1CCCN1CCN1CCc2cc(-c3ccc(C(=O)N4CCCC4)cc3)ccc2C1=O,5.01768353,train,0
C[C@@H]1CCCN1CCN1CCc2cc(-c3ccc(F)cc3)ccc2C1=O,6.521433504,train,0
C[C@@H]1CCCN1CCc1cc2cc(-c3ccc(C#N)cc3)ccc2o1,5.795608668,train,0
C[C@@H]1CCCN1CCc1ccc(-c2ccc(S(=O)(=O)CC3CCOCC3)cc2)cc1,5.508498234,train,0
C[C@@H]1CCCN1CCc1ccc(-c2ccc(S(=O)(=O)CCO)cc2)cc1,5.113452877,train,0
C[C@@H]1CCCN1CCc1ccc(-c2ccc(S(=O)(=O)N3CCC(O)C3)cc2)cc1,5.154839922,train,0
C[C@@H]1CCCN1CCc1ccc(-c2ccc(S(=O)(=O)N3CCCCC3)cc2)cc1,5.954446241,train,0
C[C@@H]1CCCN1CCc1ccc(-c2ccc(S(=O)(=O)N3CCOCC3)cc2)cc1,5.435609747,train,0
C[C@@H]1CCCN1CCc1ccc(-c2ccc(S(=O)(=O)N3CCS(=O)(=O)CC3)cc2)cc1,5.022230682,train,0
C[C@@H]1CCCN1CCc1ccc(-c2ccc(S(=O)(=O)NC3CCC3)cc2)cc1,6.124360063,train,0
C[C@@H]1CCCN1CCc1ccc(-c2ccc(S(=O)(=O)NCC3CC3)cc2)cc1,5.59234401,train,0
C[C@@H]1CCCN1CCc1ccc(-c2ccc(S(=O)(=O)NCc3ccccc3)cc2)cc1,6.242277614,train,0
C[C@@H]1CCCN1CCc1ccc(-c2ccc(S(=O)(=O)NCc3ccncc3)cc2)cc1,5.090866169,train,0
C[C@@H]1CCCN1CCc1ccc(-c2ccc(S(=O)(=O)Nc3ccccc3)cc2)cc1,6.526221165,train,0
C[C@@H]1CCCN1CCc1ccc(-c2ccc(S(N)(=O)=O)cc2)cc1,5.112647745,train,0
C[C@@H]1CCCN1CCc1ccc2nc(-c3c(-c4ccccc4)nn(C)c3Cl)ccc2c1,5.221776373,train,0
C[C@@H]1CCCN1CCc1ccc2nc(-c3cc(Br)no3)ccc2c1,6.055024092,train,0
C[C@@H]1CCCN1CCc1ccc2nc(-c3ccc(C#N)s3)ccc2c1,5.698752911,train,0
C[C@@H]1CCCN1CCc1ccc2nc(-c3ccc(Cl)nc3)ccc2c1,5.443576879,train,0
C[C@@H]1CCCN1CCc1ccc2nc(-c3ccc(N4CCCCC4)cc3)ccc2c1,5.552686891,train,0
C[C@@H]1CCCN1CCc1ccc2nc(-c3ccc4c(c3)COCO4)ccc2c1,5.443576879,train,0
C[C@@H]1CCCN1CCc1ccc2nc(-c3ccc4nccnc4c3)ccc2c1,5.075669015,train,0
C[C@@H]1CCCN1CCc1ccc2nc(-c3cnc(-c4ccccc4)s3)ccc2c1,5.866141875,train,0
C[C@@H]1CCCN1CCc1ccc2nc(-c3csc(-c4ccc(OCC(F)(F)F)nc4)n3)ccc2c1,5.817870786,train,0
C[C@@H]1CCCN1CCc1ccc2nc(-c3csc(-c4ccccc4)n3)ccc2c1,5.795608668,train,0
C[C@@H]1CCCN1CCc1ccc2nc(-c3nc4ccccc4s3)ccc2c1,5.698752911,train,0
C[C@@H]1CCCN1CCc1ccc2nc(C(C)(C)C)ccc2c1,5.167427225,train,0
C[C@@H]1CC[C@@H](C)N1CCCNc1nnc(-c2ccc(NC(=O)c3ccccc3F)cc2)o1,5.099945457,train,0
C[C@@H]1CC[C@@H]([C@@H](C)C(=O)Nc2ccc(Cl)c(-c3ccccn3)c2)c2nc(CN3CCOCC3)ccc21,5.480040819,train,0
C[C@@H]1CC[C@H](Nc2ncc(C(N)=O)c3sc(-c4ccccc4)cc23)CN1,5.610656689,train,0
C[C@@H]1CN(CC(=O)N2CC(C)(C)c3ncc(Cc4ccc(F)cc4)cc32)[C@@H](CN2CCOC[C@H]2C)CN1,5.045709238,train,0
C[C@@H]1CN(CC2(c3ccc(C(N)=O)cc3)CC2)CCN1S(=O)(=O)c1ccc(C(C)(O)C(F)(F)F)cc1,5.193752173,train,0
C[C@@H]1CN(CC2(c3ccncc3)CC2)CCN1S(=O)(=O)c1ccc(C(C)(O)C(F)(F)F)cc1,6.355561411,train,0
C[C@@H]1CN(CCO)CCN1c1cc2[nH]c(SC(C)(C)C)nc2cc1Cl,5.795608668,train,0
C[C@@H]1CN(c2ccc(S(C)(=O)=O)cc2F)CCN1c1nccc(C(=O)NC2C3CC4CC2CC(O)(C4)C3)n1,5.09685573,train,0
C[C@@H]1CN(c2nc(C(F)(F)F)no2)CCN1c1ncc(OCc2ccc(S(C)(=O)=O)cc2F)cn1,5.443576879,train,0
C[C@@H]1CN(c2nc(C(F)(F)F)no2)CCN1c1ncc(OCc2ccncc2C#N)cn1,5.229074385,train,0
C[C@@H]1CN(c2nnc(C(F)(F)F)o2)CCN1c1ncc(OCc2ccc(-n3cnnn3)cc2F)cn1,5.244048959,train,0
C[C@@H]1CN(c2nnc(C(F)(F)F)o2)CCN1c1ncc(OCc2ccc(C#N)cc2C#N)cn1,5.443576879,train,0
C[C@@H]1CN(c2nnc(C(F)(F)F)o2)CCN1c1ncc(OCc2ccc(S(C)(=O)=O)cc2)cn1,5.026825947,train,0
C[C@@H]1CN(c2nnc(C(F)(F)F)o2)CCN1c1ncc(OCc2ccc(S(C)(=O)=O)cc2C#N)cn1,5.193752173,train,0
C[C@@H]1CN(c2nnc(C(F)(F)F)o2)CCN1c1ncc(OCc2ccc(S(C)(=O)=O)cc2F)cn1,5.161087973,train,0
C[C@@H]1CN(c2noc(C(F)(F)F)n2)CCN1c1ncc(OCc2ccncc2C#N)cn1,5.119129267,train,0
C[C@@H]1CNCCN1c1ccc(=O)n(CCOc2ccccc2C(F)(F)F)n1,5.431680915,train,0
C[C@@H]1C[C@@](C)(c2cc(CNC3(C(F)(F)F)CC3)c(F)cc2F)N=C(N)S1,5.584859648,train,0
C[C@@H]1C[C@H](N)CN(c2ccncc2Nc2ncc3ccc(-c4c(F)cccc4F)nn23)C1,5.999565923,train,0
C[C@@H]1C[C@H](N)CN(c2ccncc2Nc2ncc3ccc(-c4ncccc4F)nn23)C1,5.920456993,train,0
C[C@@H]1Cc2c([nH]c3ccc(F)cc23)[C@@H](c2c(F)cc(NC3CN(CCCF)C3)cc2F)N1CC(F)(F)CO,5.552686891,train,0
C[C@@H]1Cc2c([nH]c3ccccc23)[C@@H](c2c(F)cc(NC3CN(CCCF)C3)cc2F)N1CC(F)(F)CO,5.214598975,train,0
C[C@@H]1Cc2c(ccc3[nH]ncc23)[C@@H](c2ccc(N(C)C3CN(CCCF)C3)cn2)N1CC(F)(F)F,5.113452877,train,0
C[C@@H]1Cn2ncc(-c3ccc(S(C)(=O)=O)cc3)c2CN1c1ccnc2[nH]ccc12,5.823619308,train,0
C[C@@H]1NC(c2cc(C#N)ccn2)=NC1(c1ccc(F)cc1)c1ccc(F)cc1,5.761702932,train,0
C[C@@H]1NC(c2cccc(C#N)c2)=N[C@@]1(c1ccc(F)cc1)c1ccc(F)nc1,5.363411816,train,0
C[C@@H]1NC(c2cccc(C#N)n2)=N[C@@]1(c1ccc(F)cc1)c1ccc(F)nc1,5.159204101,train,0
C[C@@H]1NCCC[C@@H]1Nc1ncc(C(N)=O)c2sc(-c3ccccc3)cc12,5.229074385,train,0
C[C@@H]1N[C@H](C)CC[C@@H]1Nc1ncc(C(N)=O)c2sc(-c3ccccc3)cc12,5.075669015,train,0
C[C@@H]1OC2(CCN(CCc3ccccc3)CC2)CN(c2ccccc2)C1=O,6.521433504,train,0
C[C@@H]1OCC2(CCN(c3nc(N)c(Sc4ccnc(C5CC5)c4Cl)c(=O)n3C)CC2)[C@@H]1N,5.008729611,train,0
C[C@@H]1O[C@@H](O[C@H]2C[C@@H](O)[C@]3(CO)[C@H]4[C@H](O)C[C@]5(C)[C@@H](C6=CC(=O)OC6)CC[C@]5(O)[C@@H]4CC[C@]3(O)C2)[C@H](O)[C@H](O)[C@H]1O,5.236497135,train,0
C[C@@H]1c2n[nH]cc2CN1C1=NC(NCc2c(F)cccc2C(F)(F)F)c2cccc(C(N)=O)c2N1,5.499862364,train,0
C[C@@H]1c2nnc(-c3csc(-c4ccc(F)cc4F)n3)n2CCN1C(=O)c1ccc(-c2cccs2)cc1,5.853561865,train,0
C[C@@]1(c2cc(CNC3(C(F)(F)F)CC3)c(F)cc2F)CCSC(N)=N1,5.455807889,train,0
C[C@@]1(c2cc(CNCC(F)(F)F)c(F)cc2F)CCSC(N)=N1,5.214598975,train,0
C[C@@]1(c2cc(NC(=O)c3ccc(C#N)cn3)ccc2F)C=C(CF)OC(N)=N1,5.698752911,train,0
C[C@@]1(c2cc(NC(=O)c3ccc(C#N)cn3)ccc2F)C=CSC(N)=N1,6.300162274,train,0
C[C@H](C(=O)N1CCC(Oc2ccc(-c3cn(C)cn3)cc2C(N)=O)CC1)c1ccc(OC(F)(F)F)cc1,5.187019834,train,0
C[C@H](C(=O)Nc1ccc(Cl)cc1)[C@H]1CC[C@@H](c2ccnc3ccc(F)cc32)CC1,5.498127579,train,0
C[C@H](C1=C(CCN(C)C)Cc2ccccc21)c1ccccn1,6.045275209,train,0
C[C@H](C1=C(CCN(C)C)Cc2ccccc21)c1cnccn1,5.853561865,train,0
C[C@H](C1=C(CCN(C)C)Cc2ccccc21)c1nccs1,5.431680915,train,0
C[C@H](CN(C)C)Oc1nc(Nc2cc3cccc(Cl)c3cn2)cnc1C#N,5.300943145,train,0
C[C@H](COc1ccc(C2=NNC(=O)C3CC23)cc1)CN1CCC[C@H]1C,5.09685573,train,0
C[C@H](Cc1cc2c(c(C(N)=O)c1)N(CCCO)CC2)NCCOc1ccccc1OCC(F)(F)F,5.086133188,train,0
C[C@H](N)C(=O)N1CCN(c2cnc3cc(C(F)(F)F)cc(NCc4cccc([N+](=O)[O-])c4)c3c2)CC1,5.89245087,train,0
C[C@H](NC(=O)C1(N)CCN(c2ncnc3[nH]ccc23)CC1)c1ccc(Cl)cc1,5.170824926,train,0
C[C@H](NC(=O)[C@@H]1CC[C@@H](N2CCOCC2)C[C@H]1c1ccc(Br)cc1)c1ccc(F)cc1,5.657379957,train,0
C[C@H](NC(=O)c1c(CN2CCC(N3CCCCC3)CC2)c(-c2cccc(C(F)(F)F)c2)nc2ccccc12)c1ccccc1,5.920456993,train,0
C[C@H](NC(=O)c1ccc(Cl)cc1)c1ccc2c(c1)CCCN2C(=O)c1cccc(Cl)c1,5.999565923,train,0
C[C@H](Nc1c(C(N)=O)cnc2ccc(-c3cccnc3)cc12)C1CCOCC1,5.443576879,train,0
C[C@H](O)C(=O)N1CC[C@H](N(Cc2cc(Cl)ccc2Cl)c2ccc(C#N)c(Cl)c2)C1,5.657379957,train,0
C[C@H](O)C(=O)NC1CC(C)(C)Oc2nc(-c3ccc(Cl)cc3Cl)c(-c3ccc(Cl)cc3)cc21,6.692230125,train,0
C[C@H](O)CONC(=O)c1ncc2cncn2c1Nc1ccc(I)cc1F,5.481354476,train,0
C[C@H](Oc1ccc(S(C)(=O)=O)cc1C(=O)N1CC(c2ccc(C(F)(F)F)cc2)C1)C(F)(F)F,5.229074385,train,0
C[C@H](c1c(CCN(C)C)sc2ccccc12)n1cccn1,5.698752911,train,0
C[C@H](c1cccnc1)c1c(CCN(C)C)sc2ccccc12,6.308918508,train,0
C[C@H](c1cccnc1Cl)c1c(CCN(C)C)sc2ccccc12,5.823619308,train,0
C[C@H](c1cccnc1F)c1c(CCN(C)C)sc2ccccc12,5.638083381,train,0
C[C@H](c1ccnc(Nc2nc3ccc(-c4cc(N(C)C)ncn4)cc3[nH]2)c1)N1CCN(C(=O)CC(F)(F)F)CC1,5.327809749,train,0
C[C@H]1C=C(C2=Nc3cc(Cl)ccc3Nc3ccc(C#N)cc32)CCN1C,6.221125528,train,0
C[C@H]1C=C(C2=Nc3cc(Cl)ccc3Nc3ccc(Cl)cc32)CCN1C,6.045275209,train,0
C[C@H]1C=C(C2=Nc3cc(Cl)ccc3Nc3ccc(F)cc32)CCN1C,5.920456993,train,0
C[C@H]1C=C(C2=Nc3cc(Cl)ccc3Nc3ccc(OC(F)(F)F)cc32)CCN1C,5.721017883,train,0
C[C@H]1C=C(C2=Nc3ccccc3Nc3ccc(Cl)cc32)CCN1C,6.221125528,train,0
C[C@H]1CCC[C@@H](C)N1CCNc1cn(Cc2ccc(F)cc2)nn1,6.221125528,train,0
C[C@H]1CC[C@@H](c2nc(-c3ccc(C(=O)Nc4cc(C(F)(F)F)ccn4)cc3F)c3c(N)nccn23)CN1C(=O)C1CC1,5.366430557,train,0
C[C@H]1CN(C(=O)Nc2cc(-c3cn(C4CCOCC4)c4cnccc34)ccn2)C[C@@H](C)O1,5.180390267,train,0
C[C@H]1CN(C(=O)c2ccnc(Nc3nc4cnc(Nc5ccc(F)c(C(F)(F)F)c5)cc4[nH]3)c2)C[C@@H](C)O1,5.275642196,train,0
C[C@H]1CN(CC[C@H]2CC[C@H](NC(=O)N(C)C)CC2)CCc2ccc(Cl)cc21,5.909741947,train,0
C[C@H]1CN(CC[S+]([O-])C(c2ccc(F)cc2)c2ccc(F)cc2)C[C@@H](C)N1CC(O)Cc1ccccc1,7.033858267,train,0
C[C@H]1CN(c2nc(N3CCOC[C@@H]3C)c3ccc(-c4ccccc4)nc3n2)C[C@@H](C)O1,5.397831449,train,0
C[C@H]1CNC[C@H](C)N1c1nc2c(C(=O)N[C@H]3C[C@@H]4CCC[C@H](C3)N4C)cccc2o1,5.193752173,train,0
C[C@H]1C[C@H]2CSC(N)=N[C@@]2(c2cc(NC(=O)c3ccc(OC(F)F)cn3)ccc2F)CO1,6.396855627,train,0
C[C@H]1C[C@H]2CSC(N)=N[C@@]2(c2nc(NC(=O)c3ccc(Cl)cn3)cs2)CO1,5.045709238,train,0
C[C@H]1C[C@H]2CSC(N)=N[C@@]2(c2nc(NC(=O)c3ccc(OC(F)F)cn3)cs2)CO1,5.004320939,train,0
C[C@H]1C[C@H]2CSC(N)=N[C@@]2(c2nc(NC(=O)c3ccn(C(F)F)n3)cs2)CO1,5.031470356,train,0
C[C@H]1Cc2c(ncnc2Oc2ccc3c(ccn3C(=O)Nc3cc(C4(C(F)(F)F)CC4)on3)c2)CN1,5.130709596,train,0
C[C@H]1Cc2c(ncnc2Oc2ccc3ccn(C(=O)Nc4cc(C5(C(F)(F)F)CC5)on4)c3c2)CN1,5.065451052,train,0
C[C@H]1OC2(CCN(CCc3ccccc3)CC2)CN(C2CC2)C1=O,5.346690987,train,0
C[C@H]1OC2(CCN(CCc3ccccc3)CC2)CN(c2ccccc2)C1=O,5.920456993,train,0
C[C@H]1OC2(CCN(CCc3ccccc3F)CC2)CN(c2cnccc2C(F)(F)F)C1=O,5.20059052,train,0
C[C@H]1OC2(CCN(CCc3ccccc3F)CC2)CN(c2ncccc2C(F)(F)F)C1=O,5.180390267,train,0
C[C@H]1SC(N)=N[C@@]2(c3ccc(F)cc3F)CO[C@@H](c3cnn(C)c3)C[C@@H]12,5.318668294,train,0
C[C@H]1SC(N)=N[C@](C)(c2cc(NC(=O)c3cnc(OCF)cn3)ccc2F)[C@H]1F,5.292344676,train,0
C[C@H]1c2c([nH]c3ccc(C(F)(F)F)cc23)C[C@H]2CCN(CCCC3(C(=O)O)CCOCC3)C[C@@H]21,6.521433504,train,0
C[C@H]1c2c([nH]c3ccc(C(F)(F)F)cc23)C[C@H]2CCN(CCCC3CCOCC3)C[C@@H]21,7.508638306,train,0
C[C@]1(c2cc(NC(=O)c3ccc(C#N)cn3)ccc2F)N=C(N)CO[C@@H]1F,5.09685573,train,0
C[C@]12CCC(F)=C[C@H]1C[C@@H](N1CCC[C@@H](N)C1)[C@@H]2Oc1ccc(C#N)cc1,5.065451052,train,0
C[C@]12CCCC[C@H]1C[C@@H](N1CCC[C@@H](N)C1)[C@@H]2Oc1ccc(C#N)cc1,5.113452877,train,0
C[C@]12CC[C@@H]3c4ccc(OCCCN5CCCC5)cc4CC[C@H]3[C@@H]1CC[C@@H]2N1CCCC1,5.124880835,train,0
C[S+]([O-])c1ccc(-c2cnc3ccc(-c4cccc(S(=O)(=O)C5CC5)c4)nn23)cc1,6.396855627,train,0
C[S+]([O-])c1ccc(-c2cnc3ccc(-c4cccc(S(C)(=O)=O)c4)nn23)cc1,5.397831449,train,0
C[S+]([O-])c1ccc(-c2cnc3ccc(Nc4cccc(S(C)(=O)=O)c4)nn23)cc1,5.626904013,train,0
C[S+]([O-])c1ccc(-c2cnc3ccc(Nc4cnccn4)nn23)cc1,5.105628546,train,0
C[S+]([O-])c1cccc(-c2ccc3ncc(-c4ccc(S(C)(=O)=O)cc4)n3n2)c1,5.397831449,train,0
C[S+]([O-])c1cccc(-c2ccc3ncc(-c4cccc([S+](C)[O-])c4)n3n2)c1,5.073091898,train,0
C[Si]1(C)CCN(Cc2cc(-c3ccc(C(F)(F)F)cc3)n(-c3ccc(F)cc3)n2)CC1,5.899284913,train,0
C[Si]1(C)CCN(Cc2cc(-c3ccc(C(F)(F)F)cc3)n(C3CCCCC3)n2)CC1,5.601886308,train,0
C[n+]1c(C#CC2CCCCC2)cccc1C#CC1CCCCC1,5.362410214,train,0
C[n+]1c(C#Cc2ccc(-c3ccccc3)cc2)cccc1C#Cc1ccc(-c2ccccc2)cc1,6.530177984,train,0
C[n+]1c(C#Cc2ccc(Cl)cc2)cccc1C#Cc1ccc(Cl)cc1,5.935542011,train,0
C[n+]1c(C#Cc2cccc(Cl)c2)cccc1C#Cc1cccc(Cl)c1,5.395773947,train,0
C[n+]1c(C#Cc2ccccc2)cccc1C#Cc1ccccc1,6.255707017,train,0
C[n+]1c(C#Cc2ccccc2Cl)cccc1C#Cc1ccccc1Cl,5.408712735,train,0
C[n+]1c(CCCOc2ccc(Cl)cc2)cccc1CCCOc1ccc(Cl)cc1,7.823908741,train,0
C[n+]1c(CCCOc2cccc(Cl)c2)cccc1CCCOc1cccc(Cl)c1,7.214670165,train,0
C[n+]1c(CCCOc2ccccc2)cccc1CCCOc1ccccc1,6.679853714,train,0
C[n+]1c(CCCOc2ccccc2Cl)cccc1CCCOc1ccccc1Cl,7.124938737,train,0
C[n+]1c(CCc2ccccc2)cccc1CCc1ccccc1,6.330683119,train,0
C[n+]1c(COc2ccccc2)cccc1COc1ccccc1,6.11463878,train,0
Cc1[nH]c(-c2ccccc2)cc1C(=O)NCCCN1CCN(c2cccc(Cl)c2Cl)CC1,6.995678626,train,0
Cc1[nH]c2ccccc2c1CC1CCCCN1Cc1ccc(/C=C/C(=O)NO)cc1,5.040910886,train,0
Cc1[nH]c2ccccc2c1CCN(CCF)Cc1ccc(/C=C/C(=O)NO)cc1,5.238748926,train,0
Cc1[nH]c2ccccc2c1CCN1CCc2ccc(/C=C/C(=O)NO)cc2C1,5.568475416,train,0
Cc1[nH]c2ccccc2c1CCN1CCc2ccc(/C=C/C(=O)NO)cc2CC1,5.494714326,train,0
Cc1[nH]c2ccccc2c1CCN1Cc2ccc(/C=C/C(=O)NO)cc2C1,5.318668294,train,0
Cc1[nH]cnc1CN1CCc2c(c3ccccc3n2C)C1=O,5.494714326,train,0
Cc1[nH]nc(C(=O)N[C@@H]2CC(C)(C)Oc3nc(-c4ccc(Cl)cc4Cl)c(-c4ccc(Cl)cc4)cc32)c1C,5.060430831,train,0
Cc1[nH]nc2c1c(=O)n(CCCN)c1cc(C3CCCCC3)c(C3CCCCC3)cc21,5.275642196,train,0
Cc1c(-c2c(F)cc(C(N)=O)c3[nH]c4c(c23)CC[C@H](C(C)(C)O)C4)cccc1-n1c(=O)c2cccc(F)c2n(C)c1=O,5.259558355,train,0
Cc1c(-c2cc(F)c(N)cc2F)ccc2c3oc(CN)nc3c(=O)n(C3CC3)c12,5.102317938,train,0
Cc1c(-c2ccc(Cl)cc2)noc1-c1ccc2cc(CCN3CCC[C@H]3C)ccc2n1,5.698752911,train,0
Cc1c(-c2ccc(F)cc2F)noc1-c1ccc2c(c1)CN(C(C)C)C2=O,5.974284616,train,0
Cc1c(-c2ccc3[nH]ncc3c2)ccc2c3oc(CN)nc3c(=O)n(C3CC3)c12,5.207538269,train,0
Cc1c(-c2ccc3cc(CCN4CCC[C@H]4C)ccc3n2)cnn1-c1ccc(Cl)c(Cl)c1,6.221125528,train,0
Cc1c(-c2ccc3cc(CCN4CCC[C@H]4C)ccc3n2)nnn1-c1ccc(F)cc1F,5.552686891,train,0
Cc1c(-c2ccc3cc(CCN4CCC[C@H]4C)ccc3n2)sc2nc3ccccc3n12,5.76421913,train,0
Cc1c(-c2ccc3cc(CCN4CCC[C@H]4C)ccc3n2)sc2ncnn12,5.552686891,train,0
Cc1c(C(=O)CC#N)oc2ccc(Br)cc12,7.508638306,train,0
Cc1c(C(=O)CC#N)oc2ccc(Cl)cc12,7.508638306,train,0
Cc1c(C(=O)CC#N)oc2ccccc12,7.508638306,train,0
Cc1c(C(=O)N(C)CCCN2CCN(c3cccc(Cl)c3Cl)CC2)cc(-c2ccccc2)n1C,6.300162274,train,0
Cc1c(C(=O)NCCCN2CCN(c3cccc(Cl)c3Cl)CC2)cc(-c2ccccc2)n1C,6.850780887,train,0
Cc1c(C(=O)NCCCN2CCN(c3cccc(Cl)c3Cl)CC2)cc(-c2cccnc2)n1C,5.167427225,train,0
Cc1c(C(=O)c2ccc(Cl)cc2)c2ccc(OC(F)(F)F)cc2n1Cc1cccc(O[C@H](C)C(=O)O)c1,5.490663042,train,0
Cc1c(C)n(Cc2ccccc2)c2ncnc(OC3CCN(Cc4cscn4)CC3)c12,6.2915791,train,0
Cc1c(CCN2CCC3(CC2)CCN(c2ccc(=O)n(C)n2)C3=O)ccc2c1COC2=O,5.327809749,train,0
Cc1c(CN2CCOCC2)cc(-c2ccc(C(C)C)cc2)n1-c1ccc(F)cn1,5.09685573,train,0
Cc1c(CN2CCOCC2)cc(-c2ccc(C(C)C)cc2)n1C1CC1,5.09685573,train,0
Cc1c(CN2CCOCC2)cc(-c2ccc(C(C)C)cc2)n1C1CCC1,5.09685573,train,0
Cc1c(CN2CCOCC2)cc(-c2ccc(C(C)C)cc2)n1Cc1ccc(F)cc1,5.300943145,train,0
Cc1c(CNC2CCCC2)nn(-c2ncccc2Cl)c1-c1ccc(Cl)nc1,5.568475416,train,0
Cc1c(CN[C@H]2CC[C@@H](F)C2)nn(CCC#N)c1-c1cc(F)cc(F)c1,5.022230682,train,0
Cc1c(Cl)ccc(OC2CCN(C3CCN(S(=O)(=O)NC(=O)c4ccccc4)CC3)CC2)c1Cl,5.39989111,train,0
Cc1c(Cl)ccc(OC2CCN(C[C@H](O)CNC(=O)c3c[nH]c(=O)cc3C(F)(F)F)CC2)c1Cl,5.299913558,train,0
Cc1c(Cl)ccc(OC2CCN(C[C@H](O)CNC(=O)c3c[nH]nc3C(F)(F)F)CC2)c1Cl,5.699782895,train,0
Cc1c(N2CC[C@@H](C3(N)CC3)C2)c(F)cc2cc(-c3nnco3)c(=O)n(C3CC3)c12,5.09685573,train,0
Cc1c(N2CC[C@@H](C3(N)CC3)C2)c(F)cc2cc(C#N)c(=O)n(C3CC3)c12,5.568475416,train,0
Cc1c(NC(=O)OC[C@@H]2COCCN2)cn2ncnc(Nc3ccc4c(cnn4Cc4cccc(F)c4)c3)c12,5.397831449,train,0
Cc1c(O[C@@H]2C[C@@H]3CC[C@H](C2)N3Cc2ccccc2)cccc1C(N)=O,5.958212681,train,0
Cc1c([C@@H](O)CN2CCC3(CC2)CC(=O)N(c2ccc(C#N)cn2)C3)ccc2c1COC2=O,5.744486287,train,0
Cc1c([C@@H](O)CN2CCC3(CC2)CC(=O)N(c2ccns2)C3)ccc2c1COC2=O,5.09685573,train,0
Cc1c([C@@H](O)CN2CCC3(CC2)CC(=O)N(c2cncc(C#N)c2)C3)ccc2c1COC2=O,5.744486287,train,0
Cc1c([C@@H](O)CN2CCC3(CC2)CCN(c2cc(-c4ccccc4)no2)C3=O)ccc2c1COC2=O,7.259637311,train,0
Cc1c([C@@H](O)CN2CCC3(CC2)CCN(c2cc(-c4ccccc4)ns2)C3=O)ccc2c1COC2=O,7.978810701,train,0
Cc1c([C@@H](O)CN2CCC3(CC2)CCN(c2cc(C)c(=O)n(C)n2)C3=O)ccc2c1COC2=O,5.568475416,train,0
Cc1c([C@@H](O)CN2CCC3(CC2)CCN(c2ccc(-n4cnnn4)cn2)C3)ccc2c1COC2=O,5.482672118,train,0
Cc1c([C@@H](O)CN2CCC3(CC2)CCN(c2ccc(=O)n(C)n2)C3)ccc2c1COC2=O,5.346690987,train,0
Cc1c([C@@H](O)CN2CCC3(CC2)CCN(c2ccc(C#N)cn2)C3)ccc2c1COC2=O,5.61960784,train,0
Cc1c([C@@H](O)CN2CCC3(CC2)CCN(c2ccc(C#N)cn2)CC3)ccc2c1COC2=O,6.71219827,train,0
Cc1c([C@@H](O)CN2CCC3(CC2)CCN(c2ccc(C#N)nc2)C3)ccc2c1COC2=O,5.920456993,train,0
Cc1c([C@@H](O)CN2CCC3(CC2)CCN(c2ccc([S+](C)[O-])nc2)C3)ccc2c1COC2=O,5.522734005,train,0
Cc1c([C@@H](O)CN2CCC3(CC2)CCN(c2ccns2)C3)ccc2c1COC2=O,5.853561865,train,0
Cc1c([C@@H](O)CN2CCC3(CC2)CCN(c2ccns2)C3=O)ccc2c1COC2=O,5.175752172,train,0
Cc1c([C@@H](O)CN2CCC3(CC2)CCN(c2cnc(S(C)(=O)=O)cn2)C3)ccc2c1COC2=O,5.050561199,train,0
Cc1c([C@@H](O)CN2CCC3(CC2)CCN(c2cncc(C#N)c2)C3)ccc2c1COC2=O,5.61960784,train,0
Cc1c([C@@H](O)CN2CCC3(CC2)CCN(c2cnsc2)C3=O)ccc2c1COC2=O,5.309715297,train,0
Cc1c([C@@H](O)CN2CCC3(CC2)CCN(c2cnsn2)C3=O)ccc2c1COC2=O,5.214598975,train,0
Cc1c([C@@H](O)CN2CCC3(CC2)CCN(c2sncc2Cl)C3=O)ccc2c1COC2=O,5.823619308,train,0
Cc1c([C@@H](O)CN2CCC3(CC2)CN(c2ccns2)C3)ccc2c1COC2=O,5.346690987,train,0
Cc1c([C@@H](O)CN2CCN(CC(O)c3cc(C(F)(F)F)c(C#N)cn3)CC2)ccc2c1COC2=O,5.318668294,train,0
Cc1c([C@@H](O)CN2CCN(CC(O)c3ncc(C#N)cc3Cl)CC2)ccc2c1COC2=O,5.244048959,train,0
Cc1c([C@@H]2CN3CCN(C(=O)Cc4ccc(-n5cnnn5)nc4)C[C@H]3CS2)ccc2c1COC2=O,5.050561199,train,0
Cc1c([C@@H]2CN3CCN(C(=O)Cc4cnc(-n5cnnn5)nc4)C[C@H]3CO2)ccc(F)c1C#N,5.229074385,train,0
Cc1c2c(n3c1CCCN1CCCC[C@@H]1CNc1cc-3ccc1C(N)=O)CC(C)(C)CC2=O,6.045275209,train,0
Cc1c2c(n3c1CCCN1CCCC[C@@H]1[C@H](C)Nc1cc-3ccc1C(N)=O)CC(C)(C)CC2=O,5.823619308,train,0
Cc1c2c(n3c1CCCN1CCC[C@@H](C1)Nc1cc-3ccc1C(N)=O)CC(C)(C)CC2=O,5.468393368,train,0
Cc1c2c(n3c1CCCN1CCC[C@@H]1CNc1cc-3ccc1C(N)=O)CC(C)(C)CC2=O,5.584859648,train,0
Cc1c2c(n3c1CCCN1CC[C@H](CNc4cc-3ccc4C(N)=O)C1)CC(C)(C)CC2=O,6.355561411,train,0
Cc1c2c(n3c1CCCN[C@H](C)CNc1cc-3ccc1C(N)=O)CC(C)(C)CC2=O,5.494714326,train,0
Cc1c[nH]c2c(Nc3nc(N[C@@H]4CCCC[C@@H]4N)cc4cc[nH]c(=O)c34)cccc12,5.086133188,train,0
Cc1c[nH]nc1C(=O)N[C@@H]1CC(C)(C)Oc2nc(-c3ccc(Cl)cc3Cl)c(-c3ccc(Cl)cc3)cc21,5.275642196,train,0
Cc1cc(-c2ccc3c(c2)-c2nnc(Cc4cccc(Cl)c4)n2CCO3)ccn1,5.413300198,train,0
Cc1cc(-c2ccc3c(c2)-c2nnc(Nc4cccc(C(F)(F)F)c4)n2CCO3)ccn1,6.410050399,train,0
Cc1cc(-c2ccc3c(c2)-c2nnc(Nc4cccc(Cl)c4)n2CCO3)ccn1,6.367542708,train,0
Cc1cc(-c2ccc3c(c2)-c2nnc(Nc4cccc(OC(F)(F)F)c4)n2CCO3)ccn1,6.625251654,train,0
Cc1cc(-c2ccc3c(c2)-c2nnc(Oc4cccc(Cl)c4)n2CCO3)ccn1,6.030584088,train,0
Cc1cc(-c2ccc3c(c2)-c2nnc(Oc4cccc(Cl)c4F)n2CCO3)ccn1,5.61780279,train,0
Cc1cc(-c2ccc3c(c2)-c2nnc(Oc4cccc(OC(F)(F)F)c4)n2CCO3)ccn1,6.15864053,train,0
Cc1cc(-c2ccc3c(c2)-c2nnc(Oc4ccccc4Cl)n2CCO3)ccn1,5.454569171,train,0
Cc1cc(-c2ccc3c(c2)-c2nnc(Oc4ccccc4OC(F)(F)F)n2CCO3)ccn1,5.546528766,train,0
Cc1cc(-c2ccc3c(c2)CCN(CCCSc2nnc(C4CCC(C)CC4)n2C)CC3)no1,6.896572603,train,0
Cc1cc(-c2ccc3c(c2)CC[C@H]3N2CC3(CCN(C(=O)Cc4cn5cc(C)sc5n4)CC3)C2)ncn1,5.161087973,train,0
Cc1cc(-c2ccc3c(c2)CC[C@H]3N2CCC(N(C)C(=O)N[C@@H](C)c3ccc(C#CC4CC4)c(Cl)c3Cl)CC2)ncn1,5.500175504,train,0
Cc1cc(-c2ccc3cc(CCN4CCC[C@H]4C)ccc3n2)nc(-c2ccccc2)n1,6.91721463,train,0
Cc1cc(-c2ccnc3[nH]nc(C(F)(F)F)c23)cc(C2(CN)CCC2)c1,6.154281982,train,0
Cc1cc(-c2nc(-c3ccc4cc(CCN5CCC[C@H]5C)ccc4n3)cs2)no1,5.546528766,train,0
Cc1cc(-n2cc3c(n2)CN(C(=O)c2cc(C#N)ccc2N2CCC(F)(F)CC2)C3)ccn1,5.161087973,train,0
Cc1cc(/C=C/C#N)cc(C)c1Nc1ccnc(Nc2ccc(C#N)cc2)n1,6.300162274,train,0
Cc1cc(/C=C/C#N)cc(C)c1Oc1nc(NC2CCN(Cc3ccc(S(N)(=O)=O)cc3)CC2)nc2ccsc12,6.728158393,train,0
Cc1cc(/C=C/C#N)cc(C)c1Oc1nc(NC2CCN(Cc3ccc(S(N)(=O)=O)cc3)CC2)nc2sccc12,6.008773924,train,0
Cc1cc(/C=C/C#N)cc(C)c1Oc1nc(Nc2ccc(C#N)cc2F)nc2sccc12,6.742321425,train,0
Cc1cc(=O)oc2c(Cl)c(OCCCCN3CCC(c4noc5cc(F)ccc45)CC3)ccc12,5.798056937,train,0
Cc1cc(Br)c(NC2=NCCN2)c2ccccc12,5.148680487,train,0
Cc1cc(C#N)cc(C)c1Oc1nc(NC2CCN(Cc3ccc(C(N)=O)cc3)CC2)nc2c1COC2,6.080398976,train,0
Cc1cc(C#N)cc(C)c1Oc1nc(NC2CCN(Cc3ccc(C(N)=O)cc3)CC2)ncc1-c1ccncc1,5.924088239,train,0
Cc1cc(C#N)cc(C)c1Oc1nc(NC2CCN(Cc3ccc(S(N)(=O)=O)cc3)CC2)nc2ccsc12,6.882728704,train,0
Cc1cc(C#N)ccc1-c1ccnc(NCc2cc(-c3ccccn3)[nH]n2)c1,5.958212681,train,0
Cc1cc(C#N)ccc1-c1ccnc(NCc2n[nH]c3nc(F)ccc23)c1,5.568475416,train,0
Cc1cc(C#N)ccc1-c1ccnc(NCc2n[nH]c3nc(N)ccc23)c1,5.366430557,train,0
Cc1cc(C#N)ccc1-c1ccnc(NCc2n[nH]c3ncccc23)c1,5.721017883,train,0
Cc1cc(C(=O)N[C@@H]2CC(C)(C)Oc3nc(-c4ccc(Cl)cc4Cl)c(-c4ccc(Cl)cc4)cc32)n[nH]1,5.999565923,train,0
Cc1cc(C(=O)Nc2cncc(-c3cc(Cl)cc(Cl)c3)c2N2CCC(N)CC2)n(C)n1,5.309715297,train,0
Cc1cc(C(=O)O)ccc1-c1ccc(Cl)c(-c2ccc(C(F)(F)F)cc2CN2C(=O)O[C@H](c3cc(C(F)(F)F)cc(C(F)(F)F)c3)[C@@H]2C)c1,5.300943145,train,0
Cc1cc(C(=O)O)ccc1-c1ccc(N2C(=O)N(c3cnccn3)C3(CCN(Cc4ncccc4C)CC3)C2=O)cc1,5.142607189,train,0
Cc1cc(C(=O)O)ccc1-c1ccc(N2C(=O)N(c3cnccn3)C3(CCN(Cc4ncccc4C)CC3)C2=O)cn1,5.601886308,train,0
Cc1cc(C(=O)O)ccc1-c1ccc(N2C(=O)N(c3nccnc3C)C3(CCN(Cc4ncccc4C)CC3)C2=O)cc1,5.107849722,train,0
Cc1cc(C(=O)O)ccc1NC(=O)[C@H](C1CCCCC1)n1c(-c2ccc(Cl)cc2)nc2cc(F)c(F)cc21,6.154281982,train,0
Cc1cc(C(C)(C)O)cc(Nc2cc(N[C@@H]3CCCC[C@@H]3N)cnc2C(N)=O)n1,5.187019834,train,0
Cc1cc(C(N)=O)c(-c2cccc(OC(=O)NCCCN3CCN(c4ccccc4)CC3)c2)o1,5.963903641,train,0
Cc1cc(C(N)=O)c(-c2cccc(OC(=O)NCCN3CCN(c4ccccc4)CC3)c2)s1,6.549876426,train,0
Cc1cc(C(NC(=O)[C@@H]2CC[C@@H](N3CCOCC3)C[C@H]2c2ccc(Br)cc2)c2ccc(Cl)cc2)ccn1,5.823619308,train,0
Cc1cc(C)cc(-c2cncc(-c3nc4cc(C#N)ccc4[nH]3)c2N2CCC(N)CC2)c1,5.657379957,train,0
Cc1cc(C)cc(-c2cncc(-c3nc4cc(C(F)(F)F)ccc4[nH]3)c2N2CCC(N)CC2)c1,6.221125528,train,0
Cc1cc(C)cc(-c2cncc(-c3nc4cc(C)cc(C)c4[nH]3)c2N2CCC(N)CC2)c1,5.698752911,train,0
Cc1cc(C)cc(-c2cncc(-c3nc4cc(C)ccc4[nH]3)c2N2CCC(N)CC2)c1,5.999565923,train,0
Cc1cc(C)cc(-c2cncc(-c3nc4cc(Cl)ccc4[nH]3)c2N2CCC(N)CC2)c1,5.769295686,train,0
Cc1cc(C)cc(-c2cncc(-c3nc4cc(F)ccc4[nH]3)c2N2CCC(N)CC2)c1,5.431680915,train,0
Cc1cc(C)cc(-c2cncc(-c3nc4ccccc4[nH]3)c2N2CCC(N)CC2)c1,5.522734005,train,0
Cc1cc(C)cc(C(=O)Nc2cncc(-c3cc(C)cc(C)c3)c2N2CCC(N)CC2)c1,5.769295686,train,0
Cc1cc(C)cc(CNc2cncc(-c3cc(C)cc(C)c3)c2N2CCC(N)CC2)c1,5.769295686,train,0
Cc1cc(C)cc(NC(=O)c2cncc(-c3cc(C)cc(C)c3)c2N2CCC(N)CC2)c1,6.096367484,train,0
Cc1cc(C)cc(OCc2cncc(-c3cc(C)cc(C)c3)c2N2CCC(N)CC2)c1,5.769295686,train,0
Cc1cc(C)n(-c2cc(NC(=O)CC3CCN(C)CC3)nc(-c3ccc(C)o3)n2)n1,5.37975981,train,0
Cc1cc(C)n(-c2cc(NC(=O)CCN(C)C)nc(-c3ccc(C)o3)n2)n1,6.186419011,train,0
Cc1cc(C)n(-c2cc(NC(=O)CCN3CC[C@H](N(C)C)C3)nc(-c3ccc(C)o3)n2)n1,5.641874715,train,0
Cc1cc(C)n(-c2cc(NC(=O)CN3CCC(CN(C)C)CC3)nc(-c3ccc(C)o3)n2)n1,5.77702355,train,0
Cc1cc(C)n(-c2cc(NC(=O)CN3CCCN(C)CC3)nc(-c3ccc(C)o3)n2)n1,6.543633967,train,0
Cc1cc(C)n(-c2cc(NC(=O)CN3CCN(C)CC3)nc(-c3ccc(C)o3)n2)n1,6.021819483,train,0
Cc1cc(C)n(-c2cc(NC(=O)CN3CC[C@@H](CN(C)C)C3)nc(-c3ccc(C)o3)n2)n1,5.995248844,train,0
Cc1cc(C)n(-c2cc(NC(=O)CN3CC[C@H](CN(C)C)C3)nc(-c3ccc(C)o3)n2)n1,5.730253627,train,0
Cc1cc(C)n(-c2cc(NC(=O)CN3CC[C@H](N(C)C)C3)nc(-c3ccc(C)o3)n2)n1,6.221125528,train,0
Cc1cc(C)n(-c2cc(NC(=O)COc3cccc(CN(C)C)c3)nc(-c3ccc(C)o3)n2)n1,5.920456993,train,0
Cc1cc(C)n(CC(NC(=O)NC2CCN(Cc3ccn(-c4ccc(C(F)(F)F)cc4)c3)CC2)c2ccccc2)n1,5.546528766,train,0
Cc1cc(C)nc(N2C[C@H]3CN(C(=O)c4c(C)cccc4-n4nccn4)C[C@H]3C2)n1,5.161087973,train,0
Cc1cc(C)nc(N2C[C@H]3CN(C(=O)c4cccc(F)c4-n4nccn4)C[C@H]3C2)n1,5.221776373,train,0
Cc1cc(C)nc(Nc2cc(NCC3(N)CC3)cnc2C(N)=O)c1,5.769295686,train,0
Cc1cc(C)nc(Nc2cc(NC[C@@H](N)CC(F)F)cnc2C(N)=O)c1,5.283913146,train,0
Cc1cc(C)nc(Nc2cc(N[C@@H]3CCCC[C@@H]3N)cnc2C(N)=O)c1,5.795608668,train,0
Cc1cc(C2(c3cccc(-c4cncnc4)c3)N=C(N)c3c(F)cccc32)cc(C)n1,5.193752173,train,0
Cc1cc(C2C[C@H]3[C@@H](C)SC(N)=N[C@@]3(c3ccc(F)cc3F)CO2)on1,5.677573948,train,0
Cc1cc(C2C[C@H]3[C@@H](CF)SC(N)=N[C@@]3(c3ccc(F)cc3F)CO2)on1,5.677573948,train,0
Cc1cc(CC(C)(C)O)cc(Nc2cc(N[C@@H]3CCCC[C@@H]3N)cnc2C(N)=O)n1,5.229074385,train,0
Cc1cc(CN(C)C)ccc1OC1CN(C(=O)c2nnc(-c3ccccc3)o2)C1,5.065451052,train,0
Cc1cc(CN2CCN(c3c(Br)cnc4[nH]c(N5CCN(C)CC5)nc34)CC2)no1,5.522734005,train,0
Cc1cc(CN2CCN(c3c(Br)cnc4nc(-c5ccc(N6CCN(C)CC6)cc5)[nH]c34)CC2)no1,5.522734005,train,0
Cc1cc(CN2CCN(c3c(Cl)cnc4[nH]c(-c5ccc(N6CCN(C)CC6)cc5)nc34)CC2)no1,5.638083381,train,0
Cc1cc(CN2CCN(c3c(Cl)cnc4[nH]c(-c5cccc(N6CCN(C)CC6)c5)nc34)CC2)no1,5.022230682,train,0
Cc1cc(CN2CCN(c3c(Cl)cnc4[nH]c(-c5cn(C)nc5C)nc34)CC2)no1,5.20059052,train,0
Cc1cc(CN2CCN(c3c(Cl)cnc4[nH]c(-c5cn(C)nc5C5CC5)nc34)CC2)no1,5.601886308,train,0
Cc1cc(CN2CCN(c3c(Cl)cnc4[nH]c(N5CCN(C)CC5)nc34)CC2)no1,5.638083381,train,0
Cc1cc(CNc2nc(N)nc3ccn(Cc4cc(Cl)ccn4)c23)no1,6.300162274,train,0
Cc1cc(CNc2nc(N)nc3ccn(Cc4ccc(C(F)(F)F)cn4)c23)no1,6.300162274,train,0
Cc1cc(CNc2nc(N)nc3ccn(Cc4ccc(F)cn4)c23)no1,5.698752911,train,0
Cc1cc(CNc2nc(N)nc3ccn(Cc4ccccn4)c23)no1,5.920456993,train,0
Cc1cc(CNc2nc(N)nc3ccn(Cc4ncccc4Cl)c23)no1,6.045275209,train,0
Cc1cc(CNc2nc(N)nc3ccn(Cc4ncccc4F)c23)no1,5.677573948,train,0
Cc1cc(COCCN2CCCC2)nn1-c1ccc(Cl)c(Cl)c1,5.290390879,train,0
Cc1cc(C[C@H](CCCCNCc2ccc(F)cc2)C(=O)NO)cc(C)c1F,5.33245366,train,0
Cc1cc(Cl)cc(-c2ccnc3cc(CN4C(=O)C5C(C4=O)C5(C)C)sc23)c1C[C@@H]1CNCCO1,5.376647318,train,0
Cc1cc(Cl)cc(-c2ccnc3cc(CN4C(=O)C5C(C4=O)C5(C)C)sc23)c1O[C@@H]1CCNC[C@@H]1C,6.396855627,train,0
Cc1cc(Cl)cc(-c2ccnc3cc(CN4C(=O)C5CC5C4=O)sc23)c1C[C@@H]1CNCCO1,5.09685573,train,0
Cc1cc(Cl)cc(-c2ccnc3cc(CN4C(=O)CCC4=O)sc23)c1CN1[C@@H](C)CNC[C@@H]1C,5.568475416,train,0
Cc1cc(Cl)cc(-c2cnc3ncn(-c4cc(O)cc(F)c4)c(=O)c3c2CN(C)C[C@@H]2CCCN2)c1,5.499862364,train,0
Cc1cc(Cl)cc(N2C=Nc3cc(C)c(-c4cc(F)cc(C#N)c4)cc3C2C(=O)N(C)C[C@@H]2CCCN2)c1,5.799726939,train,0
Cc1cc(Cl)cc(N2C=Nc3cc(C)c(-c4cc(F)cc(C(N)=O)c4)cc3C2C(=O)N(C)C[C@@H]2CCCN2)c1,5.599826522,train,0
Cc1cc(Cl)cc(N2C=Nc3cc(C)c(-c4cc(O)cc(F)c4)cc3C2C(=O)N(C)C[C@@H]2CCCN2)c1,6.19931041,train,0
Cc1cc(Cl)cc(N2C=Nc3cc(C)c(-c4cc(O)ccc4F)cc3C2C(=O)N(C)C[C@@H]2CCCN2)c1,6.29913194,train,0
Cc1cc(Cl)cc(N2C=Nc3cc(C)c(-c4cccc(F)c4O)cc3C2C(=O)N(C)C[C@@H]2CCCN2)c1,5.299913558,train,0
Cc1cc(Cl)ccc1-c1nc2c(cc1-c1ccc(Cl)cc1)C(NC(=O)C(O)C(F)(F)F)CC(C)(C)O2,6.484758835,train,0
Cc1cc(Cl)ccc1OC1CCN(C[C@H](O)CNC(=O)c2c[nH]c(=O)c3cc(S(C)(=O)=O)ccc23)CC1,5.699782895,train,0
Cc1cc(Cl)ccc1OC1CCN(C[C@H](O)CNC(=O)c2c[nH]nc2C(F)(F)F)CC1,5.699757974,train,0
Cc1cc(Cl)cnc1C(=O)Nc1ccc2c(c1)C1(COC(N)=N1)C1(CC1)CO2,5.308830066,train,0
Cc1cc(F)cc(-c2cncc(-c3nc4cc(F)ccc4[nH]3)c2N2CCC(N)CC2)c1,5.244048959,train,0
Cc1cc(F)ccc1C1CCN(CC2Cc3c(Cl)ccc(O)c3CN2)CC1,6.01278077,train,0
Cc1cc(F)ccc1C1CCN(CC2Cc3ccccc3CN2)CC1,6.696803943,train,0
Cc1cc(N2CCC(C3CCN(c4ncc(Cl)cn4)CC3)CC2)nc(C#N)n1,6.555955204,train,0
Cc1cc(N2CCC(N3CCCC3C)C2)ccc1NC(=O)c1cc(F)ccc1C,6.317854924,train,0
Cc1cc(N2CCC(N3CCCC3C)C2)ccc1NC(=O)c1ccccc1F,5.999565923,train,0
Cc1cc(N2CCC3(CCN(C[C@H](O)c4ccc5c(c4C)COC5=O)CC3)C2=O)sn1,5.155549932,train,0
Cc1cc(N2CCCc3nc([C@@H](C)NC(=O)c4ccc(F)cc4)ccc32)ccn1,6.136082623,train,0
Cc1cc(N2CC[C@@H](N3CCC[C@@H]3C)C2)ccc1NC(=O)c1cc(F)ccc1C,5.744486287,train,0
Cc1cc(N2CC[C@H](N3CCC[C@@H]3C)C2)ccc1NC(=O)c1cc(F)ccc1C,5.958212681,train,0
Cc1cc(N2C[C@@H]3CC[C@H](C2)[C@H]3Nc2nc3c(OCC(F)(F)F)cccn3n2)sn1,5.537452271,train,0
Cc1cc(N2C[C@@H]3CC[C@H](C2)[C@H]3Nc2nc3c(OCC(F)F)ccc(C(F)(F)F)n3n2)ncn1,5.346690987,train,0
Cc1cc(N2C[C@@H]3CC[C@H](C2)[C@H]3Nc2nc3n(n2)CCCC[C@H]3c2ccc(F)c(F)c2F)ncn1,5.853561865,train,0
Cc1cc(N2C[C@@H]3CC[C@H](C2)[C@H]3Nc2nc3n(n2)CCCN3c2cc(F)cc(F)c2)ncn1,6.154281982,train,0
Cc1cc(NC(=O)COc2ccc(C(=O)c3cc(Cl)ccc3Br)cc2)ccn1,7.216811309,train,0
Cc1cc(NC(=O)c2ccccc2F)ccc1-c1nnc(NCCCN2CCCCC2)o1,5.39989111,train,0
Cc1cc(NC2CCc3cc(Br)ccc3C2)n2nc(C(C)(F)F)nc2n1,6.300162274,train,0
Cc1cc(NC2CCc3cc(Cl)ccc3C2)n2nc(C(C)(F)F)nc2n1,5.853561865,train,0
Cc1cc(NC2CCc3cc(F)ccc3C2)n2nc(C(C)(F)F)nc2n1,6.154281982,train,0
Cc1cc(NC2CCc3ccc(Br)cc3C2)n2nc(C(C)(F)F)nc2n1,5.958212681,train,0
Cc1cc(NC2Cc3cc(F)c(F)cc3C2)n2nc(C(C)(F)F)nc2n1,5.769295686,train,0
Cc1cc(NCc2c(C)cccc2C)c2cccc(C(N)=O)c2n1,6.29913194,train,0
Cc1cc(NCc2c(Cl)ccc(Cl)c2Cl)c2cccc(C(N)=O)c2n1,6.29913194,train,0
Cc1cc(NCc2c(F)cccc2C(F)(F)F)c2cccc(C(N)=O)c2n1,6.398907391,train,0
Cc1cc(N[C@H](CCCCNCc2ccc(F)cc2)C(=O)NO)cc(C)c1F,5.909741947,train,0
Cc1cc(N[C@H]2CCc3ccc(Cl)cc3C2)n2nc(C(C)(F)F)nc2n1,5.823619308,train,0
Cc1cc(Nc2cc(N[C@@H]3CCCC[C@@H]3N)cnc2C(N)=O)nc(C)c1-c1cnn(C)c1,5.999565923,train,0
Cc1cc(Nc2ccc(S(F)(F)(F)(F)F)cc2)n2nc(C(C)(F)F)nc2n1,5.795608668,train,0
Cc1cc(Nc2ccccc2)nc(NCc2ccc3c(c2)OCO3)n1,5.022230682,train,0
Cc1cc(Nc2ccnc3ccc(S(=O)(=O)C(C)(C)C)cc23)n[nH]1,5.195724233,train,0
Cc1cc(Nc2nc(Nc3ccccc3S(=O)(=O)C(C)C)c3cc[nH]c3n2)c(OC(C)C)cc1C1CCN(C)CC1,5.769295686,train,0
Cc1cc(Nc2nc(Nc3ccccc3S(=O)(=O)C(C)C)c3cc[nH]c3n2)c(OC(C)C)cc1C1CCNCC1,5.958212681,train,0
Cc1cc(Nc2nc(Nc3ccccc3S(=O)(=O)C(C)C)c3cn[nH]c3n2)c(OC(C)C)cc1C1CCN(C)CC1,5.999565923,train,0
Cc1cc(Nc2ncc(C)c(Nc3ccccc3S(=O)(=O)C(C)C)n2)c(OC(C)C)cc1C1CCN(C)CC1,5.958212681,train,0
Cc1cc(Nc2ncc(Cl)c(Nc3ccccc3S(=O)(=O)C(C)C)n2)c(OC(C)C)cc1C1CCN(C)CC1,5.474825572,train,0
Cc1cc(Nc2ncc(Cl)c(Nc3ccccc3S(=O)(=O)C(C)C)n2)c(OC(C)C)cc1C1CCN(CCO)CC1,5.578231599,train,0
Cc1cc(Nc2ncc(Cl)c(Nc3ccccc3S(=O)(=O)C(C)C)n2)c(OC(C)C)cc1C1CCNCC1,5.90274269,train,0
Cc1cc(Nc2ncc(Cl)c(Nc3ccccc3S(=O)(=O)C(C)C)n2)c(OC2CCC2)cc1C1CCNCC1,5.519849275,train,0
Cc1cc(Nc2nccc(-c3sc(C4CCNCC4)nc3-c3ccc(F)cc3)n2)cc(C)n1,5.823619308,train,0
Cc1cc(Nc2nccc(-c3sc(C4CCNCC4)nc3-c3ccc(F)cc3)n2)ccn1,5.999565923,train,0
Cc1cc(Nc2nccc(-c3sc(C4CCNCC4)nc3C3CC3)n2)ccn1,5.376647318,train,0
Cc1cc(OC(F)F)cnc1C(=O)Nc1csc([C@]23CO[C@@H](C)C[C@H]2CSC(N)=N3)n1,5.01768353,train,0
Cc1cc(OCCN2CCN(C)CC2)nn1-c1ccc(Cl)c(Cl)c1,5.130709596,train,0
Cc1cc(OCCN2CCOCC2)nn1-c1ccc(Cl)c(Cl)c1,5.455807889,train,0
Cc1cc(OCCN2C[C@H](C)O[C@H](C)C2)nn1-c1ccc2ccccc2c1,5.130709596,train,0
Cc1cc(O[C@H](CCCCNCc2ccc(F)cc2)C(=O)NO)cc(C)c1F,6.101823517,train,0
Cc1cc([C@H]2CC[C@H](c3nnc4n3-c3ccc(Cl)cc3CC4)CC2)no1,5.119129267,train,0
Cc1cc([C@H]2C[C@H]3CSC(N)=N[C@@]3(c3ccc(F)cc3F)CO2)on1,5.795608668,train,0
Cc1cc([C@H]2C[C@H]3[C@@H](C)SC(N)=N[C@@]3(c3ccc(F)cc3F)CO2)on1,5.677573948,train,0
Cc1cc2[nH]c(C3CCN(CCn4c(=O)ccc5ncc(F)cc54)CC3)nc2cc1Cl,5.920456993,train,0
Cc1cc2c(s1)Nc1ccccc1N=C2N1CCN(C)CC1,6.687886142,train,0
Cc1cc2cc(Nc3ncnn4cc(-c5nnc(C)o5)c(C(C)C)c34)cnc2[nH]1,5.180390267,train,0
Cc1cc2nc(/C=C/C3CCCN3C)n(Cc3ccc(Cl)cc3)c2cc1C,6.008330993,train,0
Cc1cc2nc(/C=C/C3CCNC3)n(Cc3ccc(Cl)cc3)c2cc1C,5.795608668,train,0
Cc1cc2nc(/C=C/c3ccccc3)n(Cc3ccc(Cl)cc3)c2cc1C,5.397831449,train,0
Cc1cc2nc(C(C)Cc3ccncc3)n(Cc3ccc(Cl)cc3)c2cc1C,5.055467979,train,0
Cc1cc2nc(CC3CC4CCC(C3)N4)n(Cc3ccc(Cl)cc3)c2cc1C,5.366430557,train,0
Cc1cc2nc(CC3CCCC3)n(Cc3ccc(Cl)cc3)c2cc1C,5.885722703,train,0
Cc1cc2nc(CC3CCCNC3)n(Cc3ccc(Cl)cc3)c2cc1C,6.308918508,train,0
Cc1cc2nc(CC3CCNC(C)C3)n(Cc3ccc(Cl)cc3)c2cc1C,6.235823868,train,0
Cc1cc2nc(CC3CCNCC3)n(Cc3ccc(Cl)cc3)c2cc1C,5.958212681,train,0
Cc1cc2nc(CCC3CCCN3C)n(Cc3ccc(Cl)cc3)c2cc1C,6.583359493,train,0
Cc1cc2ncc(-c3ccc4cc(CCN5CCC[C@H]5C)ccc4n3)c(C)n2n1,5.055467979,train,0
Cc1cc2ncc3c(n2n1)CN([C@H]1CC[C@H](c2cc(F)c(F)cc2F)[C@@H](N)C1)C3,6.221125528,train,0
Cc1cc2ncc3c(n2n1)CN([C@H]1CO[C@H](c2cc(F)c(F)cc2F)[C@@H](N)C1)C3,5.193752173,train,0
Cc1cc2nccn2cc1Nc1ncc2c(n1)n(C1CCOCC1)c(=O)n2C,5.091461368,train,0
Cc1cc2ncn(Cc3ccc(Cl)cc3)c2cc1C,5.154839922,train,0
Cc1cc[n+]([O-])c(C)c1C(=O)N1CCC(C)(N2CCC(N(Cc3cccc(C#N)c3)c3ccccc3)CC2)CC1,5.885722703,train,0
Cc1cc[n+]([O-])c(C)c1C(=O)N1CCC(C)(N2CCC(N(Cc3ccccc3)c3ccccc3)CC2)CC1,6.258848401,train,0
Cc1ccc(-c2cc(S(C)(=O)=O)cc(S(=O)(=O)c3ccc(CN)s3)c2)cc1,5.337147767,train,0
Cc1ccc(-c2cc(S(C)(=O)=O)cc(S(=O)(=O)c3cnc(CN)s3)c2)cc1,5.494714326,train,0
Cc1ccc(-c2cc3c(N[C@@H]4CC[C@](C)(N)C4(C)C)c(C(N)=O)cnn3c2)cn1,5.09685573,train,0
Cc1ccc(-c2cc3nc[nH]c(=O)c3c(NC[C@H]3CCCNC3)n2)cc1,5.099945457,train,0
Cc1ccc(-c2cc3nccnc3c(NC[C@H]3CCCNC3)n2)s1,5.299913558,train,0
Cc1ccc(-c2cc3sc(N4CCC(N5CCCCC5)CC4)nc3cn2)cn1,5.087097002,train,0
Cc1ccc(-c2ccc(-c3ccc4cc(CCN5CCC[C@H]5C)ccc4n3)s2)s1,5.698752911,train,0
Cc1ccc(-c2cnc3nc(N4CCC(N5CCCCC5)CC4)sc3c2)cn1,5.122348814,train,0
Cc1ccc(-c2nc(C)c(Cl)c(OCCCN3CCCCC3)n2)cc1,6.021819483,train,0
Cc1ccc(-c2ncc(OC[C@@H]3CCNC3)cc2-c2ccc(C#N)cc2)cc1,5.494714326,train,0
Cc1ccc(-c2ncc(OC[C@H]3CCNC3)cc2-c2ccc(C#N)cc2)cc1,5.508724165,train,0
Cc1ccc(C#CCOCc2cccc(COCC#Cc3ccc(C)cc3)[n+]2C)cc1,7.027388842,train,0
Cc1ccc(C#Cc2cccc(C#Cc3ccc(C)cc3)[n+]2C)cc1,6.543633967,train,0
Cc1ccc(C#N)cc1NC(=O)COc1ccc(C(=O)c2cc(Cl)ccc2Br)cc1,7.860120914,train,0
Cc1ccc(C(=O)N(CCCN)[C@@H](c2nc3cc(Cl)ccc3c(=O)n2Cc2ccccc2)C(C)C)cc1,5.317764643,train,0
Cc1ccc(C(=O)N(CCCN)[C@@H](c2oc3cc(Cl)ccc3c(=O)c2Cc2ccccc2)C(C)C)cc1,5.795608668,train,0
Cc1ccc(C(=O)Nc2ccc(CN3CCC4C=NNC4C3)c(Cl)c2)cc1C#Cc1cnc2cccnn12,5.299209779,train,0
Cc1ccc(C(=O)Nc2ccc(CN3CCN(C)CC3)c(C(F)(F)F)c2)cc1C#Cc1cnc2cccnn12,6.112945622,train,0
Cc1ccc(C(=O)Nc2ccc(CN3CCN(CCO)CC3)c(C3CC3)c2)cc1C#Cc1cnc2cccnn12,6.467245621,train,0
Cc1ccc(C(=O)Nc2ccc(CN3CCN(CCO)CC3)c(Cl)c2)cc1C#Cc1cnc2cccnn12,6.995678626,train,0
Cc1ccc(C(=O)Nc2ccc(CN3Cc4ccc(O)cc4C3)c(Cl)c2)cc1C#Cc1cnc2cccnn12,6.107348966,train,0
Cc1ccc(C2(O)CCN(C(C)C(O)c3ccc4c(c3)CCC(=O)N4)CC2)cc1,5.481354476,train,0
Cc1ccc(C2=CC3(CCNCC3)Oc3ccccc32)cc1,6.334419009,train,0
Cc1ccc(CCCCN2CCC(C(O)(c3ccccc3)c3ccccc3)CC2)cc1,6.401209493,train,0
Cc1ccc(CCCOCc2cccc(COCCCc3ccc(C)cc3)[n+]2C)cc1,7.15601269,train,0
Cc1ccc(CCN(C)CCOc2ccc(C)cc2)cc1,8.214670165,train,0
Cc1ccc(CCNC[C@H](O)COc2ccc(NS(C)(=O)=O)cc2)cc1C,5.61960784,train,0
Cc1ccc(CCOCCCc2cccc(CCCOCCc3ccc(C)cc3)[n+]2C)cc1,6.42945706,train,0
Cc1ccc(CCOCc2cccc(COCCc3ccc(C)cc3)[n+]2C)cc1,6.866461092,train,0
Cc1ccc(CCc2cccc(CCc3ccc(C)cc3)[n+]2C)cc1,7.602059991,train,0
Cc1ccc(CN2CCC(CNC(=O)c3cc(Cl)cc(Cl)c3)CC2)cc1,6.866461092,train,0
Cc1ccc(CN2CCN(C(=O)C(=O)Nc3ccc4c(ccn4C)c3)CC2)cc1,5.124880835,train,0
Cc1ccc(CN2CC[C@@H](N3CCC(c4ccc(O)cc4)CC3)C2=O)cc1,6.396855627,train,0
Cc1ccc(CN2CC[C@@H](N3CC[C@H](c4ccc(O)cc4)[C@H](F)C3)C2=O)cc1,5.107849722,train,0
Cc1ccc(CNC(=O)[C@@H]2CNC[C@H]2c2ccc(C(F)(F)F)cc2)cc1,5.048128443,train,0
Cc1ccc(COCc2cccc(COCc3ccc(C)cc3)[n+]2C)cc1,6.966576245,train,0
Cc1ccc(C[C@@H](C(=O)O)N2CCC(CN3CCC(Oc4ccc(Cl)c(Cl)c4)CC3)CC2)cc1,5.199931411,train,0
Cc1ccc(Cn2c(C3CNCCO3)nc3ccccc32)cc1C,5.677573948,train,0
Cc1ccc(Cn2c(C3CNCCS3)nc3ccccc32)cc1,6.031050319,train,0
Cc1ccc(Cn2c([C@H]3CNCCO3)nc3ccccc32)cc1,5.638083381,train,0
Cc1ccc(F)cc1C(C)(C)CC(O)(Cc1cc2cc(-c3ccccc3)ncc2[nH]1)C(F)(F)F,5.42010213,train,0
Cc1ccc(F)cc1CO[C@H]1CCc2ccc(N3CCNC[C@H]3C)nc21,5.40882405,train,0
Cc1ccc(N(C)C(=O)c2ccc3c(c2)CC(c2ccc(Cl)cc2)OC3=O)cc1C,5.534468443,train,0
Cc1ccc(N2CCN(CC(O)COc3ccccc3C(=O)CCc3ccccc3)CC2)cc1,5.365421977,train,0
Cc1ccc(N2CCN(CCN(C)C[C@]34CC[C@H](CC3)C4(C)C)C2=O)cc1,5.599826522,train,0
Cc1ccc(NC(=O)N2CCN(C[C@@H]3CCCN(C4CC4)C3)CC2)cc1Cl,5.148680487,train,0
Cc1ccc(NC(=O)N2CCN(c3nc(N)nc4sc(-c5cccnc5)nc34)CC2)cc1,5.698752911,train,0
Cc1ccc(NC(=O)c2ccc3c(c2)CC(c2ccc(Cl)cc2)OC3=O)cc1C,5.169347186,train,0
Cc1ccc(NC(=O)c2cccc(C(F)(F)F)c2)cc1C#Cc1nn(C2CCN(C)CC2)c2ncnc(N)c12,6.221125528,train,0
Cc1ccc(NC(=O)c2cccc(C(F)(F)F)c2)cc1C#Cc1nn(CC2CCN(C)C2)c2ncnc(N)c12,5.623240605,train,0
Cc1ccc(NC(=O)c2cccc(C(F)(F)F)c2)cc1C#Cc1nn(CC2CCN(C)CC2)c2ncnc(N)c12,5.250186415,train,0
Cc1ccc(NC(=O)c2cccc(C(F)(F)F)c2)cc1C#Cc1nn([C@@H]2CCN(C)C2)c2ncnc(N)c12,6.166852888,train,0
Cc1ccc(Nc2c(-c3ccc(F)cc3)nc3n2CCN(C(=O)C(C)(C)N)C3)cc1,5.823619308,train,0
Cc1ccc(Nc2cc(NCCN)nnc2C(N)=O)nc1C(C)C,5.199931411,train,0
Cc1ccc(Nc2cc(N[C@@H]3CCCC[C@@H]3N)nnc2C(N)=O)nc1C(C)C,5.999565923,train,0
Cc1ccc(O)c(C(=O)N[C@H]2CC[C@@H](NC(=O)c3cc(F)cnc3Oc3cccc(-c4ccc(CN5C[C@H](C)N[C@H](C)C5)cc4CN4CCOCC4)c3)CC2)c1,5.199931411,train,0
Cc1ccc(OC(=O)N(CC(=O)O)Cc2cccc(OCc3nc(-c4cccc(Cl)c4)oc3C)c2)cc1,5.136617652,train,0
Cc1ccc(OCC#Cc2cc(-c3n[nH]c4c3Cc3cc(CN5CCN(C)CC5)ccc3-4)cs2)cc1C,5.601886308,train,0
Cc1ccc(OCC#Cc2cccc(CCCOc3ccc(C)cc3)[n+]2C)cc1,5.536256279,train,0
Cc1ccc(OCCCc2cc(N)cc(CCCOc3ccc(C)cc3)n2)cc1,6.799843277,train,0
Cc1ccc(OCc2cccc(COc3ccc(C)cc3)[n+]2C)cc1,7.26760624,train,0
Cc1ccc(Oc2ccc(-c3nnn(CCN)n3)cc2)cc1,5.236497135,train,0
Cc1ccc(Oc2ccc(Cl)c(Cl)c2)c(CN(C)C)c1,5.46967221,train,0
Cc1ccc(Oc2ccc(Nc3ncnc4cccc(O[C@H](C)C(=O)N(C)C)c34)cc2C)cn1,5.09685573,train,0
Cc1ccc(Oc2ccnc3cc(-c4cnn(C5CCNCC5)c4)ccc23)cc1,5.505706231,train,0
Cc1ccc(S(=O)(=O)C[C@@H]2C[C@H](N(C)C(C)C)CC[C@@H]2N2CC[C@H](NC(=O)c3cccc(C(F)(F)F)c3)C2=O)cc1,5.522734005,train,0
Cc1ccc(S(=O)(=O)N(C)C(=O)N2CCC(N3CCC(Oc4ccc(Cl)c(Cl)c4)CC3)CC2)cc1,6.498625749,train,0
Cc1ccc2[nH]c(C(=O)N[C@@H]3Cc4ccccc4[C@@H]3NC(=O)CCN(C)C)cc2c1,5.199931411,train,0
Cc1ccc2[nH]c(C(=O)N[C@@H]3Cc4ccccc4[C@H]3NC(=O)CCN(C)C)cc2c1,5.599826522,train,0
Cc1ccc2[nH]c(C(=O)N[C@H]3Cc4ccccc4[C@@H]3NC(=O)CCN(C)C)cc2c1,5.099945457,train,0
Cc1ccc2c(=O)n(-c3ccc(OCCCN4CCCC4)cc3)c(C)nc2c1,5.173860382,train,0
Cc1ccc2c(N3CCN(CCc4cccc5c4OCc4c(C(=O)N6CCOCC6)ncn4-5)CC3)cccc2n1,5.999565923,train,0
Cc1ccc2c(c1)C(C1=C[C@H](C)N(C)CC1)=Nc1cc(Cl)ccc1N2,6.096367484,train,0
Cc1ccc2c(c1)CC(CCN(C)C)=C2Cc1cnccn1,6.283162277,train,0
Cc1ccc2c(c1)CC(CCN(C)C)=C2[C@@H](C)c1cnccn1,6.442492798,train,0
Cc1ccc2c(c1)CC(CCN(C)C)=C2[C@@H](C)c1nccs1,6.2069084,train,0
Cc1ccc2c(c1)N=C(C1=C[C@H](C)N(C)CC1)c1cc(Cl)ccc1N2,5.958212681,train,0
Cc1ccc2c(c1)N=C(C1=C[C@H](C)N(C)CC1)c1cc(F)ccc1N2,5.795608668,train,0
Cc1ccc2c(c1)nc(CCN1C(=O)c3cccc4cccc(c34)C1=O)n2-c1ccncc1,5.327809749,train,0
Cc1ccc2cc(C(=O)c3cnn(-c4ccc5nc(C)[nH]c5c4)c3N)[nH]c2c1,5.161087973,train,0
Cc1ccc2cccc(NC(=O)[C@]3(O)CC[C@@H](NCc4cc5c(cn4)OCCO5)CC3)c2n1,5.698752911,train,0
Cc1ccc2nc(CN3CCCC3)n(Cc3ccc(Cl)cc3)c2c1,6.186419011,train,0
Cc1ccc2nc(CN3CCN(C(=O)CC(c4ccccc4)c4ccc(F)cc4)CC3)oc2c1,5.643782866,train,0
Cc1ccc2oc(C(=O)CC#N)c(C)c2c1,7.508638306,train,0
Cc1cccc(-c2cc3c(N[C@@H]4CC[C@](C)(N)C4(C)C)c(C(N)=O)cnn3c2)c1,5.113452877,train,0
Cc1cccc(-c2nnc3n2CCN(C(=O)c2ccc(-c4cccs4)cc2)[C@@H]3C)n1,5.136617652,train,0
Cc1cccc(-c2noc(C3CC(=O)N(c4ccc(F)cc4)C3)n2)c1,5.159316051,train,0
Cc1cccc(C(CCCN)(c2ccccc2)c2ccccc2)c1,5.188357979,train,0
Cc1cccc(C)c1C(=O)N1CCC(C)(N2CCC(N(Cc3ccccc3)c3ccccc3)CC2)CC1,6.17327748,train,0
Cc1cccc(C)c1C(=O)N1CCC(C)(N2CCC(N(c3ccccc3)c3ccccc3)CC2)CC1,6.821023053,train,0
Cc1cccc(C)c1C(=O)N1CCC(N2CCC(N(Cc3ccccc3)C(=O)C3CCC3)CC2)CC1,5.467118281,train,0
Cc1cccc(C)c1C(=O)N1CCC(N2CC[C@@H](N(Cc3ccccc3)C(=O)C3CC3)C2)CC1,5.008729611,train,0
Cc1cccc(C)c1OCC(=O)N[C@@H](Cc1ccccc1)[C@@H](O)C[C@H](Cc1ccccc1)NC(=O)[C@H](C(C)C)N1CCCNC1=O,5.069948997,train,0
Cc1cccc(CCN2C(=O)c3ccccc3C2C(=O)NCc2ccc(OC(F)(F)F)cc2)n1,5.180390267,train,0
Cc1cccc(C[C@@H](C(=O)O)N2CCC(CN3CCC(Oc4ccc(Cl)c(Cl)c4)CC3)CC2)c1,5.199931411,train,0
Cc1cccc(N2C[C@]3(CC[C@@H](c4nc5cc(OC(F)(F)F)ccc5[nH]4)CC3)OC2=O)n1,5.699782895,train,0
Cc1cccc(Nc2nc(N3CCNCC3)nc3c(C)nn(CCOCC(F)(F)F)c23)n1,6.251037139,train,0
Cc1cccc(Nc2nc(NC3CNC3)ncc2C(N)=O)c1,5.799726939,train,0
Cc1cccc(Nc2nc(NCC3CCCCN3)ncc2C(N)=O)c1,5.599826522,train,0
Cc1cccc(Nc2nc(NCCN)ncc2C(N)=O)c1,5.699782895,train,0
Cc1cccc(Nc2nc(NC[C@@H]3CCCN3)ncc2C(N)=O)c1,5.999565923,train,0
Cc1cccc(Nc2nc(NC[C@H]3CCCN3)ncc2C(N)=O)c1,5.599826522,train,0
Cc1cccc(Nc2nc(N[C@@H]3CC(F)(F)CC[C@@H]3N)ncc2C(N)=O)c1,5.099945457,train,0
Cc1cccc(Nc2nc(N[C@@H]3CCC(F)(F)C[C@@H]3N)ncc2C(N)=O)c1,5.499862364,train,0
Cc1cccc(Nc2nc(N[C@@H]3CCCC[C@@H]3N)ncc2C(N)=O)c1,5.499862364,train,0
Cc1cccc(Nc2nc(N[C@@H]3CCCNC3)ncc2C(N)=O)c1,5.599826522,train,0
Cc1cccc(Nc2nc(N[C@@H]3CCNC3)ncc2C(N)=O)c1,6.29913194,train,0
Cc1cccc(Nc2nc(N[C@@H]3CCOC[C@@H]3N)ncc2C(N)=O)c1,5.39989111,train,0
Cc1cccc(Nc2nc(N[C@@H]3COCC[C@@H]3N)ncc2C(N)=O)c1,5.099945457,train,0
Cc1cccc(Nc2nc(N[C@@H]3COC[C@@H]3N)ncc2C(N)=O)c1,5.39989111,train,0
Cc1cccc(Nc2nc(N[C@H]3CCCC[C@H]3N)ncc2C(N)=O)c1,5.199931411,train,0
Cc1cccc(Nc2nc(N[C@H]3CCCNC3)ncc2C(N)=O)c1,5.799726939,train,0
Cc1cccc(Nc2nc(N[C@H]3CCNC3)ncc2C(N)=O)c1,5.599826522,train,0
Cc1cccc2c(=O)n(-c3ccc(OCCCN4CCCC4)cc3)c(C)nc12,5.795608668,train,0
Cc1cccc2c(=O)n(C)c(-c3ccc(OC4CCN(C5CCC5)CC4)cc3)nc12,5.698752911,train,0
Cc1cccc2c1C(C(=O)NCc1ccc(OC(F)(F)F)cc1)N(CCc1ccccn1)C2=O,5.251734427,train,0
Cc1cccc2nc(C)n(-c3ccc(OCCCN4CCCC4)cc3)c(=O)c12,5.180390267,train,0
Cc1ccccc1-c1cc2c(N[C@@H]3CC[C@](C)(N)C3(C)C)c(C(N)=O)cnn2c1,5.309715297,train,0
Cc1ccccc1-c1nc2cc(-c3ccc(Cl)cc3)sc2c(=O)n1CC1CCCN(C(C)C)C1,5.677573948,train,0
Cc1ccccc1-c1nc2ccc(-c3ccc(Cl)cc3)cc2c(=O)n1C[C@H]1CCCN(C(C)C)C1,5.060430831,train,0
Cc1ccccc1-c1nc2cn(-c3ccc(Cl)cc3)nc2c(=O)n1CC1CCCN(C(C)C)C1,5.455807889,train,0
Cc1ccccc1C(=O)Nc1ccc(-c2nnc(NCCCN3CCCCC3)o2)cc1,5.099945457,train,0
Cc1ccccc1C(OCCN(C)C)c1ccccc1,6.069489048,train,0
Cc1ccccc1C1CCN(C[C@@H]2CCc3c(C)cccc3[C@@H](O)C2)CC1,7.060480747,train,0
Cc1ccccc1C1CCN(C[C@@H]2CCc3cccnc3[C@@H](O)C2)CC1,5.696047362,train,0
Cc1ccccc1C1CCN(C[C@H]2CCc3cccnc3[C@@H](O)C2)CC1,6.581423669,train,0
Cc1ccccc1CN(c1ccc(C#N)c(Cl)c1)[C@H]1CCN(S(C)(=O)=O)C1,5.552686891,train,0
Cc1ccccc1N1CCN(C[C@@H]2CCc3cccnc3[C@@H](O)C2)CC1,5.638083381,train,0
Cc1ccccc1[C@@H]1CCN(C[C@@H]2CCc3cccnc3[C@@H](O)C2)C[C@H]1C,5.036164969,train,0
Cc1ccccc1[C@H]1C[C@@H](NCc2ccc(Cl)cc2)CC[C@@H]1C(=O)N1CC(c2ccccc2)(c2ccccc2)C1,8.397940009,train,0
Cc1cccnc1C(=O)N1CCC(C)(N2CCC(N(c3ccccc3)c3cccnc3)CC2)CC1,6.386158178,train,0
Cc1cccnc1CN1CCC2(CC1)C(=O)N(c1ccc(-c3ccc(-c4ccn[nH]4)cc3)cc1)C(=O)N2c1cc(O)ncn1,5.091461368,train,0
Cc1cccnc1CN1CCC2(CC1)C(=O)N(c1ccc(-c3ccc4scnc4c3)cc1)C(=O)N2c1cc(O)ncn1,5.823619308,train,0
Cc1cccnc1CN1CCC2(CC1)C(=O)N(c1ccc(-c3ccccc3)cc1)C(=O)N2c1cc(O)ncn1,6.655607726,train,0
Cc1cccnc1CN1CCC2(CC1)C(=O)N(c1ccc(-n3cccn3)cc1)C(=O)N2c1cc(O)ncn1,5.045709238,train,0
Cc1cccnc1CN1CCC2(CC1)C(=O)N(c1ccc(C3CCCCC3)cc1)C(=O)N2c1cc(O)ncn1,5.999565923,train,0
Cc1cccnc1[C@H](C)c1c(CCN(C)C)sc2ccccc12,6.040481623,train,0
Cc1ccnc(C)c1C(=O)N1CCC(C)(N2CCC(N(c3ccccc3)c3ccccc3)CC2)CC1,6.243363892,train,0
Cc1ccnc2nc(Oc3ccc(CN4CCCCC4)cc3)sc12,5.091461368,train,0
Cc1cn(-c2cc(NC(=O)c3ccc(C)c(Nc4nccc(-c5cccnc5)n4)c3)cc(C(F)(F)F)c2)cn1,6.345823458,train,0
Cc1cn(-c2ccc(-c3cn(CC(=O)Nc4cccc(Cl)c4Cl)nn3)cc2F)cn1,5.468393368,train,0
Cc1cn(-c2ccc(Nc3cccc4c3nc(-c3ccc(F)cc3)n4C)nc2)cn1,5.283913146,train,0
Cc1cn(-c2ccc3n(c2=O)CCN([C@@H](C)COc2ccc(F)cc2[C@@H](C)C(F)(F)F)C3=O)cn1,5.036164969,train,0
Cc1cn2c(N)c(Cl)cc(C(=O)NCC3CCN(CC(C)C)CC3)c2n1,5.58983036,train,0
Cc1cnc(-c2ccc(-c3ccco3)cc2)n1Cc1ccccc1OCCCCCC(=O)O,5.259558355,train,0
Cc1cnc(N2CCC(C3CCN(c4cc(C#N)nc(C)n4)CC3)CC2)cn1,5.267525823,train,0
Cc1cnc(N2CCC(C3CCN(c4cc(C#N)nc(C)n4)CC3)CC2)nc1,5.744486287,train,0
Cc1cnc(N2CCC([C@H]3C[C@H]3CCOc3nc(C)cc(C#N)n3)CC2)nc1,5.397831449,train,0
Cc1cnc(NC(=O)c2cc(Oc3ccc(C#N)cc3)c3cc(C)oc3c2)cn1,5.397831449,train,0
Cc1cnc(Nc2cc(NC3CCN(c4ccc(C#N)cn4)CC3)c(C(N)=O)cn2)cn1,5.318668294,train,0
Cc1cnc2c(c1)nnn2-c1ccc(C(=O)N(c2ncccc2Cl)[C@@H]2CCCNC2)nc1,5.443576879,train,0
Cc1cncc(-c2nnc3n2CCN(C(=O)c2ccc(-c4cccs4)cc2)[C@@H]3C)n1,5.327809749,train,0
Cc1cncc(Nc2cc(NC3CCN(c4ccc(C#N)cn4)CC3)c(C(N)=O)cn2)n1,5.267525823,train,0
Cc1cnccc1NC(=O)COc1ccc(C(=O)c2cc(Cl)ccc2Br)cc1,7.821023053,train,0
Cc1cnn(C2CCN(c3nc4ccccc4n3Cc3ccc(F)cc3)CC2)c1,6.091514981,train,0
Cc1cnsc1N1CCC2(CCN(C[C@H](O)c3ccc4c(c3C)COC4=O)CC2)C1=O,5.102317938,train,0
Cc1coc([C@H]2C[C@H]3CSC(N)=N[C@@]3(c3ccc(F)cc3F)CO2)n1,5.638083381,train,0
Cc1coc([C@H]2C[C@H]3[C@@H](C)SC(N)=N[C@@]3(c3ccc(F)cc3F)CO2)n1,5.318668294,train,0
Cc1csc([C@H](C)C2=C(CCN(C)C)Cc3ccccc32)n1,5.721017883,train,0
Cc1n[nH]c(=O)cc1-c1ccc(OC2CCN(C3CCC3)CC2)cc1,5.154839922,train,0
Cc1n[nH]c(C)c1C(=O)N[C@@H]1CC(C)(C)Oc2nc(-c3ccc(Cl)cc3Cl)c(-c3ccc(Cl)cc3)cc21,5.795608668,train,0
Cc1n[nH]cc1-c1cc(C(F)(F)F)cc(S(=O)(=O)N2CCN(C(=O)[C@@H]3C[C@H]3c3ccc(C(F)(F)F)cc3)CC2)c1,7.387216143,train,0
Cc1n[nH]cc1C(=O)N[C@@H]1CC(C)(C)Oc2nc(-c3ccc(Cl)cc3Cl)c(-c3ccc(Cl)cc3)cc21,5.958212681,train,0
Cc1nc(-c2ccc(C(F)(F)F)cc2)nc(OCCCN2CCCCC2)c1Cl,5.583193128,train,0
Cc1nc(-c2ccc(Cl)cc2)nc(OCCCN2CCCCC2)c1Cl,5.156082362,train,0
Cc1nc(-c2ccc(F)c(F)c2)nc(OCCCN2CCCCC2)c1Cl,5.853561865,train,0
Cc1nc(-c2ccc(F)cc2)nc(OCCCN2CCCCC2)c1Cl,5.812197361,train,0
Cc1nc(-c2cccc(C(=O)N[C@H]3CC[C@H](CCN4CCc5ccc(S(C)(=O)=O)cc5CC4)CC3)c2)no1,5.599826522,train,0
Cc1nc(-c2ccccc2)nc(OCCCN2CCCC2)c1Cl,5.424696667,train,0
Cc1nc(-c2ccccc2)nc(OCCCN2CCCCC2)c1Cl,6.55129368,train,0
Cc1nc(-c2cccnc2)sc1-c1ccc2cc(CCN3CCC[C@H]3C)ccc2n1,5.221776373,train,0
Cc1nc(-c2cccs2)sc1-c1ccc2cc(CCN3CCC[C@H]3C)ccc2n1,5.42934033,train,0
Cc1nc(-c2ccncc2)sc1-c1ccc2cc(CCN3CCC[C@H]3C)ccc2n1,5.318668294,train,0
Cc1nc(-n2cnnn2)ccc1C(C)C(=O)N1CCN(CCc2ccc3c(c2C)COC3=O)CC1,5.468393368,train,0
Cc1nc(C#Cc2ccnc(Cl)c2)c(C)n1-c1ccc(F)cc1,5.148680487,train,0
Cc1nc(C#Cc2ccnc(Cl)c2)c(C)n1-c1ccc(OC(F)(F)F)cc1,5.999565923,train,0
Cc1nc(C(=O)N[C@@H]2CC(C)(C)Oc3nc(-c4ccc(Cl)cc4Cl)c(-c4ccc(Cl)cc4)cc32)n[nH]1,5.698752911,train,0
Cc1nc(C)c(-c2ccc(N3C(=O)N(c4cc(O)ncn4)C4(CCN(Cc5ncccc5C)CC4)C3=O)cc2)s1,6.021819483,train,0
Cc1nc(C)c(-c2ccc3cc(CCN4CCCC4C)ccc3n2)cc1C#N,5.075669015,train,0
Cc1nc(CN(C)[C@H]2CCCc3cccnc32)cc(N2CCN(C)CC2)n1,5.09685573,train,0
Cc1nc(CN2CCN(c3c(Cl)cnc4[nH]c(-c5cn(C)nc5C)nc34)CC2)no1,5.022230682,train,0
Cc1nc(CNC2CCN(CCn3c(=O)ccc4ccc(C#N)cc43)CC2)ccc1C#N,5.275642196,train,0
Cc1nc(N2CCC(N3CCCC3)CC2)nc2ccc(NC(=O)COc3ccc(Cl)cc3)cc12,6.345823458,train,0
Cc1nc(N2CCC(N3CCCC3=O)CC2)nc2ccc(NC(=O)COc3ccc(OC(F)(F)F)cc3)cc12,5.431680915,train,0
Cc1nc(N2CCC(O)(C3CC3)CC2)nc2ccc(NC(=O)/C=C/c3ccc(C(F)F)cc3)cc12,5.601886308,train,0
Cc1nc(N2CCC(O)(C3CC3)CC2)nc2ccc(NC(=O)/C=C/c3ccc(Cl)cc3)cc12,5.251734427,train,0
Cc1nc(N2CCC(O)CC2)nc2ccc(NC(=O)/C=C/c3ccc(OC(F)(F)F)cc3)cc12,5.481354476,train,0
Cc1nc(N2CCC3(CCN(C[C@H](O)c4ccc5c(c4C)COC5=O)CC3)C2)ccc1S(C)(=O)=O,5.102317938,train,0
Cc1nc(NCc2ccccn2)c2c(-c3ccccc3)cccc2n1,5.337147767,train,0
Cc1nc(Nc2cc(N[C@@H]3CCCC[C@@H]3N)nnc2C(N)=O)ccc1Cl,5.39989111,train,0
Cc1nc(Nc2nc3cnc(N4CCN(C)CC4)cc3[nH]2)cc(C2CC2)c1F,5.055467979,train,0
Cc1nc(Oc2ccc(C(=O)O)cc2)ccc1CN1CCC(N2C(=O)N(C3CCOCC3)C[C@H]2c2cccc(Cl)c2)CC1,5.004320939,train,0
Cc1nc2c(C(F)(F)F)cccc2c(=O)n1-c1ccc(OCCCN2CCCC2)cc1,6.454692884,train,0
Cc1nc2c(Cl)cccc2c(=O)n1-c1ccc(OC2CCN(C3CCC3)CC2)cc1,5.481354476,train,0
Cc1nc2cc(-n3ncc(C(=O)c4cc5ccc(CN6CCC(F)(F)CC6)cc5[nH]4)c3N)ccc2[nH]1,5.065451052,train,0
Cc1nc2cc(C(F)(F)F)ccc2c(=O)n1-c1ccc(OCCCN2CCCC2)cc1,5.584859648,train,0
Cc1nc2cc(Cl)ccc2c(=O)n1-c1ccc(OC2CCN(C3CCC3)CC2)cc1,5.40882405,train,0
Cc1nc2cc(F)c(-c3cnc(C(C)(C)O)nc3)nc2c(N[C@H](C)c2cc(C#N)ccc2F)c1Cl,5.251734427,train,0
Cc1nc2cc(F)ccc2c(=O)n1-c1ccc(OCCCN2CCCC2)cc1,5.221776373,train,0
Cc1nc2cc(F)ccc2n1[C@H]1CC[C@@H](NC[C@H]2Cc3ccc(C#N)cc3C2)CC1,7.508638306,train,0
Cc1nc2cc(Nc3cc(NC4CCN(c5ccc(C#N)cn5)CC4)c(C(N)=O)cn3)ccc2o1,5.180390267,train,0
Cc1nc2ccc(-n3ncc(C(=O)c4cc5ccccc5[nH]4)c3N)cc2[nH]1,5.161087973,train,0
Cc1nc2ccc(Cl)cc2c(=O)n1-c1ccc(OC2CCN(C3CCC3)CC2)cc1,5.267525823,train,0
Cc1nc2ccc(F)cc2c(=O)n1-c1ccc(OCCCN2CCCC2)cc1,5.601886308,train,0
Cc1nc2ccc(Oc3ccc(Cl)cc3F)nc2c(=O)n1C[C@H]1CCCN(C(C)C)C1,5.887692782,train,0
Cc1nc2ccc(Oc3ccc(F)c4cccnc34)nc2c(=O)n1C[C@H]1CCCN(C(C)C)C1,6.882761858,train,0
Cc1nc2ccc(Oc3ccc(F)cc3)cc2c(=O)n1C[C@H]1CCCN(C(C)C)C1,5.792670496,train,0
Cc1nc2ccc(Oc3ccc(F)cc3)nc2c(=O)n1C[C@H]1CCCN(C(C)C)C1,5.492289838,train,0
Cc1nc2cccc(Cl)c2c(=O)n1-c1ccc(OCCCN2CCCC2)cc1,5.091461368,train,0
Cc1nc2ccccc2c(=O)n1-c1ccc(OC2CCCN(C3CCC3)CC2)cc1,5.136617652,train,0
Cc1nc2ccccc2c(=O)n1-c1ccc(OC2CCCN(C3CCCC3)CC2)cc1,5.167427225,train,0
Cc1nc2ccccc2c(=O)n1-c1ccc(OCCCN2CCC(C)C2)cc1,5.193752173,train,0
Cc1nc2ccccc2c(=O)n1-c1ccc(OCCCN2CCC[C@@H]2C)cc1,5.221776373,train,0
Cc1nc2ccccc2c(=O)n1-c1ccc(OCCCN2CCC[C@H](C)C2)cc1,5.275642196,train,0
Cc1nc2ccccc2c(=O)n1-c1ccc(O[C@H]2CC[C@@H](N3CCCC3)CC2)cc1,5.09685573,train,0
Cc1nc2ccccc2n1-c1ccc(C(=O)N(C)[C@@H]2CCN(C3CCCC3)C2)cc1,5.638083381,train,0
Cc1nc2ccccc2n1-c1ccc(C(=O)N(C)[C@@H]2CCN(C3CCCCC3)C2)cc1,5.552686891,train,0
Cc1nc2ccccn2c1-c1ccc2cc(CCN3CCC[C@H]3C)ccc2n1,5.09685573,train,0
Cc1nc2cnc(Oc3ccc(Cl)cc3F)cc2c(=O)n1C[C@H]1CCCN(C(C)C)C1,6.88469355,train,0
Cc1nc2cnc(Oc3ccc(F)c4cccnc34)cc2c(=O)n1C[C@H]1CCCN(C(C)C)C1,5.023390143,train,0
Cc1nc2cnc(Oc3ccc(F)cc3)cc2c(=O)n1C[C@H]1CCCN(C(C)C)C1,5.887692782,train,0
Cc1nc2cnc(Oc3ccc4ncsc4c3)cc2c(=O)n1C[C@H]1CCCN(C(C)C)C1,5.619713681,train,0
Cc1nc2n(c(=O)c1CCN1CCC(c3noc4cc(F)ccc34)CC1)CCCC2,6.774690718,train,0
Cc1nc2n(c(=O)c1CCN1CCC(c3noc4cc(F)ccc34)CC1)CCCC2O,5.885722703,train,0
Cc1nc2n(c(=O)c1CCN1CCN(c3cccc4sccc34)CC1)CCCC2,5.573326112,train,0
Cc1nc2n(c(=O)c1CCN1CCN(c3cccc4sccc34)CC1)CCCC2F,5.212468684,train,0
Cc1nc2n(c(=O)c1CCN1CCN(c3cccc4sccc34)CC1)CCCC2O,5.392437757,train,0
Cc1nc2ncc(Oc3ccc(Br)cc3F)cc2c(=O)n1C[C@H]1CCCN(C(C)C)C1,5.885766102,train,0
Cc1nc2ncc(Oc3ccc(F)cc3)cc2c(=O)n1C[C@H]1CCCN(C(C)C)C1,5.50917854,train,0
Cc1nc[n+]([O-])c(C)c1C(=O)N1CCC(C)(N2CCC(N(c3ccccc3)c3ccccc3)CC2)CC1,5.920456993,train,0
Cc1ncc(-c2ccnc(Nc3ccc(C(=O)N(C)C)c(F)c3)n2)n1C(C)C,5.522734005,train,0
Cc1ncc(-c2ccnc(Nc3ccc(C(=O)NC4CC4)cc3)n2)n1C(C)C,5.154839922,train,0
Cc1ncc(-c2ccnc(Nc3ccc(N4CCN(S(C)(=O)=O)CC4)cc3)n2)n1C(C)C,5.259558355,train,0
Cc1ncc(-c2ccnc(Nc3ccc(S(C)(=O)=O)cc3)n2)n1C(C)C,5.494714326,train,0
Cc1ncc(-c2nc(Nc3ccc(C(=O)N(C)C)c(F)c3)ncc2F)n1C(C)C,5.221776373,train,0
Cc1ncc(OC[C@@]2(c3cc(F)cc(F)c3)C[C@H]2C(=O)Nc2ccc(F)cn2)c(C)n1,5.318668294,train,0
Cc1ncc(OC[C@@]2(c3ccc(F)c(F)c3)C[C@H]2C(=O)Nc2ccc(F)cn2)c(C)n1,5.657379957,train,0
Cc1ncc(OC[C@@]2(c3ccc(F)cc3)C[C@H]2C(=O)Nc2ccc(F)cn2)c(C)n1,5.657379957,train,0
Cc1ncc(OC[C@@]2(c3cccc(F)c3)C[C@H]2C(=O)Nc2ccc(F)cn2)c(C)n1,5.214598975,train,0
Cc1ncc(OC[C@@]2(c3ccccc3)C[C@H]2C(=O)Nc2ccc(F)cn2)c(C)n1,5.113452877,train,0
Cc1ncc(OC[C@@]2(c3ccccc3F)C[C@H]2C(=O)Nc2ccc(F)cn2)c(C)n1,5.229074385,train,0
Cc1nccc(Nc2cc(NC3CCN(c4ccc(C#N)cn4)CC3)c(C(N)=O)cn2)n1,5.091461368,train,0
Cc1ncccc1-c1nc2cn(-c3cccc(OC(C)C)c3)nc2c(=O)n1C[C@H]1CCCN(C[C@H]2CCCO2)C1,5.167427225,train,0
Cc1ncccc1-c1nc2cn(-c3cccc(OC(F)F)c3)nc2c(=O)n1C[C@H]1CCCN(C[C@H]2CCCO2)C1,5.075669015,train,0
Cc1nccn1-c1ccc(-c2cn(CC(=O)Nc3cccc(Cl)c3Cl)nn2)cc1,5.657379957,train,0
Cc1nccn1-c1ccc(-c2cn(CC(=O)Nc3cccc(Cl)c3Cl)nn2)cn1,5.346690987,train,0
Cc1nccn1CC1CCc2c(c3ccccc3n2C)C1=O,6.089466305,train,0
Cc1nccn1C[C@H]1CCc2c(c3ccccc3n2C)C1=O,6.090979146,train,0
Cc1ncn(-c2cc(Cl)c(C(=O)NC[C@@H](c3cccc(F)c3)c3nc4c(C)cc(Cl)cc4[nH]3)c(Cl)c2)n1,5.515415471,train,0
Cc1ncn(-c2cc(Cl)c(C(=O)NC[C@@H](c3cccc(F)c3)c3nc4ccc(Cl)cc4[nH]3)c(Cl)c2)n1,5.271483895,train,0
Cc1nn(-c2ccccc2)cc1CN1CCC2(CC1)OCc1ccccc12,6.130181792,train,0
Cc1nn(-c2ccccc2)nc1C(=O)N[C@@H]1COc2cccc(-c3ccncc3)c2C1,5.39989111,train,0
Cc1nn(-c2ccccc2)nc1C(=O)N[C@@H]1COc2cccc(N3CCN(C)CC3)c2C1,5.099945457,train,0
Cc1nn(-c2ccnc(Nc3ccc4c(c3)c(C(=O)C(F)(F)F)cn4C)n2)cc1N[C@@H]1CCOC[C@@H]1N,5.327809749,train,0
Cc1nn(-c2ccnc3[nH]c(-c4cccc5c4ccn5C)nc23)cc1CN(C)C,5.584859648,train,0
Cc1nn(-c2ncccc2Cl)cc1CN1CCC2(CC1)OCc1ccccc12,5.107849722,train,0
Cc1nn(C)c(C)c1N(C(F)F)S(=O)(=O)c1c(Cl)cc(CCCC2CCN(C)CC2)cc1Cl,6.221125528,train,0
Cc1nn(C2CCN(CC(=O)N(C)C)CC2)c(C)c1Nc1ncc(Cl)c(-c2cnn3ccccc23)n1,5.107849722,train,0
Cc1nn(C2CCN(CCO)CC2)c(C)c1Nc1ncc(Cl)c(-c2cnn3ccccc23)n1,5.031470356,train,0
Cc1nn(CCOCC(F)(F)F)c2c(Nc3ccncn3)nc(N3CCN[C@H](C)C3)nc12,6.045275209,train,0
Cc1nnc(-c2cc(C(F)(F)F)cc(S(=O)(=O)N3CCN(C(=O)[C@@H]4C[C@H]4c4ccc(C(F)(F)F)cc4)CC3)c2)[nH]1,5.885722703,train,0
Cc1nnc(-c2nn(C)c3ccc(Nc4nccc(-c5cc(CN(C)C)n(C)n5)n4)cc23)o1,5.657379957,train,0
Cc1nnc(N2CC[C@@H](F)C2)c2nn(-c3ccc(OCC(F)(F)F)cc3)c(C)c12,6.498940738,train,0
Cc1nnc2c3cc(-c4ccccc4)c(-c4ccc(CN5CCC(c6n[nH]c(-c7ccccn7)n6)CC5)cc4)nc3ccn12,5.556111453,train,0
Cc1nnn(Cc2cc(Cl)ccc2/C=C/C(=O)N2CCC(Cc3ncc(C)o3)CC2)n1,5.283913146,train,0
Cc1noc(-c2nnc3n2CCN(C(=O)c2ccc(-c4cccs4)cc2)[C@@H]3C)n1,5.292344676,train,0
Cc1noc(/C(=C/c2cccc(-n3cc(C(=O)Nc4c(Cl)cncc4Cl)c(=O)c4cccnc43)c2)c2ccc(S(C)(=O)=O)cc2)n1,6.166852888,train,0
Cc1noc(C)c1-c1ccc2nc(-c3cnn(CC(C)(C)O)c3)nc(N3CCOC[C@@H]3c3ccccc3)c2c1,5.187019834,train,0
Cc1noc(C)c1-c1nc(NCc2ccccn2)c2c(-c3ccccc3)cccc2n1,5.508498234,train,0
Cc1noc(N2C[C@@H]3CC[C@H](C2)[C@H]3Nc2nc3c(OCC(F)(F)F)ccc(C(F)(F)F)n3n2)n1,5.057942316,train,0
Cc1noc([C@H]2C[C@@H]2C(=O)NCc2ccc(-c3cccc(OC(F)(F)F)c3)c3c2CN(C(=O)NC(C)(C)C)CC3)n1,5.630598586,train,0
Cc1nsc(-c2nnc3n2CCN(C(=O)c2ccc(-c4cccs4)cc2)[C@@H]3C)n1,5.09685573,train,0
Cc1nsc(N2CCC3(CCN(C[C@H](O)c4ccc5c(c4C)COC5=O)CC3)C2)n1,5.376647318,train,0
Cc1nsc(N2CCC3(CCN(C[C@H](O)c4ccc5c(c4C)COC5=O)CC3)C2=O)n1,5.045709238,train,0
Cc1oc(-c2ccc(Cl)cc2)nc1CCOc1cccc(C[C@@H]2C(=O)N(c3ccc(C(C)(C)C)cc3)[C@@H]2C(=O)O)c1,5.885722703,train,0
Cc1oc(-c2cccc(Cl)c2)nc1CCOc1cccc(C[C@@H]2C(=O)N(c3ccc(C(C)(C)C)cc3)[C@@H]2C(=O)O)c1,5.744486287,train,0
Cc1oc(-c2ccccc2)nc1C(=O)N1CCC(Oc2ccc(CN3CCCC3)cc2)CC1,5.522734005,train,0
Cc1oc(-c2ccccc2)nc1CCOc1cccc(C[C@@H]2C(=O)N(c3ccc(C(C)(C)C)cc3)[C@@H]2C(=O)O)c1,5.207538269,train,0
Cc1onc(-c2ccc(Cl)cc2)c1-c1ccc2cc(CCN3CCC[C@H]3C)ccc2n1,5.795608668,train,0
Cc1onc(-c2ccccc2)c1-c1ccc2cc(CCN3CCC[C@H]3C)ccc2n1,5.193752173,train,0
Cc1sc(-c2ccccc2Cl)cc1C(=O)N[C@@H](CN)c1ccccc1,5.173860382,train,0
ClCc1nnc2c3cc(-c4ccccc4)c(-c4ccc(CN5CCC(c6n[nH]c(-c7ccccn7)n6)CC5)cc4)nc3ccn12,5.694863681,train,0
Clc1cc2sc(N3CCC(N4CCCCC4)CC3)nc2cn1,5.158005822,train,0
Clc1ccc(-c2nc(COc3ccccc3CN3CCCCCCC3)cs2)cc1,7.508638306,train,0
Clc1ccc(-n2c(-c3ccc(Cl)cc3Cl)nc3c(NN4CCCCC4)ncnc32)cc1,5.568475416,train,0
Clc1ccc(-n2cc(NCCN3CCCCC3)nn2)c(Cl)c1,5.309715297,train,0
Clc1ccc(-n2cc(NCCN3CCCCC3)nn2)cc1,5.508498234,train,0
Clc1ccc(-n2cc(NCCN3CCCCC3)nn2)cc1Cl,5.769295686,train,0
Clc1ccc(C2CCCCNC2)cc1Cl,5.214598975,train,0
Clc1ccc(CN(C2CC2)C2CNC2)cc1Cl,5.326886896,train,0
Clc1ccc(Cn2c(/C=C/C3CCN(CC4CCCCC4)C3)nc3cc(Br)ccc32)cc1,5.958212681,train,0
Clc1ccc(Cn2cc(NCCN3CCCCC3)nn2)cc1Cl,5.657379957,train,0
Clc1ccc(Cn2cc(NCCN3CCCCCC3)nn2)cc1Cl,5.40882405,train,0
Clc1ccc(OCCCc2cccc(CCCOc3ccc(Cl)cc3)n2)cc1,7.962573502,train,0
Clc1ccc([C@@]23CCCC[C@@H]2CNC3)cc1Cl,5.438779321,train,0
Clc1ccc([C@@]23CCC[C@@H]2CNC3)cc1Cl,5.277283833,train,0
Clc1ccc([C@]23CCCC[C@H]2CNC3)cc1Cl,5.188357979,train,0
Clc1ccc([C@]23CCC[C@H]2CNC3)cc1Cl,5.193752173,train,0
Clc1ccc2c(c1)CCc1nnc([C@H]3CC[C@H](Oc4ccccn4)CC3)n1-2,5.142607189,train,0
Clc1ccc2c(c1)N=C(N1CCNCC1)c1ccccc1N2,5.348779666,train,0
Clc1cccc(OC(c2ccccc2)C2CCNCC2)c1Cl,6.021819483,train,0
Clc1cccc(OC(c2cccnc2)C2CCNCC2)c1Cl,5.495449892,train,0
Clc1cccc(OC(c2cccnc2)[C@@H]2CCCNC2)c1Cl,5.179732843,train,0
Clc1ccccc1C(c1ccccc1)(c1ccccc1)n1ccnc1,5.519856463,train,0
Clc1cnc2nc(N3CCN4CCC3CC4)oc2c1,5.481354476,train,0
Clc1cnc2oc(N3CCN4CCC3CC4)nc2c1,5.657379957,train,0
Clc1nccc2c3cnc(Nc4ccc(N5CCNCC5)cn4)nc3n(C3CCCC3)c12,5.698752911,train,0
Cn1c(-c2ccc(OC3CCN(C4CCC4)CC3)cc2)nc2c(C(F)(F)F)cccc2c1=O,6.454692884,train,0
Cn1c(-c2ccc(OC3CCN(C4CCC4)CC3)cc2)nc2c(Cl)cccc2c1=O,5.958212681,train,0
Cn1c(-c2ccc(OC3CCN(C4CCC4)CC3)cc2)nc2c(F)cccc2c1=O,5.102317938,train,0
Cn1c(-c2ccc(OC3CCN(C4CCC4)CC3)cc2)nc2ccccc2c1=O,5.251734427,train,0
Cn1c(-c2ccc(OC3CCN(C4CCCC4)CC3)cc2)nc2ccccc2c1=O,5.537452271,train,0
Cn1c(=O)c2c(c(C#N)c(N3CCC[C@H](N)C3)n2Cc2ccccc2)n(C)c1=O,5.366430557,train,0
Cn1c(=O)c2c(nc(N3CCC[C@@H](N)C3)n2Cc2ccccc2Cl)c2ccc(C#N)cc21,5.920456993,train,0
Cn1c(=O)n(Cc2nccc3ccccc23)c(=O)c2c1c(C#N)c(N1CCC[C@H](N)C1)n2Cc1ccccc1,5.552686891,train,0
Cn1c(C(N)=O)ccc1-c1cccc(OC(=O)NCCN2CCN(c3ccccc3)CC2)c1,5.191842534,train,0
Cn1c(SCCCN2CC[C@]3(C[C@@H]3c3ccc(C(F)(F)F)cc3)C2)nnc1C1CCN(C(N)=O)CC1,5.479869024,train,0
Cn1c(SCCCN2CC[C@]3(C[C@@H]3c3ccc(F)cc3)C2)nnc1-c1cccnc1,5.679791379,train,0
Cn1cc(-c2cc(F)cc(-n3ncc4cc(C(C)(C)C)cc(F)c4c3=O)c2CO)cc(NC(=O)[C@@H]2C[C@@H]2F)c1=O,5.795608668,train,0
Cn1cc(-c2ccc(F)c(C(F)(F)F)c2)nc1C1CCN(c2ncnc(N)c2-c2ccc(F)cc2)CC1,5.744486287,train,0
Cn1cc(-c2ccc(F)c(C(F)(F)F)c2)nc1C1CCN(c2ncnc(N)c2C#N)CC1,5.455807889,train,0
Cn1cc(-c2ccc(F)c(C(F)(F)F)c2)nc1C1CCN(c2ncnc(N)c2C(N)=O)CC1,5.721017883,train,0
Cn1cc(-c2ccc(OC3CCN(C(=O)Cc4ccc(OC(F)(F)F)cc4)CC3)c(C(N)=O)c2)cn1,5.346690987,train,0
Cn1cc(-c2ccc(OC3CCN(C(=O)Cc4ccc(OC(F)(F)F)cc4)CC3)c(C(N)=O)n2)cn1,5.275642196,train,0
Cn1cc(-c2ccc(OC3CCN(C(=O)Nc4ccc(OC(F)(F)F)cc4)CC3)c(C(N)=O)c2)cn1,5.42010213,train,0
Cn1cc(-c2ccc(O[C@@H]3CCN(C(=O)Cc4ccc(OC(F)(F)F)cc4)C3)c(C(N)=O)n2)cn1,5.167427225,train,0
Cn1cc(-c2ccc3c(c2)[nH]c2c(C(N)=O)ccc(NC4CCCCC4)c23)cn1,6.2069084,train,0
Cn1cc(-c2ccc3c(c2)[nH]c2c(C(N)=O)cnc(NC(C4CC4)C4CC4)c23)cn1,5.769295686,train,0
Cn1cc(-c2ccc3c(c2)[nH]c2c(C(N)=O)cnc(N[C@H](C4CC4)C(F)(F)F)c23)cn1,5.468393368,train,0
Cn1cc(-c2ccnc(-n3ncc4cc(C(C)(C)C)cc(F)c4c3=O)c2CO)cc(NC(=O)[C@@H]2C[C@@H]2F)c1=O,5.885722703,train,0
Cn1cc(-c2ccnc(C3COCCN3)c2)c(-c2ccc(F)cc2)n1,5.35349825,train,0
Cn1cc(-c2cnc(Nc3cnc(C#N)cn3)cc2NC[C@H]2CNCCO2)cn1,5.065451052,train,0
Cn1cc(-c2nc3c(-c4ccc(CN5CCc6cc(C(C)(C)C)ccc6C5=O)c(F)c4)ccnc3[nH]2)cn1,5.584859648,train,0
Cn1cc(-c2nc3c(-c4ccc5c(c4)CCC[C@H]5NC(=O)c4nc(C(C)(C)C)no4)ccnc3[nH]2)cn1,5.20059052,train,0
Cn1cc(NC(=O)c2cccc(-c3ccnc(NCC4CC4)c3)c2)c(C(N)=O)n1,5.214598975,train,0
Cn1cc(NC(=O)c2cccc(-c3ccnc(NCC4CC4)c3)n2)c(C(N)=O)n1,5.537452271,train,0
Cn1cc(NC(=O)c2ccnc(-c3ccnc(NCC4CC4)c3)n2)c(C(N)=O)n1,5.721017883,train,0
Cn1cc(NC(=O)c2cncc(-c3ccnc(NCC4CC4)c3)c2)c(C(N)=O)n1,5.283913146,train,0
Cn1cc(Nc2nc(N)nc(-c3cccc(-n4ccc5cc(C6CC6)cc(F)c5c4=O)c3CO)n2)cc1C#N,5.584859648,train,0
Cn1cc([C@@]2(c3cccc(C(=O)O)n3)N[C@@H](c3nc(-c4ccc(F)cc4)c[nH]3)Cc3c2[nH]c2ccccc32)cn1,5.060281118,train,0
Cn1cc([C@H]2C[C@H]3CSC(N)=N[C@@]3(c3ccc(F)cc3F)CO2)cn1,5.309715297,train,0
Cn1cc2c(OCC3CCN(CCc4ccc(C(=O)O)cc4)CC3)nc3ccccc3c2c1,5.00169706,train,0
Cn1ccc(Cn2cc(-c3ccc(Cl)c(C(F)(F)F)c3)cn2)n1,5.459545386,train,0
Cn1ccc(Cn2cc(-c3ccc(Cl)c(OC(F)F)c3)cn2)n1,5.092534893,train,0
Cn1ccc2c(-c3nc4c(-n5cc(N[C@@H]6CCOC[C@@H]6N)cn5)ccnc4[nH]3)cccc21,5.036164969,train,0
Cn1ccc2cc(C3(Cc4ccccc4)CCNC3)ccc21,5.154839922,train,0
Cn1ccc2ccc(OCCCN3CCC(c4noc5cc(F)ccc45)CC3)cc2c1=O,6.222573178,train,0
Cn1cccc1CNC(=O)CC1CCN(Cc2ccn(-c3ccc(C(F)(F)F)cc3)c2)CC1,5.61960784,train,0
Cn1cnc(-c2ccc(OC3CCN(C(=O)Cc4ccc(OC(F)(F)F)cc4)CC3)c(C(N)=O)c2)c1,5.022230682,train,0
Cn1cnc(-c2cnc(N)c(O[C@H]3CN(C(=O)Cc4ccc(OC(F)(F)F)cc4)CC3(F)F)c2)c1,5.113452877,train,0
Cn1cnc(-c2cnc(OC3CCN(C(=O)Cc4ccc(OC(F)(F)F)cc4)CC3)c(C(N)=O)c2)c1,5.346690987,train,0
Cn1cnc(-c2cnc(O[C@@H]3CCN(C(=O)Cc4ccc(OC(F)(F)F)cc4)C[C@@H]3F)c(C(N)=O)c2)c1,5.045709238,train,0
Cn1cnc(-c2cnc(O[C@@H]3CCN(C(=O)Cc4ccc(OC(F)(F)F)cc4)C[C@H]3F)c(C(N)=O)c2)c1,5.154839922,train,0
Cn1cnc(C(=O)N(Cc2ccc(F)c(C(F)(F)F)c2)[C@@H]2C[C@@H]3CNC[C@@H]3C2)c1,5.363411816,train,0
Cn1cnc(C(=O)N(Cc2cccc(OC(F)(F)F)c2)C[C@@H]2[C@H]3CN(CC4CC4)C[C@H]32)c1,6.274905479,train,0
Cn1cnc(C(=O)N(Cc2cccc(OC(F)(F)F)c2)C[C@@H]2[C@H]3CN(CC4CCCC4)C[C@H]32)c1,6.336299075,train,0
Cn1cncc1-c1nc(NCc2ccccn2)c2c(-c3ccccc3)cccc2n1,5.568475416,train,0
Cn1nc(C(=O)N2CCC(Oc3ccc(CN4CCCC4)cc3)CC2)cc1-c1ccccc1,5.130709596,train,0
Cn1nc(N2CCC3(CCN(C[C@H](O)c4ccc(-n5cnnn5)nn4)CC3)C2=O)ccc1=O,5.508498234,train,0
Cn1ncc(C(=O)Nc2cncc(-c3cc(Cl)cc(Cl)c3)c2N2CCC(N)CC2)c1C(F)(F)F,5.136617652,train,0
Cn1ncc(NC(=O)c2nc(-c3c(F)cccc3F)sc2N)c1N1CC[C@@H](N)[C@H](F)CC1,5.568475416,train,0
FC(CCN1CCc2ccccc2CC1)Cc1ccccc1,5.926648298,train,0
FC(F)(F)Oc1ccc(Oc2ccc(CN3CCC4(CCCCO4)CC3)cc2)cc1,5.601886308,train,0
FC(F)(F)Oc1ccc(Oc2ccc(N3CCC4(CC3)OCCc3sccc34)cc2)cc1,5.823619308,train,0
FC(F)(F)Oc1cccc(-n2nnc3cc(Cl)c(NCC4CCNCC4)nc32)c1,6.398907391,train,0
FC(F)(F)Oc1cccc(Nc2nnc3n2CCOc2ccc(-c4ccncc4)cc2-3)c1,6.217527376,train,0
FC(F)(F)c1c(OC[C@H]2C[C@@H]2c2ccc(Cl)cc2)ccn2c(CC3CC3)nnc12,6.419075024,train,0
FC(F)(F)c1cc(COCC2(c3ccccc3)CCNCC2)nc(C2CC2)c1,5.259558355,train,0
FC(F)(F)c1cc(COCC2(c3ccccc3)CCNCC2)nc(N2CCCC2)c1,5.638083381,train,0
FC(F)(F)c1cc(Cl)cc(COCC2(c3ccccc3)CCNCC2)c1,5.142607189,train,0
FC(F)(F)c1ccc(C2=CC3(CCNCC3)Oc3ccccc32)cc1,6.420216403,train,0
FC(F)(F)c1cccc(Nc2cc3[nH]c(Nc4ccc(N5CCOCC5)cn4)nc3cn2)c1,6.300162274,train,0
FC(F)(F)c1cccc(Nc2nnc3n2CCOc2ccc(-c4ccncc4)cc2-3)c1,6.253365801,train,0
FC(F)Oc1cc(-c2cnn(Cc3cc[nH]n3)c2)ccc1Cl,5.019496682,train,0
FC(F)Oc1ccc(-c2nnc3cncc(OCCC45C6C7C8C6C4C8C75)n23)cc1,5.370488466,train,0
FC(F)Oc1ccc(-c2nnc3cncc(OCCc4ccccc4)n23)cc1,5.130123187,train,0
FC(F)c1cc(-c2cnn(Cc3cc[nH]n3)c2)ccc1Cl,5.32321497,train,0
FCC[C@@H]1Cc2ccccc2C2(CCC(N3CCN(C4CCCCC4)CC3)CC2)O1,5.581532979,train,0
Fc1cc(-c2cc3sc(N4CCC(N5CCCCC5)CC4)nc3cn2)ccn1,5.753080623,train,0
Fc1cc(-c2cnc3nc(N4CCC(N5CCCCC5)CC4)sc3c2)ccn1,6.688076691,train,0
Fc1cc(C(CC2CNC2)Oc2ccccc2F)ccc1Cl,5.850472986,train,0
Fc1cc(F)c(F)c(-c2ccc(N[C@H]3C[C@@H]4CN(CC5CCOCC5)C[C@@H]4C3)nn2)c1,6.364516253,train,0
Fc1cc2ncn([C@H]3C[C@@H]4[C@@H](CNC(c5ccc(Cl)cc5)C(F)(F)F)[C@@H]4C3)c2cc1F,6.336299075,train,0
Fc1ccc(-c2cc3sc(N4CCC(N5CCCCC5)CC4)nc3cn2)cn1,5.017329038,train,0
Fc1ccc(-c2cnc3nc(N4CCC(N5CCCCC5)CC4)sc3c2)cn1,6.508246217,train,0
Fc1ccc(-c2nc(C3CCNCC3)sc2-c2ccnc(NCc3ccncc3)n2)cc1,5.823619308,train,0
Fc1ccc(-c2nc(C3CCNCC3)sc2-c2ccnc(Nc3ccncn3)n2)cc1,6.221125528,train,0
Fc1ccc(-c2nc(C3CCNCC3)sc2-c2ccnc(Nc3nncs3)n2)cc1,5.601886308,train,0
Fc1ccc(-c2nc(N3CCCC3)sc2-c2ccnc(Nc3ccc(N4CCNCC4)cc3)n2)cc1,5.251734427,train,0
Fc1ccc(-c2nc(N3CCOCC3)sc2-c2ccnc(Nc3ccc(N4CCNCC4)cc3)n2)cc1,5.267525823,train,0
Fc1ccc(-c2nc3c(N4CCNCC4)nccc3[nH]2)cc1F,5.468393368,train,0
Fc1ccc(-c2noc(C3CCN(c4cnc5ccc(Cl)cc5c4)CC3)n2)c(Cl)c1,6.300162274,train,0
Fc1ccc(-n2cc(NCCN3CCCCC3)nn2)cc1F,5.657379957,train,0
Fc1ccc(C(Cc2ccccc2OC(F)(F)F)N2CCNCC2)cc1,5.094150173,train,0
Fc1ccc(C(Cc2ccccc2OC(F)F)N2CCNCC2)cc1,5.039957544,train,0
Fc1ccc(C(OC2CC3CCC(C2)N3CCN2CCCCC2)c2ccc(F)cc2)cc1,5.28810845,train,0
Fc1ccc(C2(c3ccc(F)cc3)CNC(c3cnccn3)=N2)cc1,5.468393368,train,0
Fc1ccc(CC(c2cccnc2)c2cccnc2)c(-c2cccc(C(F)(F)F)c2)c1,5.65150043,train,0
Fc1ccc(CC2(c3ccc4[nH]ccc4c3)CCNC2)cc1,5.045709238,train,0
Fc1ccc(Cn2c([C@H]3CNCCO3)nc3ccccc32)cc1,5.468393368,train,0
Fc1ccc(Cn2c([C@H]3CNCCS3)nc3ccccc32)cc1,6.045275209,train,0
Fc1ccc(OCc2cc(OCC3(F)COC3)nc(-c3ccccn3)n2)c(F)c1F,5.199931411,train,0
Fc1ccc2c(C3CCN(CCCOc4ccc(-c5nc6ccccc6o5)cc4)CC3)noc2c1,5.424696667,train,0
Fc1ccc2c(C3CCN(CCCOc4ccc(CCN5CCCCC5)cc4)CC3)noc2c1,5.639936999,train,0
Fc1ccc2c(C3CCN(CCCOc4ccc(CCN5CCOCC5)cc4)CC3)noc2c1,5.617784777,train,0
Fc1ccc2c(C3CCN(CCCOc4ccc(CCc5nc6ccccc6o5)cc4)CC3)noc2c1,6.199970641,train,0
Fc1ccc2c(C3CCN(CCCOc4ccc(Cc5nc6ccccc6o5)cc4)CC3)noc2c1,5.223226198,train,0
Fc1cccc(-n2cc(NCCN3CCCCC3)nn2)c1,5.283913146,train,0
Fc1cccc(C(Cc2ccccc2OC(F)(F)F)N2CCNCC2)c1,5.213887716,train,0
Fc1cccc(C(Cc2ccccc2OC(F)F)N2CCNCC2)c1,5.084020086,train,0
Fc1cccc(F)c1-c1ccc2[nH]nc(-c3cncc(O[C@H]4CNCCC45CC5)n3)c2c1,5.431680915,train,0
Fc1cccc(OC(CC2CNC2)c2ccc(Cl)c(F)c2)c1,5.835349784,train,0
Fc1ccccc1-c1ccc2oc(N3CCN4CCC3CC4)nc2n1,5.552686891,train,0
Fc1ccccc1-c1nc2ccn(Cc3cc(-c4ccc(C(F)(F)F)cc4C(F)(F)F)no3)cc-2n1,6.099452636,train,0
Fc1ccccc1-c1nc2ccn(Cc3ccc(-c4ccc(C(F)(F)F)cc4C(F)(F)F)nn3)cc-2n1,6.099452636,train,0
Fc1ccccc1C(Cc1ccccc1OC(F)(F)F)N1CCNCC1,5.68803434,train,0
Fc1ccccc1C(Cc1ccccc1OC(F)F)N1CCNCC1,5.187019834,train,0
Fc1cccnc1-c1ccc2[nH]nc(-c3cncc(O[C@H]4CNCCC45CC5)n3)c2c1,5.522734005,train,0
Fc1cnc2nc(N3CCN4CCC3CC4)oc2c1,5.060430831,train,0
Fc1nccc2c3cnc(Nc4ccc(N5CCNCC5)cn4)nc3n(C3CCCC3)c12,6.142064735,train,0
Fc1ncccc1-c1cc2sc(N3CCC(N4CCCCC4)CC3)nc2cn1,5.864981903,train,0
Fc1ncccc1-c1cnc2nc(N3CCC(N4CCCCC4)CC3)sc2c1,5.575244098,train,0
N#CC1(CNC(=O)c2cc(Cl)cc(Cl)c2)CCN(CCc2ccccc2)CC1,6.442492798,train,0
N#CC1(NC(=O)[C@@H]2CCCC[C@H]2C(=O)N2CCN(c3nc4ccccc4s3)CC2)CC1,5.099945457,train,0
N#CC1(c2ccccc2)CCN(Cc2cc(C(=O)N[C@H]3CCCC[C@@H]3O)c(=O)n3ccccc23)CC1,5.292344676,train,0
N#CC=C1CCN(c2ccc(N3C[C@H](Cn4cc(F)nn4)OC3=O)cc2F)CC1,5.625068446,train,0
N#Cc1c(-c2ccccc2)cc(-c2ccccc2)nc1/N=C1\S/C(=C2\SC(C(=O)Nc3ccccc3)=NN2c2ccccc2)C(=O)N1c1ccccc1,5.468393368,train,0
N#Cc1c(-c2ccccc2)cc(-c2ccccc2)nc1/N=C1\S/C(=C2\SC(c3ccccc3)=NN2c2ccccc2)C(=O)N1c1ccccc1,5.601886308,train,0
N#Cc1c(-c2ccccc2)cc(-c2ccccc2)nc1/N=c1\sc(-c2ccccc2)nn1-c1ccccc1,5.119129267,train,0
N#Cc1c(-c2ccccc2)cc(-c2ccccc2)nc1/N=c1\sc(C(=O)Nc2ccccc2)nn1-c1ccccc1,5.075669015,train,0
N#Cc1c(-c2ccccc2)cc(-c2ccccc2)nc1/N=c1\scc(-c2ccccc2)n1-c1ccccc1,5.167427225,train,0
N#Cc1c(N)ncnc1N1CCC(c2nc(-c3ccc(F)c(C(F)(F)F)c3)cn2CCN2CCC2)CC1,6.154281982,train,0
N#Cc1c[nH]c(C(=O)Nc2ccc(C3CCN(Cc4ccccn4)CC3)cc2C2=CCCCC2)n1,5.113452877,train,0
N#Cc1cc(-c2cnc3nc(N4CCC(N5CCCCC5)CC4)sc3c2)ccc1F,6.991357252,train,0
N#Cc1cc(N2CCN(CCN3CCC(C(F)(F)F)CC3)C2=O)ccc1F,5.199931411,train,0
N#Cc1cc(NC(=O)COc2ccc(C(=O)c3cc(Cl)ccc3Br)cc2)ccc1F,7.151810883,train,0
N#Cc1cc2cc(C3(Cc4ccccc4)CCNC3)ccc2[nH]1,5.853561865,train,0
N#Cc1ccc(-c2ccc(C[C@@H](C#N)NC(=O)C3(N)CCCCC3)cc2)cc1,5.045709238,train,0
N#Cc1ccc(-c2ccc(C[C@@H](C#N)NC(=O)[C@@H]3CCCCC[C@@H]3N)cc2)cc1,5.443576879,train,0
N#Cc1ccc(-c2ccc(C[C@@H](C#N)NC(=O)[C@@H]3CCCCN3)cc2)cc1,5.853561865,train,0
N#Cc1ccc(-c2ccc(C[C@@H](C#N)NC(=O)[C@@H]3CCCC[C@@H]3N)cc2)cc1,5.267525823,train,0
N#Cc1ccc(-c2cccc(F)c2)c(C(=O)N2Cc3cn(-c4cncc(F)c4)nc3C2)c1,5.055467979,train,0
N#Cc1ccc(-c2cnc3nc(N4CCC(N5CCCCC5)CC4)sc3c2)cc1,5.953852254,train,0
N#Cc1ccc(-c2noc(-c3cc(F)cc(C#N)c3)n2)nc1,5.197157887,train,0
N#Cc1ccc(C(=O)N2CCC(c3ccc(C(=O)NC(=N)N)cc3C(F)(F)F)CC2)cc1,5.397831449,train,0
N#Cc1ccc(C(=O)N2CCC3(CC2)N=C(N)c2c(F)ccc(F)c2N3)cn1,6.995678626,train,0
N#Cc1ccc(C(=O)Nc2ccc3c(c2)C2(COC(N)=N2)C2(CC2)CO3)nc1,5.437588167,train,0
N#Cc1ccc(CN2CCN(c3ccc4nnc(C(F)(F)F)n4n3)CC2)cc1,5.649806272,train,0
N#Cc1ccc(COc2ccc([C@H]3CC[C@@H](C(N)=O)N3)cc2)cc1,5.099945457,train,0
N#Cc1ccc(C[C@@H](C(=O)O)N2CCC(CN3CCC(Oc4ccc(Cl)c(Cl)c4)CC3)CC2)cc1,5.299913558,train,0
N#Cc1ccc(Cn2ccc(NC(=O)Cc3ccc(C4(C(F)(F)F)CC4)cc3)n2)nc1,5.259558355,train,0
N#Cc1ccc(N2C3CCC2CN(C(=O)CCS(=O)(=O)c2cccc4ncsc24)C3)nc1,5.251734427,train,0
N#Cc1ccc(N2CCC(Nc3cc(Nc4ccccn4)ncc3C(N)=O)CC2)nc1,6.442492798,train,0
N#Cc1ccc(N2CCC(Nc3cc(Nc4cnccn4)ncc3C(N)=O)CC2)nc1,5.113452877,train,0
N#Cc1ccc(N2CCN(Cc3cc(C(=O)N[C@H]4CCCC[C@@H]4O)c(=O)n4ccccc34)CC2)cc1,6.407823243,train,0
N#Cc1ccc(N2CCN(Cc3cc(C(=O)O)c(=O)n4ccccc34)CC2)cc1,5.130709596,train,0
N#Cc1ccc(N2N=C(c3ccc4[nH]c(=O)oc4c3)C[C@@H]2c2ccc(F)cc2)cc1,7.522878745,train,0
N#Cc1ccc(NC(=O)[C@H](CN2CC(O)C2)Oc2ncnc3c2cnn3-c2c(Cl)cccc2C#N)nc1,5.099945457,train,0
N#Cc1ccc(NC(=O)[C@H](CN2CC(O)C2)Oc2ncnc3c2cnn3-c2c(Cl)cccc2Cl)nc1,5.199931411,train,0
N#Cc1ccc(OC2CNC(C(=O)N3CCCN(C4CCCC4)CC3)C2)cc1,5.537452271,train,0
N#Cc1ccc(OCC2(O)CN(S(=O)(=O)c3ccc(Cl)cc3Cl)C2)cc1F,5.014528617,train,0
N#Cc1ccc(OCCCN2CC3CN(CCNS(=O)(=O)c4ccc(F)cc4F)CC(C2)O3)cc1,5.489865351,train,0
N#Cc1ccc(O[C@@H]2CN[C@@H](C(=O)N3CCCN(C4CCCC4)CC3)C2)cc1,5.537452271,train,0
N#Cc1ccc(O[C@H]2CN(S(=O)(=O)c3ccc(Cl)cc3Cl)C[C@@]2(O)CN)cc1F,5.522734005,train,0
N#Cc1ccc(S(=O)(=O)N2C[C@H](S(=O)(=O)c3ccc(Cl)cc3)[C@](O)(CN)C2)c(Cl)c1,5.275642196,train,0
N#Cc1ccc(S(=O)(=O)N2C[C@H](S(=O)(=O)c3ccc(Cl)cn3)[C@@](O)(CN)C2)c(Cl)c1,5.09685573,train,0
N#Cc1ccc(S(=O)(=O)N2C[C@H](S(=O)(=O)c3ccc(Cl)cn3)[C@](O)(CN)C2)c(Cl)c1,5.09685573,train,0
N#Cc1ccc2[nH]c(C3CCN(CCn4c(=O)ccc5ncc(Oc6cccnc6)cc54)CC3)nc2c1,5.853561865,train,0
N#Cc1ccc2[nH]c([C@H]3CC[C@]4(CC3)CN(c3ccc(F)cc3)C(=O)O4)nc2c1,5.799726939,train,0
N#Cc1ccc2c(c1)CCN(CC[C@H]1CC[C@H](NC(=O)c3ccnc4ccccc34)CC1)C2,5.699782895,train,0
N#Cc1ccc2cc1Oc1cc(Cl)cc(c1)CN1CC[C@@H](NCc3cncn3C2)C1=O,6.655607726,train,0
N#Cc1ccc2cc1Oc1ccc(Br)c(c1)CN1CC[C@@H](NCc3cncn3C2)C1=O,5.337147767,train,0
N#Cc1ccc2cc1Oc1ccc3c(c1)[C@@H](CC3)N1CC[C@@H](NCc3cncn3C2)C1=O,7.091514981,train,0
N#Cc1ccc2cc1Oc1ccc3c(c1)[C@@H](CC3)N1CC[C@H](NCc3cncn3C2)C1=O,5.366430557,train,0
N#Cc1ccc2cc1Oc1ccc3c(c1)[C@@H](CCC3)N1CC[C@@H](NCc3cncn3C2)C1=O,5.154839922,train,0
N#Cc1ccc2cc1Oc1ccc3c(c1)[C@@H](CCO3)N1CC[C@@H](NCc3cncn3C2)C1=O,6.821023053,train,0
N#Cc1ccc2cc1Oc1ccc3c(c1)[C@@H](CCO3)N1CC[C@H](NCc3cncn3C2)C1=O,5.040911363,train,0
N#Cc1ccc2cc1Oc1ccc3c(c1)[C@H](CC3)N1CC[C@@H](NCc3cncn3C2)C1=O,5.327809749,train,0
N#Cc1ccc2cc1Oc1ccc3c(c1)[C@H](CC3)N1CC[C@H](NCc3cncn3C2)C1=O,5.568475416,train,0
N#Cc1ccc2cc1Oc1ccc3cccc(c3c1)N1CC[C@@H](NC(=O)Cc3cncn3C2)C1=O,5.004320939,train,0
N#Cc1ccc2cc1Oc1ccc3cccc(c3c1)N1CC[C@@H](NCCc3cncn3C2)C1=O,6.675717545,train,0
N#Cc1ccc2cc1Oc1ccc3cccc(c3c1)N1CC[C@@H](NCc3cncn3C2)C1=O,5.080869586,train,0
N#Cc1ccc2cc1Oc1ccc3cccc(c3c1)N1CC[C@H](NCCc3cncn3C2)C1=O,5.091461368,train,0
N#Cc1ccc2cc1Oc1cccc(c1)-c1ccccc1N1CC[C@@H](NCc3cncn3C2)C1=O,5.584859648,train,0
N#Cc1ccc2cc1Oc1cccc(c1)C(c1cccc(Cl)c1)N1CC[C@@H](NCc3cncn3C2)C1=O,6.677913693,train,0
N#Cc1ccc2cc1Oc1cccc(c1)C(c1ccccc1)N1CC[C@@H](NCc3cncn3C2)C1=O,6.015473619,train,0
N#Cc1ccc2cc1Oc1cccc(c1)CN1CC[C@@H](NCc3cncn3C2)C1=O,5.327809749,train,0
N#Cc1ccc2nn(CCCCN3CCN(c4cccc5sccc45)CC3)c(=O)n2c1,5.978397284,train,0
N#Cc1cccc(-c2cccc(Cl)c2CC(c2cccnc2)c2cccnc2)c1,5.591590422,train,0
N#Cc1cccc(NC(=O)COc2ccc(C(=O)c3cc(Cl)ccc3Br)cc2)c1,7.53313238,train,0
N#Cc1cccc(NC(=O)COc2ccc(C(=O)c3cc(Cl)ccc3Br)cc2)c1F,7.863279433,train,0
N#Cc1cccc(Oc2ccc(C(=O)N3CCCN(C4CCC4)CC3)cn2)c1,5.267525823,train,0
N#Cc1ccccc1Oc1ccc([C@H]2CC[C@@H](C(N)=O)N2)cc1,5.39989111,train,0
N#Cc1ccnc(C2=NC(c3ccc(F)cc3)(c3ccc(F)cc3)CN2)c1,6.991399828,train,0
N#Cc1ccnc(C2=NC(c3ccc(F)cc3)(c3ccc(F)cc3)[C@H](CO)N2)c1,5.214598975,train,0
N#Cc1cnc(Nc2cc(NC[C@@H]3CNCCO3)c(-c3cccc(F)c3)cn2)cn1,5.091461368,train,0
N#Cc1cnc(Nc2cc(NC[C@@H]3CNCCO3)c(C3CC3)cn2)cn1,5.180390267,train,0
N#Cc1cnc(Nc2cc(NC[C@H]3CNCCO3)c(-c3cccc(F)c3)cn2)cn1,5.055467979,train,0
N#Cc1cnc(Nc2cc(NC[C@H]3CNCCO3)c(C(F)(F)F)cn2)cn1,5.207538269,train,0
N#Cc1cnc(Nc2cc(NC[C@H]3CNCCO3)c(Cl)cn2)cn1,5.214598975,train,0
N#Cc1cncc(-c2cc3sc(N4CCC(N5CCCCC5)CC4)nc3cn2)c1,5.176025903,train,0
N#Cc1cncc(-c2cccc(C3(c4ccnc(C(F)(F)F)c4)N=C(N)c4c(F)cccc43)c2)c1,5.769295686,train,0
N#Cc1cncc(-c2cnc3nc(N4CCC(N5CCCCC5)CC4)sc3c2)c1,5.907644344,train,0
N#Cc1cnccc1COc1cnc(N2CCN(c3nc(C(F)(F)F)no3)CC2)nc1,5.199931411,train,0
N#Cc1cnccc1COc1cnc(N2CCN(c3noc(C(F)(F)F)n3)CC2)nc1,5.199931411,train,0
N#Cc1nc(CCCN2CCCCC2)cc(-c2cccc(C(F)(F)F)c2)n1,6.793174124,train,0
N/C(CC(O)c1cc2c(F)cc(F)cc2c2cc(C(F)(F)F)ccc12)=N\N=C\c1ccc(F)cc1,7.167491087,train,0
N=C(N)N/N=C/c1ccc(-c2cccc(/C=N/NC(=N)N)c2)cc1,5.331520897,train,0
N=C(N)NC(=O)c1nc(-c2cc3ccccc3o2)c(N)nc1N,5.161087973,train,0
N=C(N)NC(=O)c1nc(Cl)c(N2CCCCCC2)nc1N,5.481354476,train,0
N=C(N)NC[C@H](Oc1noc2ccc(-c3ccccc3Cl)cc12)c1ccccc1,5.022230682,train,0
N=C(NCCCOc1ccc(F)cc1)Nc1ccc(Cl)cc1,6.514531498,train,0
N=C(NCCCOc1ccc(F)cc1)Nc1ccc(I)cc1,6.958212681,train,0
N=C(Nc1ccc(I)cc1)NC12CC3CC(CC(C3)C1)C2,5.946270802,train,0
NC(=O)N1CCN(Cc2ccc3c(c2)Cc2c(-c4csc(C#CCOc5ccccc5)c4)n[nH]c2-3)CC1,5.270754193,train,0
NC(=O)Nc1ccc(F)cc1OC[C@@H](O)CN1CCC2(CC1)Cc1cc(Cl)ccc1O2,6.396855627,train,0
NC(=O)Nc1ccccc1OC[C@@H](O)CN1CCC2(CC1)Cc1cc(Cl)ccc1O2,6.396855627,train,0
NC(=O)[C@@H]1CC[C@@H](c2ccc(OCc3ccccc3F)cc2)N1,5.299913558,train,0
NC(=O)[C@@H]1CC[C@H](c2ccc(OCc3ccc(F)cc3)cc2)N1,5.099945457,train,0
NC(=O)[C@@H]1CC[C@H](c2ccc(OCc3cccc(F)c3)cc2)N1,5.499862364,train,0
NC(=O)[C@@H]1CC[C@H](c2ccc(OCc3ccccc3)cc2)N1,5.099945457,train,0
NC(=O)[C@@H]1CC[C@H](c2ccc(Oc3ccc(F)cc3)cc2)N1,5.299913558,train,0
NC(=O)[C@@H]1CC[C@H](c2ccc(Oc3cccc(F)c3)cc2)N1,5.099945457,train,0
NC(=O)[C@H]1CCC[C@@H](c2ccc(OCc3cccc(F)c3)cc2)N1,5.499862364,train,0
NC(=O)[C@H]1CC[C@H](c2ccc(OCc3ccccc3F)cc2)N1,5.199931411,train,0
NC(=O)c1cc(-c2ccccc2F)sc1Nc1cccc(CN2CCOCC2)n1,6.790484985,train,0
NC(=O)c1cc(Cl)c2cc(-c3cc4c(s3)CCNC4)cnn12,5.882397308,train,0
NC(=O)c1ccc(-c2ccc3[nH]nc(-c4cncc(O[C@H]5CNCCC56CC6)n4)c3c2)c(F)c1,5.958212681,train,0
NC(=O)c1ccc(N[C@@H]2CCCC[C@@H]2N)nc1Nc1cccc(-n2nccn2)c1,5.070529984,train,0
NC(=O)c1ccc(N[C@H]2CCCNC2)c2cc(-c3ccc(Cl)cc3)[nH]c12,5.387110231,train,0
NC(=O)c1ccc(N[C@H]2CCCNC2)c2cc(-c3ccc(F)cc3)[nH]c12,5.173860382,train,0
NC(=O)c1ccc(N[C@H]2CCCNC2)c2cc(-c3cccc(F)c3)[nH]c12,5.113452877,train,0
NC(=O)c1ccccc1OCCCN1CCN(c2cccc3c2ccn3S(=O)(=O)c2ccccc2)CC1,5.207538269,train,0
NC(=O)c1ccn(-c2cccc(OC(=O)NCCCN3CCN(c4ccccc4)CC3)c2)c1,5.452842991,train,0
NC(=O)c1ccn(-c2cccc(OC(=O)NCCN3CCN(c4ccccc4)CC3)c2)c1,5.277779916,train,0
NC(=O)c1cnc(-c2cnc3c(Nc4ccc(C(F)(F)F)cn4)ccnc3n2)c(C(F)(F)F)c1,5.229074385,train,0
NC(=O)c1cnc(N(CCc2ccccc2)[C@H]2CCCNC2)c2cc(-c3ccccc3)sc12,5.677573948,train,0
NC(=O)c1cnc(N2CCC[C@H](N)C2)nc1Nc1cccc(C(F)(F)F)c1,6.099452636,train,0
NC(=O)c1cnc(NC(C2CC2)C2CC2)c2c1[nH]c1cc(-c3cn[nH]c3)ccc12,6.003926346,train,0
NC(=O)c1cnc(NC(C2CC2)C2CC2)c2c1[nH]c1cc(-c3cnc(N)cn3)ccc12,6.142064735,train,0
NC(=O)c1cnc(NC(C2CC2)C2CC2)c2c1[nH]c1cc(-c3cnc(N)nc3)ccc12,5.086133188,train,0
NC(=O)c1cnc(N[C@@H]2CCCC[C@@H]2N)nc1Nc1cccc(-n2nccn2)c1,5.065451052,train,0
NC(=O)c1cnc(N[C@H](C2CC2)C(F)(F)F)c2c1[nH]c1cc(-c3ccc(N)nc3)ccc12,6.124360063,train,0
NC(=O)c1cnc(N[C@H](C2CC2)C(F)(F)F)c2c1[nH]c1cc(-c3cn[nH]c3)ccc12,5.522734005,train,0
NC(=O)c1cnc(O[C@H]2CCCNC2)c2cc(-c3ccccc3)sc12,5.42010213,train,0
NC(=O)c1cnc(SC2CCCNC2)c2cc(-c3ccccc3)sc12,5.309715297,train,0
NC(=O)c1cnc2c(Cl)cc(-c3cccnc3)cc2c1NC1CCOCC1,5.958212681,train,0
NC(=O)c1cnc2cc(Cl)c(-c3cccnc3)cc2c1NC1CCOCC1,5.920456993,train,0
NC(=O)c1cnc2cc(F)c(-c3cccnc3)cc2c1NC1CCOCC1,5.698752911,train,0
NC(=O)c1cnc2ccc(-c3cccnc3)cc2c1NC1CCCC1,6.243363892,train,0
NC(=O)c1cnc2ccc(-c3cccnc3)cc2c1NC1CCOCC1,5.677573948,train,0
NC(=O)c1cnc2ccc(-c3cccnc3)cc2c1NCC1CCCCC1,6.080398976,train,0
NC(=O)c1cnc2ccc(-c3cccnc3)cc2c1NCC1CCOCC1,5.638083381,train,0
NC(=O)c1cnc2ccc(-c3cccnc3)cc2c1SC1CCCC1,5.292344676,train,0
NC(=O)c1ncc(N[C@@H]2CCCC[C@@H]2N)cc1Nc1cccc(C(F)(F)F)n1,6.221125528,train,0
NC(=O)c1ncc(N[C@@H]2CCCC[C@@H]2N)nc1Nc1cccc2cc[nH]c12,5.091461368,train,0
NC(=O)c1nnc(N[C@@H]2CCCC[C@@H]2N)cc1Nc1ccc2c(n1)CCC2,5.099945457,train,0
NC(=O)c1nnc(N[C@@H]2CCCC[C@@H]2N)cc1Nc1cccc(C2CC2)n1,5.39989111,train,0
NC(=O)c1nnc(N[C@@H]2CCCC[C@@H]2N)nc1Nc1cccc(-n2nccn2)c1,5.431680915,train,0
NC(=O)c1nnc(N[C@@H]2CCCC[C@@H]2N)nc1Nc1cccc2[nH]ccc12,5.431680915,train,0
NC(=O)c1nnc(N[C@@H]2CCCC[C@@H]2N)nc1Nc1cccc2cc[nH]c12,5.300943145,train,0
NC1(C(=O)NC(Cc2ccccc2)c2ccc(Cl)cc2)CCN(c2ncnc3[nH]ccc23)CC1,5.455807889,train,0
NC1(C(=O)NC(c2ccc(Cl)cc2)C2CC2)CCN(c2ncnc3[nH]ccc23)CC1,5.584859648,train,0
NC1(C(=O)NC(c2ccccc2)c2ccc(Cl)cc2)CCN(c2ncnc3[nH]ccc23)CC1,5.795608668,train,0
NC1(C(=O)NCc2ccc(Cl)cc2)CCN(c2ncnc3[nH]ccc23)CC1,5.281000362,train,0
NC1=NC(c2cccc(-c3cncnc3)c2)(c2ccnc(C(F)(F)F)c2)c2ccccc21,5.259558355,train,0
NC1=NC(c2cccc(-c3cncnc3)c2)(c2ccnc(C(F)F)c2)c2cccc(F)c21,5.142607189,train,0
NC1=NC(c2cccc(-c3cncnc3)c2)(c2ccnc(C3CC3)c2)c2cccc(F)c21,5.455807889,train,0
NC1=NC(c2ccncc2)(c2cccc(-c3cncc(F)c3)c2)c2cccc(F)c21,5.795608668,train,0
NC1=NC(c2ccncc2)(c2cccc(-c3cncnc3)c2)c2cccc(F)c21,5.244048959,train,0
NC1=NC2(CO1)c1cc(-c3cc(Cl)cnc3F)ccc1OCC21CC1,5.487983031,train,0
NC1=NC2(CO1)c1cc(-c3cnc4[nH]cc(Cl)c4c3)ccc1OCC21CC1,5.35349825,train,0
NC1=NC2(CO1)c1cc(-c3cnc4[nH]ccc4c3)ccc1OCC21CC1,5.035221978,train,0
NC1=NC2(CO1)c1cc(-c3cncc(C4CC4)c3)ccc1OCC21CC1,5.458295977,train,0
NC1=NC2(CO1)c1cc(-c3cncc(Cl)c3)ccc1OCC21CC1,5.535957795,train,0
NC1=NC2(CO1)c1cc(-c3cncc(OC(F)F)c3)ccc1OCC21CC1,5.555799011,train,0
NC1=NC2(CO1)c1cc(-c3cncc(OCC(F)(F)C(F)F)c3)ccc1OCC21CC1,5.77702355,train,0
NC1=NC2(CO1)c1cc(-c3cncc(OCC(F)(F)F)c3)ccc1OCC21CC1,5.235749125,train,0
NC1=NC2(CO1)c1cc(-c3cncc(OCC(F)F)c3)ccc1OCC21CC1,5.161087973,train,0
NC1=NC2(CO1)c1cc(-c3cncc4ccccc34)ccc1OC1(CCC1)C21COC1,5.431680915,train,0
NC1=NC2(CO1)c1cc(-c3cncnc3)ccc1OC(Cc1ccccc1)C21COC1,5.111764327,train,0
NC1=NC2(CO1)c1cc(-c3cncnc3)ccc1OCC21CCC1,5.277283833,train,0
NC1=NC2(CO1)c1cc(Br)ccc1OC(Cc1ccccc1)C21COC1,5.10067205,train,0
NC1=NC2(CO1)c1cc(NC(=O)c3ccc(Cl)cn3)ccc1OCC21CC1,5.663340177,train,0
NC1=NC2(c3cc(-c4cncnc4)ccc3OCC23CC3)c2cccc(F)c21,5.371508895,train,0
NC1=N[C@@](c2cccc(-c3cncnc3)c2)(c2ccnc(C(F)F)c2)c2cccc(F)c21,5.318668294,train,0
NC1=N[C@@]2(CO1)c1cc(NC(=O)c3ccc(Cl)cn3)ccc1Oc1cnc(C3=CCCOC3)cc12,6.045275209,train,0
NC1=N[C@@]2(c3cc(CNCC(F)(F)F)c(F)cc3F)CO[C@@H](CF)C[C@H]2CS1,5.366430557,train,0
NC1=N[C@](c2ccnc(C(F)(F)F)c2)(c2ccc(F)c(-c3cncnc3)c2)c2cccc(F)c21,5.102317938,train,0
NC1=N[C@](c2ccncc2)(c2cccc(-c3cncnc3)c2)c2cccc(F)c21,5.508498234,train,0
NC1CCN(c2c(-c3cc(F)cc(Cl)c3)cncc2-c2nc3cc(F)ccc3[nH]2)CC1,5.309715297,train,0
NC1CCN(c2c(NC(=O)c3ccccc3)cncc2-c2cc(Cl)cc(Cl)c2)CC1,6.045275209,train,0
NC1CCN(c2c(NC(=O)c3cn4ccccc4n3)cncc2-c2cc(Cl)cc(Cl)c2)CC1,5.721017883,train,0
NCC1(c2cccc(-c3ccnc4[nH]nc(C(F)(F)F)c34)c2)CCC1,5.522734005,train,0
NCCC(Oc1ccc(C(F)(F)F)cc1)c1ccccc1,5.63981002,train,0
NCCCCN(C[C@H]1Cc2ccccc2CN1)[C@H]1CCCc2cccnc21,5.049586461,train,0
NCCCCn1cc(-c2ccc3cc[nH]c3c2)c(C(F)(F)F)n1,5.721017883,train,0
NCCCn1nnc(-c2ccc(Oc3ccc(Cl)cc3)cc2)n1,5.318668294,train,0
NCC[C@H]1Cc2ccccc2[C@@H](c2ccc(Cl)c(Cl)c2)C1,5.820735536,train,0
NCCn1nnc(-c2ccc(Oc3ccc(Cl)cc3)cc2)n1,5.070529984,train,0
NC[C@H](NC(=O)c1ccc(-c2cc(F)c(Cl)c(F)c2)[nH]1)c1nc(CO)cs1,6.045275209,train,0
NC[C@H](NC(=O)c1ccc(-c2ccc(C(F)(F)F)c(F)c2)[nH]1)c1nc(CO)cs1,5.522734005,train,0
NC[C@H](Oc1noc2ccc(-c3ccccc3Cl)nc12)c1ccccc1,5.443576879,train,0
NC[C@]1(c2cccc(Cl)c2)CC[C@H](N2CCc3c(nc(C(F)(F)F)nc3C3CC3)C2=O)CC1,6.583359493,train,0
NC[C@]1(c2cccc(Cl)c2)CC[C@H](n2nc(-c3cccnc3)ccc2=O)CC1,5.356448631,train,0
NCc1ccc(-n2cc(-c3ccc4cc[nH]c4c3)c(C(F)(F)F)n2)cc1,5.397831449,train,0
NCc1ccc(C(=O)N2C[C@@H](n3cc(C4CC4)nn3)C[C@H]2C(=O)NCC(c2ccccc2)c2ccccc2)cc1,6.300162274,train,0
NCc1ccc(F)c(C2CCN(C(=O)c3cccc(-c4nc(-c5cccs5)no4)c3)CC2)c1,6.096367484,train,0
N[C@@H](C(=O)N1CC(CNc2ccc(F)cc2)C2(C1)CN(c1cc(F)cc(F)c1)C2)c1ccc(O)cc1,5.795608668,train,0
N[C@@H]1CCN(c2ccc(Cl)c(Cl)c2)c2ccccc21,5.455807889,train,0
N[C@H](C(=O)N1CC(c2cc(F)ccc2F)=C[C@H]1c1cccc(O)c1)C1CC1,5.251734427,train,0
N[C@H](C(=O)N1CC(c2cc(F)ccc2F)=C[C@H]1c1ccccc1)C1CC1,5.321413862,train,0
N[C@H](COc1cccc2c1NC(=O)CO2)CN1CCC2(CC1)Cc1cc(F)ccc1O2,5.958212681,train,0
N[C@H](COc1cccc2ccc(=O)[nH]c12)CN1CCC2(CC1)Cc1cc(F)ccc1O2,5.920456993,train,0
N[C@H]1CCCN(c2ccncc2Nc2ncc3ccc(-c4c(F)cccc4F)nn23)C1,5.443576879,train,0
N[C@H]1CCCN(c2ccncc2Nc2ncc3ccc(-c4ncccc4F)nn23)C1,5.552686891,train,0
N[C@H]1C[C@@H](N2Cc3cnc(C(F)(F)F)nc3C2)CC[C@@H]1c1cc(F)c(F)cc1F,5.318668294,train,0
N[C@H]1C[C@@H](N2Cc3cnc4nnc(C5CC5)n4c3C2)CC[C@@H]1c1cc(F)c(F)cc1F,6.221125528,train,0
Nc1cc(-c2cn(-c3ccccc3)c3cnccc23)ccn1,6.228412519,train,0
Nc1cc(F)c(S(=O)(=O)N2CCC(O)CC2)cc1C(=O)Nc1cc(F)c(F)c(F)c1,5.056456023,train,0
Nc1ccc(-c2cccs2)cc1N,5.795608668,train,0
Nc1ccc(-c2ccsc2)cc1N,5.823619308,train,0
Nc1ccc(-c2cnc(N)c(-c3ccc(Cl)cc3)c2)cn1,5.744486287,train,0
Nc1ccc(-c2nnc(C3CCN(Cc4ccc(-c5nc6nc(N7CCN(CCO)CC7)ncc6cc5-c5ccccc5)cc4)CC3)[nH]2)cn1,5.130709596,train,0
Nc1cncc(Nc2ccc(Oc3ccc(OC(F)(F)F)cc3)cc2)n1,5.070529984,train,0
Nc1n[nH]c(N2CCC(N(CCO)CCc3ccc(Cl)cc3)CC2)n1,5.20059052,train,0
Nc1n[nH]c(N2CCC(N(CCc3ccc(Cl)cc3)C3COC3)CC2)n1,5.356448631,train,0
Nc1n[nH]c(N2CCC(N(CCc3ccc(Cl)cc3)CC(=O)O)CC2)n1,5.09685573,train,0
Nc1n[nH]c(N2CCC(N(CCc3ccc(Cl)cc3)Cc3ccccc3Cl)CC2)n1,5.698752911,train,0
Nc1n[nH]c(N2CCC(N3CCCC[C@@H]3Cc3ccc(Cl)cc3)CC2)n1,5.080869586,train,0
Nc1n[nH]c(N2CCC(N3CCC[C@@H]3Cc3ccc(Cl)cc3)CC2)n1,5.397831449,train,0
Nc1n[nH]c2cccc(C#Cc3cccc(NC(=O)c4ccc(N5CCOCC5)c(C(F)(F)F)c4)c3)c12,5.467755356,train,0
Nc1nc(C2CC2)cn1CC(O)c1ccc(Cl)cc1Cl,5.346690987,train,0
Nc1nc(N2CCC(N(CCc3ccc(Cl)cc3)Cc3cc(F)ccc3F)CC2)n[nH]1,5.468393368,train,0
Nc1nc(N2CCC(N(CCc3ccc(Cl)cc3)Cc3ccc(Cl)cc3)CC2)n[nH]1,6.396855627,train,0
Nc1nc(N2CCC(N(CCc3ccc(Cl)cc3)Cc3ccc(F)cc3Cl)CC2)n[nH]1,5.397831449,train,0
Nc1nc(N2CCC(N(CCc3ccc(Cl)cc3)Cc3cccc(C(F)(F)F)c3)CC2)n[nH]1,5.568475416,train,0
Nc1nc(N2CCC(N(CCc3ccc(Cl)cc3)Cc3cccc(Cl)c3)CC2)n[nH]1,5.431680915,train,0
Nc1nc(N2CCC(N(CCc3ccc(Cl)cc3)Cc3cccc(O)c3)CC2)n[nH]1,6.821023053,train,0
Nc1nc(N2CCC(N(CCc3ccc(Cl)cc3)Cc3ccccc3O)CC2)n[nH]1,6.995678626,train,0
Nc1nc(N2CCC(N(CCc3ccc(Cl)cc3)Cc3ccncc3Cl)CC2)n[nH]1,5.193752173,train,0
Nc1nc(N2CCC(N(Cc3ccccc3)[C@H](CO)Cc3ccc(Cl)cc3)CC2)n[nH]1,5.537452271,train,0
Nc1nc(N2CCC(N)CC2)c2sc(-c3ccc(C(F)(F)F)cc3)cc2n1,5.214598975,train,0
Nc1nc(N2CCC(N3Cc4cc(Cl)cc(Cl)c4OC[C@@H]3Cc3ccc(Cl)cc3)CC2)n[nH]1,5.221776373,train,0
Nc1nc(N2CCC(N3Cc4cc(Cl)ccc4OC[C@@H]3Cc3ccc(Cl)cc3)CC2)n[nH]1,5.173860382,train,0
Nc1nc(N2CCC(N3Cc4cc(F)ccc4OC[C@@H]3Cc3ccc(Cl)cc3)CC2)n[nH]1,5.173860382,train,0
Nc1nc(NC2CCNC2)c2sc(-c3ccc(C(F)(F)F)cc3)cc2n1,5.61960784,train,0
Nc1nc(NC2CCNCC2)c2sc(-c3ccc(C(F)(F)F)cc3)cc2n1,6.045275209,train,0
Nc1nc(NC2CCOCC2)c2sc(-c3ccc(C(F)(F)F)cc3)cc2n1,6.154281982,train,0
Nc1nc(NCc2cc(C3CC3)on2)c2c(ccn2Cc2ccccn2)n1,6.696803943,train,0
Nc1nc(Nc2cnn(C3CC3)c2)nc(-c2cccc(-n3ccc4cc(C5CC5)cc(F)c4c3=O)c2CO)n1,5.022230682,train,0
Nc1nc2c(C(=O)N[C@@H]3CN4CCC3CC4)cc(Cl)cc2o1,5.318668294,train,0
Nc1nc2c(s1)CC[C@H]2C(=O)Nc1ccc(C[C@@H]2CC[C@H]([C@H](O)c3ccc(F)cc3)N2)cc1,5.251734427,train,0
Nc1nc2c(s1)CC[C@H]2C(=O)Nc1ccc(C[C@@H]2CC[C@H]([C@H](O)c3cccc(Cl)c3)N2)cc1,5.823619308,train,0
Nc1nc2c(s1)CC[C@H]2C(=O)Nc1ccc(C[C@@H]2CC[C@H]([C@H](O)c3cccc(F)c3)N2)cc1,5.397831449,train,0
Nc1nc2cc3c(cc2s1)CCN(Cc1ccc(F)cc1)CC3,5.443576879,train,0
Nc1nc2cc3c(cc2s1)CCN(Cc1cccc(F)c1)CC3,5.167427225,train,0
Nc1nc2cc3c(cc2s1)CCN(Cc1ccccc1)CC3,5.107849722,train,0
Nc1nc2ccc(NCC(F)(F)F)nc2n1CC(O)c1ccc(Cl)cc1Cl,5.455807889,train,0
Nc1ncc(-c2ccc(C(=O)N3CCNCC3)cc2)cc1-c1ccc(C(F)(F)F)cc1,5.259558355,train,0
Nc1ncc(-c2ccc(C(=O)N3CCOCC3)cc2)cc1-c1ccc(C(F)(F)F)cc1,5.522734005,train,0
Nc1ncc(-c2cnn(CCO)c2)c2scc(-c3ccc(NC(=O)Nc4cccc(F)c4)cc3)c12,5.999565923,train,0
Nc1nccn2c([C@@H]3CCCN(C4CCOCC4)C3)nc(-c3ccc(C(=O)Nc4cc(C(F)(F)F)ccn4)cc3F)c12,6.995678626,train,0
Nc1nccn2c([C@H]3CN(C4CCOCC4)CCO3)nc(-c3ccc(C(=O)Nc4cc(C(F)(F)F)ccn4)cc3F)c12,5.337147767,train,0
Nc1ncnc(N2CCC(c3nc(-c4ccc(F)c(C(F)(F)F)c4)cn3CCN3CCC3)CC2)c1-c1ccc(F)cc1,5.885722703,train,0
Nc1ncnc(N2CCC(c3nc(-c4ccc(F)c(C(F)(F)F)c4)cn3CCN3CCC3)CC2)c1C1CCC1,5.885722703,train,0
Nc1ncnc(N2CCC(c3nc(-c4ccc(F)c(C(F)(F)F)c4)cn3CCN3CCC3)CC2)c1Cl,5.721017883,train,0
Nc1ncnc(N2CCC(c3nc(-c4ccc(F)c(C(F)(F)F)c4)cn3CCN3CCCC3)CC2)c1-c1ccc(F)cc1,5.823619308,train,0
Nc1ncnc(Nc2ccc(Oc3ccc(Cl)cc3)cc2)n1,5.823619308,train,0
Nc1ncnc2c1c(-c1ccc3cc[nH]c3c1)cn2-c1ccc(OCCNCCO)cc1,5.552686891,train,0
Nc1ncnc2c1c(-c1cccc(O)c1)cn2[C@H]1C[C@@H](CN2CCC2)C1,6.375717904,train,0
Nc1ncnc2c1c(-c1cccc(OCC34CCC(CC3)O4)c1)cn2[C@H]1C[C@@H](CN2CCC2)C1,5.958212681,train,0
Nc1ncnc2c1c(-c1cccc(OC[C@@H]3CCCO3)c1)cn2[C@H]1C[C@@H](CN2CCC2)C1,5.443576879,train,0
Nc1ncnc2c1c(-c1cccc(OCc3ccccc3)c1)cn2[C@H]1C[C@@H](CN2CCC2)C1,6.882728704,train,0
Nc1nnc2c3cc(-c4ccccc4)c(-c4ccc(CN5CCC(c6n[nH]c(-c7ccccn7)n6)CC5)cc4)nc3ccn12,5.274088368,train,0
O=C(/C=C/c1ccc(C(F)(F)F)cc1)N1CCC[C@H]1CN1CCCC1,5.431841708,train,0
O=C(/C=C/c1ccc(CNCCc2c(-c3ccccc3)[nH]c3ccccc23)cc1)NO,5.829444941,train,0
O=C(/C=C/c1ccc(CNCCc2c(-c3ccccn3)[nH]c3ccccc23)cc1)NO,5.812197361,train,0
O=C(/C=C/c1ccc(CNCCc2c(-c3cccs3)[nH]c3ccccc23)cc1)NO,6.317854924,train,0
O=C(/C=C/c1ccc2c(c1)C(=O)CC1(CCN(Cc3ccc(F)cc3)CC1)O2)NO,5.623240605,train,0
O=C(/C=C/c1ccc2c(c1)C(=O)CC1(CCN(Cc3ccccc3)CC1)O2)NO,5.418961051,train,0
O=C(/C=C/c1ccc2c(c1)CN(CCc1cnn3ccccc13)C2)NO,5.283913146,train,0
O=C(C1CC(Oc2ccc(Cl)cc2)CN1)N1CCCN(C2CCC2)CC1,5.698752911,train,0
O=C(C1CC(Oc2ccc(F)cc2)CN1)N1CCCN(C2CCCC2)CC1,5.337147767,train,0
O=C(C1CC(Oc2cccc(Cl)c2)CN1)N1CCCN(C2CCC2)CC1,5.142607189,train,0
O=C(C1CC1)N1CCc2c(sc3c2c2ncnn2c(=O)n3Cc2ccc(Cl)cc2)C1,6.308918508,train,0
O=C(C1CCN(c2cccc(C(F)(F)F)c2)CC1)N1CC[C@H](N[C@H]2CC[C@@](O)(c3ccc(-c4ncccn4)cn3)CC2)C1,5.045709238,train,0
O=C(C1CCOC1)N1C[C@H]2[C@@H](CNc3nc(-c4ccccn4)cs3)[C@H]2C1,5.699782895,train,0
O=C(CC1CCN(Cc2ccc(-c3ccc(Cl)cc3)o2)CC1)N1CCCC(CO)C1,5.630598586,train,0
O=C(CC1CCN(Cc2ccc(-c3ccc(Cl)cc3)o2)CC1)NCC(O)C(F)(F)F,5.990974258,train,0
O=C(CC1CCN(Cc2ccn(-c3ccc(C(F)(F)F)cc3)c2)CC1)N(CCCO)Cc1ccc(F)cc1,6.199970641,train,0
O=C(CC1CCN(Cc2ccn(-c3ccc(C(F)(F)F)cc3)c2)CC1)NC(c1ccc(F)cc1)c1cccnc1,5.663340177,train,0
O=C(CC1CCN(Cc2ccn(-c3ccc(C(F)(F)F)cc3)c2)CC1)NC(c1ccccc1)c1ccccn1,5.638083381,train,0
O=C(CC1CCN(Cc2ccn(-c3ccc(C(F)(F)F)cc3)c2)CC1)NC(c1ccncc1)c1ccc(Cl)cc1,5.769295686,train,0
O=C(CC1CCN(Cc2ccn(-c3ccc(C(F)(F)F)cn3)c2)CC1)NC(c1ccc(F)cc1)c1ccc(F)cc1,6.096367484,train,0
O=C(CCCCCCC(=O)Nc1ccccc1)NO,6.490797478,train,0
O=C(CCCCCN1C(=O)c2ccccc2N(Cc2ccccc2)C(=O)[C@@H]1Cc1ccccc1)NO,5.651804211,train,0
O=C(CCCCN1CCC(c2noc3cc(F)ccc23)CC1)c1cc2c3c(c1)CCN3C(=O)CC2,5.536644615,train,0
O=C(CCCCc1c[nH]nn1)NC1CCN(C(=O)OCc2cc(Cl)cc(Cl)c2)CC1,5.031470356,train,0
O=C(CCCN1CC=C(n2c(=O)[nH]c3ccccc32)CC1)c1ccc(F)cc1,7.476773958,train,0
O=C(CCCN1CCC(c2noc3cc(F)ccc23)CC1)c1cc2c3c(c1)CCN3C(=O)CC2,6.083704005,train,0
O=C(CCCN1CCCCC1)Nc1cc(-c2cccc(F)c2)n[nH]1,5.889073758,train,0
O=C(CCN1CCN(C(=O)OCc2cc(Cl)cc(Cl)c2)CC1)c1ccc2[nH]c(=O)oc2c1,5.94316517,train,0
O=C(CCc1c[nH]nn1)NC1CCN(C(=O)OCc2cc(Cl)cc(Cl)c2)CC1,5.055467979,train,0
O=C(CCc1ccccc1)NCCN(c1ccc(F)cc1)c1ccc(F)cc1,6.706131669,train,0
O=C(CCc1ccccc1)c1cc(F)ccc1OCC(O)CN1CCN(C(c2ccccc2)c2ccccc2)CC1,5.315064917,train,0
O=C(CCc1ccccc1)c1ccccc1OCC(O)CN1CCC(c2ccccc2)CC1,5.460798401,train,0
O=C(CCc1ccccc1)c1ccccc1OCC(O)CN1CCN(C(c2ccccc2)c2ccccc2)CC1,5.584859648,train,0
O=C(CN1CCCN(Cc2nc3ccccc3[nH]2)CC1)Nc1ccc(C(F)(F)F)cc1,5.303556237,train,0
O=C(CN1CCN(Cc2ccn(-c3ccc(C(F)(F)F)cn3)c2)CC1)NC(c1ccc(F)cc1)c1ccc(F)cc1,6.096367484,train,0
O=C(CNc1ccccc1C(F)(F)F)N1CCCN(Cc2nc3ccccc3[nH]2)CC1,5.879097182,train,0
O=C(COc1ccc(C(=O)c2cc(Cl)ccc2Br)cc1)Nc1ccc(Cl)c(C(=O)NCC2CC2)c1,7.725842151,train,0
O=C(COc1ccc(C(=O)c2cc(Cl)ccc2Br)cc1)Nc1cccc(C(=O)NC2CC2)c1,7.913640169,train,0
O=C(COc1ccc(C(=O)c2cc(Cl)ccc2Br)cc1)Nc1cccc(C(=O)NCC2CC2)c1,7.568636236,train,0
O=C(COc1ccc(C(=O)c2cc(Cl)ccc2Br)cc1)Nc1cccnc1,7.447331784,train,0
O=C(COc1ccc(C(=O)c2cc(Cl)ccc2Br)cc1)Nc1ccnc(C(=O)NCC2CC2)c1,7.732828272,train,0
O=C(COc1ccc(C(=O)c2cc(Cl)ccc2Br)cc1)Nc1ccnc(F)c1,7.730487056,train,0
O=C(COc1ccc(C(=O)c2cc(Cl)ccc2Br)cc1)Nc1ccncc1,7.349692477,train,0
O=C(COc1ccc(C(=O)c2cc(Cl)ccc2Br)cc1)Nc1cncc(C(=O)NCC2CC2)c1,7.688246139,train,0
O=C(COc1ccc(C(=O)c2ccccc2Br)cc1)Nc1cccnc1,7.436518915,train,0
O=C(COc1cccc(Cl)c1)NC1CCN(Cc2ccn(-c3ccc(C(F)(F)F)cc3)c2)CC1,6.251037139,train,0
O=C(COc1cccc(Cl)c1)NC1CCN(Cc2ccn(-c3ccc(OC(F)(F)F)cc3)c2)CC1,6.308918508,train,0
O=C(CSc1nc2cc([N+](=O)[O-])ccc2[nH]1)Nc1ccc(Oc2ccccc2)cc1,5.084020086,train,0
O=C(Cc1ccc(OCC[C@@H]2C[C@@H]2C2CCN(c3ncc(Cl)cn3)CC2)c(F)c1)N1CCC1,5.455807889,train,0
O=C(Cc1ccc(OCC[C@@H]2C[C@@H]2C2CCN(c3ncc(Cl)cn3)CC2)cc1)N1CCC1,5.130709596,train,0
O=C(Cc1ccc(OCC[C@@H]2C[C@@H]2C2CCN(c3ncc(Cl)cn3)CC2)cc1F)N1CC(O)C1,5.275642196,train,0
O=C(Cc1ccc(OCC[C@@H]2C[C@@H]2C2CCN(c3ncc(Cl)cn3)CC2)cc1F)N1CCC1,5.481354476,train,0
O=C(Cc1ccc(OCC[C@@H]2C[C@@H]2C2CCN(c3ncc(Cl)cn3)CC2)cc1F)N1CCCCC1,5.481354476,train,0
O=C(Cc1ccc(OCC[C@@H]2C[C@@H]2C2CCN(c3ncc(Cl)cn3)CC2)nc1)N1CCC1,5.677573948,train,0
O=C(Cn1ccc2ncc(-c3cccc(C(F)(F)F)c3)cc21)N1CCC1,5.275642196,train,0
O=C(Cn1cnc2ccccc2c1=O)Nc1ccc(C[C@@H]2CC[C@H]([C@H](O)c3ccccc3)N2)cc1,5.698752911,train,0
O=C(N1CCN(Cc2ccc3c(c2)OCO3)CC1)N1CCSc2ccccc2C1,5.355856949,train,0
O=C(N1CCOCC1)N1CCN(c2cnc3cc(C(F)(F)F)cc(NCc4cccc([N+](=O)[O-])c4)c3c2)CC1,6.407823243,train,0
O=C(N1CCc2ncc(C(F)(F)F)cc2C1)[C@@]12CCO[C@@H]1C[C@@H](N1CCC(c3ccccc3)CC1)C2,5.236497135,train,0
O=C(NC(c1ccc(Cl)cc1)c1ccc(Cl)cc1)[C@@H]1CC[C@@H](N2CCOCC2)C[C@H]1c1ccc(Br)cc1,7.397940009,train,0
O=C(NC(c1ccc(Cl)cc1)c1ccc(F)cn1)[C@@H]1CC[C@@H](N2CCOCC2)C[C@H]1c1ccc(Br)cc1,6.742321425,train,0
O=C(NC(c1ccc(Cl)cc1)c1ccnc(F)c1)[C@@H]1CC[C@@H](N2CCOCC2)C[C@H]1c1ccc(Br)cc1,6.228412519,train,0
O=C(NC(c1ccc(Cl)cc1)c1ccncc1Cl)[C@@H]1CC[C@@H](N2CCOCC2)C[C@H]1c1ccc(Br)cc1,6.160521953,train,0
O=C(NC(c1ccc(Cl)cc1)c1cnccn1)[C@@H]1CC[C@@H](N2CCOCC2)C[C@H]1c1ccc(Br)cc1,5.999565923,train,0
O=C(NC(c1ccc(Cl)cc1)c1ncccn1)[C@@H]1CC[C@@H](N2CCOCC2)C[C@H]1c1ccc(Br)cc1,5.920456993,train,0
O=C(NC(c1ccc(F)cc1)c1ccc(F)cc1)[C@@H]1CC[C@@H](N2CCOCC2)C[C@H]1c1ccc(Br)cc1,6.995678626,train,0
O=C(NC(c1ccccc1)c1ccccc1)[C@@H]1CC[C@@H](N2CCOCC2)C[C@H]1c1ccc(Br)cc1,6.274905479,train,0
O=C(NC(c1ccccc1)c1ccccc1)[C@@H]1CC[C@@H](N2CCOCC2)C[C@H]1c1ccccc1,6.76700389,train,0
O=C(NC(c1ccncc1)c1ccc(Cl)cc1)[C@@H]1CC[C@@H](N2CCOCC2)C[C@H]1c1ccc(Br)cc1,5.721017883,train,0
O=C(NC(c1ccncc1)c1ccc(F)cc1)[C@@H]1CC[C@@H](N2CCOCC2)C[C@H]1c1ccc(Br)cc1,5.075669015,train,0
O=C(NC1CC1)c1ccc(F)cc1OC[C@@H](O)CN1CCC2(CC1)Cc1cc(Cl)ccc1O2,7.408935393,train,0
O=C(NC1CC1)c1ccc(O)cc1OC[C@@H](O)CN1CCC2(CC1)Cc1cc(Cl)ccc1O2,6.521433504,train,0
O=C(NC1CC1)c1ccc(OCC2CC2C2CCN(c3ncc(Cl)cn3)CC2)cc1F,5.772318595,train,0
O=C(NC1CC1)c1ccc(OCC2CC2CC2CCN(c3ncc(Cl)cn3)CC2)cc1F,5.920456993,train,0
O=C(NC1CC1)c1ccc(OCCC2CC2C2CCN(c3ncc(Cl)cn3)CC2)cc1F,5.584859648,train,0
O=C(NC1CCC1)c1ccc(-c2ccc3c(c2)CCN(CCN2CCCC2)C3=O)cc1,5.601886308,train,0
O=C(NC1CCCC1)c1ccc(-c2ccc3c(c2)CCN(CCN2CCCC2)C3=O)cc1,5.086133188,train,0
O=C(NC1CCCCC1)[C@H](C1CCCCC1)n1c(-c2ccc(Cl)cc2)nc2cc(F)c(Cl)cc21,5.795608668,train,0
O=C(NC1CCCCC1)[C@H](C1CCCCC1)n1c(-c2ccc(Cl)cc2)nc2cc(F)c(F)cc21,5.853561865,train,0
O=C(NC1CCCOC1)c1n[nH]c2ccc(-c3cccc(F)c3F)cc12,5.180390267,train,0
O=C(NC1CCN(C2CCCCC2)CC1)c1cc(-c2ccc(F)cc2F)on1,5.823619308,train,0
O=C(NC1CCN(C2CCCCC2)CC1)c1nnc(-c2ccc(F)cc2F)o1,5.568475416,train,0
O=C(NC1CCN(C2CCCCC2)CC1)c1noc(-c2ccc(F)cc2F)n1,5.568475416,train,0
O=C(NC1CCN(Cc2ccn(-c3ccc(C(F)(F)F)cc3)c2)CC1)N1CC(N2CCC(C(F)(F)F)CC2)C1,5.412176829,train,0
O=C(NC1CCN(Cc2ccn(-c3ccc(C(F)(F)F)cc3)c2)CC1)N1CC(N2CCCOCC2)C1,5.522734005,train,0
O=C(NC1CCN(Cc2ccn(-c3ccc(C(F)(F)F)cc3)c2)CC1)N1CCC(O)(Cc2ccccc2)CC1,5.10067205,train,0
O=C(NC1CCN(Cc2ccn(-c3ccc(C(F)(F)F)cc3)c2)CC1)N1CCC(c2ccccc2O)CC1,5.384997385,train,0
O=C(NC1CCN(Cc2ccn(-c3ccc(C(F)(F)F)cc3)c2)CC1)N1CCCC(CO)C1,5.310602337,train,0
O=C(NC1CCN(Cc2ccn(-c3ccc(C(F)(F)F)cc3)c2)CC1)N1CCCC1Cc1cccnc1,5.761702932,train,0
O=C(NC1CCN(Cc2ccn(-c3ccc(C(F)(F)F)cc3)c2)CC1)N1CCCC1c1ccc(F)cc1,5.74208155,train,0
O=C(NC1CCN(Cc2ccn(-c3ccc(C(F)(F)F)cc3)c2)CC1)N1CCCC1c1cccnc1,5.511308302,train,0
O=C(NC1CCN(Cc2ccn(-c3ccc(C(F)(F)F)cc3)c2)CC1)N1CCCCC1CCO,5.511308302,train,0
O=C(NC1CCN(Cc2ccn(-c3ccc(C(F)(F)F)cc3)c2)CC1)N1CCn2cccc2C1c1ccccc1,5.885722703,train,0
O=C(NC1CCN(Cc2ccn(-c3ccc(C(F)(F)F)cc3)c2)CC1)NC(CN1CCOCC1)c1ccccc1,5.161087973,train,0
O=C(NC1CCN(Cc2ccn(-c3ccc(C(F)(F)F)cc3)c2)CC1)NC(Cc1cnccn1)c1ccccc1,5.272377422,train,0
O=C(NC1CCN(Cc2ccn(-c3ccc(C(F)(F)F)cc3)c2)CC1)NC(Cn1cccn1)c1ccccc1,5.39351115,train,0
O=C(NC1CCN(Cc2ccn(-c3ccc(C(F)(F)F)cc3)c2)CC1)NC(c1ccccc1)c1ccccc1,5.42010213,train,0
O=C(NCC1(N2CCCC2)CCCC1)N1CCC(c2nc(-c3ccc4ccccc4n3)no2)CC1,5.148680487,train,0
O=C(NCC1(N2CCCCC2)CCCC1)N1CCC(c2nc(-c3ccc4ccccc4n3)no2)CC1,5.236497135,train,0
O=C(NCC1(N2CCOCC2)CCCCC1)N1CCC(c2nc(-c3ccc4ccccc4n3)no2)CC1,5.366430557,train,0
O=C(NCC1CCCCN1)c1cc(OCC(F)(F)F)ccc1OCC(F)(F)F,5.409888545,train,0
O=C(NCC1CCN(Cc2ccc(Br)nc2)CC1)c1cc(Cl)cc(Cl)c1,6.183096161,train,0
O=C(NCCCCN1CCCCC1)Nc1ccc(-c2ccc(F)cc2)nc1,5.885722703,train,0
O=C(NCCCN1CCCCC1)Nc1ccc(S(=O)(=O)Nc2ccccc2C(=O)c2ccccc2)cc1,5.999565923,train,0
O=C(NCCCNc1nc2ccccc2[nH]1)c1cc(Cl)cc(Cl)c1,5.931443105,train,0
O=C(NCCN1CCC(O)(Cc2ccc(F)cc2)CC1)Nc1ccnc2ccsc12,5.300943145,train,0
O=C(NCCN1CCCCC1)c1ccc(Oc2ncc(Cl)cc2NS(=O)(=O)c2ccc(Cl)c(C(F)(F)F)c2)cc1,5.299913558,train,0
O=C(NCCO)C1CCC(c2ncc(-c3cccc(C(F)(F)F)c3)[nH]2)CC1,6.29913194,train,0
O=C(NCC[C@@H](O)CN1CCN(c2cccc(Cl)c2Cl)CC1)c1cc2ccccc2[nH]1,6.419075024,train,0
O=C(NCCc1ccccc1-c1cccnc1)c1ccc(OCCC(F)(F)F)nc1,5.199931411,train,0
O=C(NCCc1ccccc1-c1cnc(OC(F)F)cn1)c1ccc(OCCC(F)(F)F)nc1,5.199931411,train,0
O=C(NC[C@@H](O)CN1CCC(Oc2ccc(Cl)c(Cl)c2)CC1)c1c[nH]c(=O)c2c(F)cccc12,5.699782895,train,0
O=C(NC[C@@H](O)CN1CCC(Oc2ccc(Cl)c(Cl)c2)CC1)c1c[nH]c(=O)c2cc(S(=O)(=O)N3CCC3)ccc12,5.999565923,train,0
O=C(NC[C@@H](O)CN1CCC(Oc2ccc(Cl)c(Cl)c2)CC1)c1c[nH]c(=O)c2cc(S(=O)(=O)NC3CC3)ccc12,6.099452636,train,0
O=C(NC[C@@H](O)CN1CCC(Oc2ccc(Cl)c(Cl)c2)CC1)c1c[nH]c(=O)c2cc(S(=O)(=O)NCCO)ccc12,5.299913558,train,0
O=C(NC[C@@H](O)CN1CCC(Oc2ccc(Cl)c(Cl)c2)CC1)c1c[nH]c(=O)c2ccc(F)cc12,5.899653583,train,0
O=C(NC[C@@H](O)CN1CCC(Oc2ccc(Cl)c(Cl)c2)CC1)c1c[nH]c(=O)c2ccccc12,5.149938434,train,0
O=C(NC[C@@H](O)CN1CCC(Oc2ccc(Cl)c(Cl)c2)CC1)c1c[nH]c(=O)cc1C(F)(F)F,5.299913558,train,0
O=C(NC[C@@H](O)CN1CCC(Oc2ccc(Cl)c(Cl)c2)CC1)c1c[nH]c2ccccc12,5.699782895,train,0
O=C(NC[C@@H](O)CN1CCC(Oc2ccc(Cl)c(Cl)c2)CC1)c1c[nH]nc1C(F)(F)F,5.499862364,train,0
O=C(NC[C@@H](O)CN1CCC(Oc2ccc(Cl)c(Cl)c2)CC1)c1c[nH]nc1C1CC1,5.599826522,train,0
O=C(NC[C@@H](O)CN1CCC(Oc2ccc(Cl)c(Cl)c2)CC1)c1cnnc2ccccc12,5.199931411,train,0
O=C(NC[C@@H](O)CN1CCC(Oc2ccc(Cl)c(Cl)c2)CC1)c1n[nH]c(=O)c2ccccc12,6.398907391,train,0
O=C(NC[C@@H](O)CN1CCC(Oc2ccc(Cl)c(Cl)c2)CC1)c1n[nH]c2ccccc12,6.598272138,train,0
O=C(NC[C@@H](O)CN1CCC(Oc2ccc(Cl)c(Cl)c2)CC1)n1c(=O)[nH]c2ccccc21,6.29913194,train,0
O=C(NC[C@@H]1CCCC[C@H]1O)NC1CCN(Cc2ccn(-c3ccc(C(F)(F)F)cc3)c2)CC1,5.13483678,train,0
O=C(NC[C@@H]1[C@H]2C[C@H](n3cnc4cc(F)c(F)cc43)C[C@H]21)c1ccc(Cl)cc1,5.318668294,train,0
O=C(NC[C@H]1CCCC[C@H]1O)NC1CCN(Cc2ccn(-c3ccc(C(F)(F)F)cc3)c2)CC1,5.402195158,train,0
O=C(NC[C@H]1[C@@H]2CN(C(=O)/C=C/c3cc(Cl)cc(Cl)c3)C[C@H]12)c1ccc2[nH]c(=O)oc2c1,5.376647318,train,0
O=C(NC[C@H]1[C@@H]2CN(C(=O)C3CC3c3cc(Cl)cc(Cl)c3)C[C@H]12)c1ccc2[nH]c(=O)oc2c1,5.327809749,train,0
O=C(NC[C@H]1[C@@H]2CN(C(=O)CCc3cc(Cl)cc(Cl)c3)C[C@H]12)c1ccc2[nH]c(=O)oc2c1,5.091461368,train,0
O=C(NC[C@H]1[C@@H]2CN(C(=O)OCc3cc(C(F)(F)F)cc(C(F)(F)F)c3)C[C@H]12)c1ccc2[nH]c(=O)oc2c1,5.283913146,train,0
O=C(NCc1c(O)cc(Cl)cc1Cl)C1CCN(Cc2ccn(-c3ccc(C(F)(F)F)cc3)c2)CC1,5.376647318,train,0
O=C(NCc1ccc(Br)cc1)C1c2ccccc2C(=O)N1CCc1ccccn1,5.031470356,train,0
O=C(NCc1ccc(C(F)(F)F)cc1)C1c2ccccc2C(=O)N1CCc1ccccn1,5.065451052,train,0
O=C(NCc1ccc(Cl)cc1Cl)C1CCN(Cc2ccn(-c3ccc(C(F)(F)F)cn3)c2)CC1,5.455807889,train,0
O=C(NCc1ccc(Cl)cc1Cl)N1CCN(Cc2ccn(-c3ccc(C(F)(F)F)cc3)c2)CC1,5.795608668,train,0
O=C(NCc1ccc(Cl)cc1O)C1CCN(Cc2ccn(-c3ccc(C(F)(F)F)cc3)c2)CC1,5.809388202,train,0
O=C(NCc1ccc(O)cc1Cl)C1CCN(Cc2ccn(-c3ccc(C(F)(F)F)cc3)c2)CC1,5.809388202,train,0
O=C(NCc1ccc(OC(F)(F)F)cc1)C1c2c(F)cccc2C(=O)N1CCc1ccccn1,5.251734427,train,0
O=C(NCc1ccc(OC(F)(F)F)cc1)C1c2cccc(F)c2C(=O)N1CCc1ccccn1,5.086133188,train,0
O=C(NCc1ccc(OC(F)(F)F)cc1)C1c2ccccc2C(=O)N1CC(F)(F)c1ccccn1,5.013183495,train,0
O=C(NCc1ccc(OC(F)(F)F)cc1)C1c2ccccc2C(=O)N1CCOc1ccccn1,5.309715297,train,0
O=C(NCc1ccc(OC(F)(F)F)cc1)C1c2ccccc2C(=O)N1CCc1ccc(F)cn1,5.275642196,train,0
O=C(NCc1ccc(OC(F)(F)F)cc1)C1c2ccccc2C(=O)N1CCc1ccccn1,5.337147767,train,0
O=C(NCc1ccc(OC(F)(F)F)cc1)C1c2ccccc2C(=O)N1CCc1cccnc1,5.259558355,train,0
O=C(NCc1ccc(OC(F)(F)F)cc1)C1c2ccccc2C(=O)N1CCc1ccncc1,5.292344676,train,0
O=C(NCc1ccc(OC(F)(F)F)cc1)C1c2ccccc2C(=O)N1CCc1cnccn1,5.036164969,train,0
O=C(NCc1ccc(OC(F)(F)F)cc1)C1c2ccccc2C(=O)N1CCc1ncc(F)cn1,5.259558355,train,0
O=C(NCc1ccc(OC(F)(F)F)cc1)C1c2ccccc2C(=O)N1Cc1ccc(C(F)(F)F)cn1,5.481354476,train,0
O=C(NCc1ccc(OCC(F)(F)F)cc1)C1c2ccccc2C(=O)N1CCc1ccccn1,5.050561199,train,0
O=C(NCc1ccc2[nH]ccc2c1)N1CC(COc2ccc(C(F)(F)F)cc2)C1,5.337147767,train,0
O=C(NCc1cccc(F)c1)NC1CCN(Cc2ccn(-c3ccc(C(F)(F)F)cc3)c2)CC1,5.920456993,train,0
O=C(NNC(=S)Nc1ccc(Cl)c(Cl)c1)c1ccccc1O,7.091514981,train,0
O=C(NO)c1ccc(CCCN2CCC(CN[C@H]3C[C@@H]3c3ccccc3)CC2)cc1,5.251734427,train,0
O=C(NO)c1cnc(N2C[C@@H]3CN(Cc4ccc5ccccc5c4)C[C@@H]3C2)nc1,5.387110231,train,0
O=C(NOCCO)c1ccc2cncn2c1Nc1ccc(I)cc1F,5.356448631,train,0
O=C(NOCCO)c1ccn2cncc2c1Nc1ccc(I)cc1F,5.677573948,train,0
O=C(NOCCO)c1ncc2cncn2c1Nc1ccc(I)cc1F,5.481354476,train,0
O=C(NS(=O)(=O)N1CCC(N2CCC(Oc3ccc(Cl)c(Cl)c3)CC2)CC1)c1ccccc1,5.199931411,train,0
O=C(N[C@@H]1CN2CCC1CC2)c1cccc2oc(C3CC3)nc12,6.154281982,train,0
O=C(N[C@@H]1CN2CCC1CC2)c1cccc2oc(N3CCOCC3)nc12,5.494714326,train,0
O=C(N[C@@H]1COc2cccc(-c3ccncc3)c2C1)c1ccc(OC(F)(F)F)cc1,5.599826522,train,0
O=C(N[C@@H]1COc2cccc(-c3ccncc3)c2C1)c1ccc(OCC(F)(F)F)nc1,5.199931411,train,0
O=C(N[C@@H]1COc2cccc(-c3cncnc3)c2C1)c1ccc(OCCC(F)(F)F)nc1,5.199931411,train,0
O=C(N[C@H](C1CC1)[C@@H]1[C@H]2C[C@H](n3cnc4cc(F)c(F)cc43)C[C@H]21)c1ccc(Cl)cc1,6.251037139,train,0
O=C(N[C@H]1CCCC[C@@H]1O)c1cc(CN2CCN(c3cc4ccccc4cn3)CC2)c2ccccn2c1=O,5.698752911,train,0
O=C(N[C@H]1CCN(C2CCCC2)C[C@@H]1C(=O)NC1(c2ncccn2)CC1)c1cc(-c2ccc(F)cc2F)on1,5.01768353,train,0
O=C(N[C@H]1CCN(C2CCCCC2)C[C@@H]1C(=O)NC1(c2ncccn2)CC1)c1cc(-c2ccc(F)cc2F)on1,5.584859648,train,0
O=C(N[C@H]1CCN(C2CCCCC2)C[C@@H]1C(=O)NCCc1ccccn1)c1cc(-c2ccc(F)cc2F)on1,6.017276612,train,0
O=C(N[C@H]1CCN(C2CCCCC2)C[C@@H]1C(=O)N[C@H](CO)c1ccccc1)c1cc(-c2ccc(F)cc2F)on1,5.142607189,train,0
O=C(N[C@H]1CCN(CC2CC2)C[C@@H]1C(=O)NC1(c2ncccn2)CC1)c1cc(-c2ccc(F)cc2F)on1,5.244048959,train,0
O=C(N[C@H]1CCN(CC2CCC2)C[C@@H]1C(=O)NC1(c2ncccn2)CC1)c1cc(-c2ccc(F)cc2F)on1,5.853561865,train,0
O=C(N[C@H]1CC[C@H](C(=O)O)CC1)[C@H](C1CCCCC1)n1c(-c2ccc(Cl)cc2)nc2cc(F)c(F)cc21,5.119129267,train,0
O=C(N[C@H]1CC[C@H](CCN2CCN(c3nsc4ccccc34)CC2)CC1)c1ccco1,5.675511767,train,0
O=C(N[C@H]1CC[C@H](O)CC1)[C@H](C1CCCCC1)n1c(-c2ccc(Cl)cc2)nc2cc(F)c(F)cc21,5.136617652,train,0
O=C(Nc1c(Cl)cncc1Cl)c1cn(-c2ccc(Cl)cc2)c2ncccc2c1=O,6.701146924,train,0
O=C(Nc1c[nH]c2ncc(-c3ccccc3F)cc12)c1cnn2ccc(NC[C@H]3CCNC[C@@H]3F)nc12,5.300943145,train,0
O=C(Nc1cc(-c2cn(-c3ccccc3)c3cnccc23)ccn1)C1CC1,6.882728704,train,0
O=C(Nc1cc(-c2cn(-c3ccccc3)c3cnccc23)ccn1)NC1CC1,6.07079126,train,0
O=C(Nc1cc(-c2cn(C3CCOCC3)c3cnccc23)ccn1)NC1CC1,5.337147767,train,0
O=C(Nc1cc(Cl)c(O)cc1OC[C@@H](O)CN1CCC2(CC1)Cc1cc(Cl)ccc1O2)NC1CC1,5.999565923,train,0
O=C(Nc1ccc(-c2nnc(NCCCCN3CCCCC3)o2)c(Cl)c1)c1ccccc1F,5.699782895,train,0
O=C(Nc1ccc(-c2nnc(NCCCN3CCC(F)CC3)o2)cc1)c1ccccc1F,5.099945457,train,0
O=C(Nc1ccc(-c2nnc(NCCCN3CCCC3)o2)cc1)c1ccccc1F,5.099945457,train,0
O=C(Nc1ccc(-c2nnc(NCCCN3CCCCC3)o2)c(C(F)(F)F)c1)c1ccccc1F,5.299913558,train,0
O=C(Nc1ccc(-c2nnc(NCCCN3CCCCC3)o2)c(Cl)c1)c1ccccc1F,5.39989111,train,0
O=C(Nc1ccc(-c2nnc(NCCCN3CCCCC3)o2)cc1)c1c(F)cccc1F,5.099945457,train,0
O=C(Nc1ccc(-c2nnc(NCCCN3CCCCC3)o2)cc1)c1cccc(F)c1,5.099945457,train,0
O=C(Nc1ccc(-c2nnc(NCCCN3CCCCC3)o2)cc1)c1ccccc1F,5.099945457,train,0
O=C(Nc1ccc(-c2nnc(NCCCN3CCCCC3)o2)cc1F)c1ccccc1F,5.199931411,train,0
O=C(Nc1ccc(-c2nnc(NCCCN3CCCCCC3)o2)cc1)c1ccccc1F,5.199931411,train,0
O=C(Nc1ccc(-c2nnc(NCCCN3C[C@@H]4CC[C@H]3C4)o2)cc1)c1ccccc1F,5.199931411,train,0
O=C(Nc1ccc(Br)cc1)N1CCN(C[C@@H]2CCCN(C3CC3)C2)CC1,5.148680487,train,0
O=C(Nc1ccc(C(F)(F)F)c(Cl)c1)N1CCN(C[C@@H]2CCCN(C3CC3)C2)CC1,6.050122296,train,0
O=C(Nc1ccc(C(F)(F)F)cc1)N1CCN(C[C@@H]2CCCN(C3CC3)C2)CC1,5.20059052,train,0
O=C(Nc1ccc(C[C@@H]2CC[C@H]([C@H](O)c3cccnc3)N2)cc1)[C@@H]1CCc2scnc21,5.214598975,train,0
O=C(Nc1ccc(Cl)c(C(F)(F)F)c1)N1CCN(C[C@@H]2CCCN(C3CC3)C2)CC1,5.20059052,train,0
O=C(Nc1ccc(Cl)c(Cl)c1)N1CCN(CC2CCCNC2)CC1,5.795608668,train,0
O=C(Nc1ccc(Cl)c(Cl)c1)N1CCN(C[C@@H]2CCCN(C3CC3)C2)CC1,5.698752911,train,0
O=C(Nc1ccc(Cl)c(Cl)c1)N1CCN(C[C@@H]2CCCN(CC3CC3)C2)CC1,6.031050319,train,0
O=C(Nc1ccc(Cl)c(Cl)c1)N1CCN(C[C@@H]2CCCN(CCCc3ccccc3)C2)CC1,6.396855627,train,0
O=C(Nc1ccc(Cl)c(Cl)c1)N1CCN(C[C@@H]2CCCN(Cc3ccccc3)C2)CC1,6.251037139,train,0
O=C(Nc1ccc(Cl)cc1CO)NC1CCN(Cc2ccn(-c3ccc(C(F)(F)F)cc3)c2)CC1,5.477425367,train,0
O=C(Nc1ccc(O)cc1OC[C@@H](O)CN1CCC2(CC1)Cc1cc(Cl)ccc1O2)NC1CC1,5.61960784,train,0
O=C(Nc1ccc(O)cc1OC[C@@H](O)CN1CCC2(CC1)Cc1cc(F)ccc1O2)NC1CC1,5.42010213,train,0
O=C(Nc1ccc(OC(F)(F)F)cc1)c1cccc(CN2CCOCC2)c1,5.431680915,train,0
O=C(Nc1ccc(Oc2ccc(F)cc2)cc1)N1CCc2ncccc2[C@@H]1c1ccc(Cl)cc1,5.522734005,train,0
O=C(Nc1ccc(S(=O)(=O)Nc2ccccc2C(=O)c2ccccc2)cc1)OCC1CCCO1,5.086133188,train,0
O=C(Nc1cccc(C(F)(F)F)c1)n1ccc2cc(Oc3ncnc4c3CCNC4)ccc21,5.050561199,train,0
O=C(Nc1cccc([C@@H](c2ccc(C(=O)N3CCC3)cc2)N2CCN(Cc3ccc(F)cc3)CC2)c1)C1CC1,5.443576879,train,0
O=C(Nc1ccccc1)N(c1ccc(Br)cc1)C1CCN(C2CCCC2)CC1,6.723538196,train,0
O=C(Nc1ncns1)/C(=N/N1CCCC1)c1ccc(S(=O)(=O)C2CC2)cc1,5.275642196,train,0
O=C(O)C(c1ccccc1)N1CCC(N2CCC(Oc3ccc(Cl)c(Cl)c3)CC2)CC1,5.299913558,train,0
O=C(O)C1CN(Cc2ccc3c(c2)CCc2c-3noc2-c2onc(-c3ccccc3)c2C(F)(F)F)C1,5.698752911,train,0
O=C(O)CC1CCC2(CC1)CCN(c1ccc(-c3nc4cc(C(F)(F)F)ccc4[nH]3)cn1)CC2,5.267525823,train,0
O=C(O)CC1CCC2(CCN(c3ccc(-c4nc5cc(C(F)(F)F)ccc5[nH]4)cn3)CC2)OC1,5.920456993,train,0
O=C(O)CC1CCOC2(CCN(c3ccc(-c4nc5cc(C(F)(F)F)ccc5[nH]4)cn3)CC2)C1,5.366430557,train,0
O=C(O)CCNC(=O)c1ccc(Cn2nc(-c3cc(Cl)cc(Cl)c3)cc2-c2ccc(OC(F)(F)F)cc2)cc1,5.292344676,train,0
O=C(O)CCc1ccc2cc(Cc3ccccc3)cc(N3CCN(CCc4ccc(OCCCN5CCCCCC5)cc4)CC3)c2n1,5.199931411,train,0
O=C(O)CN1CCC2(CC1)CCN(c1ccc(-c3nc4cc(C(F)(F)F)ccc4[nH]3)cn1)CC2,5.318668294,train,0
O=C(O)C[C@@H]1COC2(CCN(c3ccc(-c4nc5cc(C(F)(F)F)ccc5[nH]4)cn3)CC2)C1,5.356448631,train,0
O=C(O)C[C@H](CN1CC[C@@H](CCc2ccc3c(n2)NCCC3)C1)c1cccc(-n2cccn2)c1,6.099452636,train,0
O=C(O)C[C@H](CN1CC[C@@H](CCc2ccc3c(n2)NCCC3)C1)c1cccc(Br)c1,5.899653583,train,0
O=C(O)C[C@H](CN1CC[C@@H](CCc2ccc3c(n2)NCCC3)C1)c1cccc(C2CC2)c1,5.499848227,train,0
O=C(O)C[C@H](CN1CC[C@@H](CCc2ccc3c(n2)NCCC3)C1)c1cccc(OC2CCOCC2)c1,5.099945457,train,0
O=C(O)C[C@H]1CCCN(C[C@@H](O)c2ccc(-c3noc(-c4onc(-c5ccccc5)c4C(F)(F)F)n3)cc2)C1,5.387110231,train,0
O=C(O)C[C@H]1COC2(CCN(c3ccc(-c4nc5cc(C(F)(F)F)ccc5[nH]4)cn3)CC2)C1,5.309715297,train,0
O=C(O)[C@@H](CC1CCC1)N1C[C@H](CN2CCC(c3cnc4ccccn34)CC2)[C@@H](c2cccc(F)c2)C1,5.568475416,train,0
O=C(O)[C@@H](Cc1ccccc1)N1CCC(CN2CCC(Oc3ccc(Cl)c(Cl)c3)CC2)CC1,5.199931411,train,0
O=C(O)[C@H](Cc1ccc(Cl)cc1)N1CCC(CN2CCC(Oc3ccc(Cl)c(Cl)c3)CC2)CC1,5.39989111,train,0
O=C(O)[C@H](Cc1cccc(C(F)(F)F)c1)N1CCC(CN2CCC(Oc3ccc(Cl)c(Cl)c3)CC2)CC1,5.199931411,train,0
O=C(O)c1cc(CN2CCN(c3ccc(Br)cc3)CC2)c2ccccn2c1=O,5.677573948,train,0
O=C(O)c1cc(CN2CCN(c3ccc(C(F)(F)F)cc3)CC2)c2ccccn2c1=O,6.995678626,train,0
O=C(O)c1ccc(NC(=O)[C@H](C2CCCCC2)n2c(-c3ccc(Cl)cc3)nc3cc(F)c(F)cc32)c(Cl)c1,5.107849722,train,0
O=C(O)c1ccc2c(c1)C(=O)OC21CCN(c2ccc(-c3nc4cc(C(F)(F)F)ccc4[nH]3)cn2)CC1,6.251037139,train,0
O=C(O)c1ccccc1N1CCC(CN2CCC(Oc3ccc(Cl)c(Cl)c3)CC2)CC1,5.799726939,train,0
O=C(O)c1ccccc1Oc1ccc(Cl)cc1NS(=O)(=O)c1ccc(Cl)c(Cl)c1,5.099945457,train,0
O=C(OC1CC2CC3CC(C1)N2CC3O)c1c[nH]c2ccccc12,5.229925998,train,0
O=C(OC1Cc2c(O)cc(O)cc2OC1c1cc(O)c(O)c(O)c1)c1cc(O)c(O)c(O)c1,5.219927633,train,0
O=C(O[C@@H](C(=O)N1N=CC[C@H]1C(=O)NCc1cc(Cl)ccc1-n1cnnn1)c1ccc(F)cc1)c1ccccc1,5.251734427,train,0
O=C(O[C@@H]1C[C@@H]2C[C@H]3C[C@H](C1)N2CC3=O)c1c[nH]c2ccccc12,5.219927633,train,0
O=C(O[C@H]1C[C@@H]2C[C@@H]3C[C@@H](C1)N2CC3=O)C1CNc2ccccc21,5.229925998,train,0
O=C(Oc1ccc(OCc2ccccc2)cc1)N(Cc1ccccc1)S(=O)(=O)c1ccc(Cl)cc1,5.283913146,train,0
O=C(Oc1ccc(OCc2ccccc2)cc1)N(Nc1ccccc1)S(=O)(=O)c1ccc(Cl)cc1,5.01768353,train,0
O=C([C@@H]1CC[C@@H](N2CCOCC2)C[C@H]1c1ccc(Br)cc1)N1CC(c2ccccc2)(c2ccccc2)C1,6.536107011,train,0
O=C([C@@H]1C[C@H]1c1ccc(C(F)(F)F)cc1)N1CCN(S(=O)(=O)c2cc(-c3ccn[nH]3)cc(C(F)(F)F)c2)CC1,6.300162274,train,0
O=C([C@@H]1C[C@H]1c1ccc(C(F)(F)F)cc1)N1CCN(S(=O)(=O)c2cc(-c3cn[nH]c3)cc(C(F)(F)F)c2)CC1,6.300162274,train,0
O=C([C@@H]1C[C@H]1c1ccc(C(F)(F)F)cc1)N1CCN(S(=O)(=O)c2cc(-c3cn[nH]n3)cc(C(F)(F)F)c2)CC1,5.455807889,train,0
O=C([C@@H]1C[C@H]1c1ccc(C(F)(F)F)cc1)N1CCN(S(=O)(=O)c2cc(-c3ncon3)cc(C(F)(F)F)c2)CC1,5.920456993,train,0
O=C([C@@H]1C[C@H]1c1ccc(C(F)(F)F)cc1)N1CCN(S(=O)(=O)c2cc(-c3nnc[nH]3)cc(C(F)(F)F)c2)CC1,5.999565923,train,0
O=C([C@@H]1C[C@H]1c1ccc(C(F)(F)F)cc1)N1CCN(S(=O)(=O)c2cc(C(F)(F)F)cc(C(F)(F)CO)c2)CC1,5.601886308,train,0
O=C([C@@H]1C[C@H]1c1ccc(C(F)(F)F)cc1)N1CCN(S(=O)(=O)c2cc(C(O)C(F)(F)F)cc(C(F)(F)F)c2)CC1,7.214670165,train,0
O=C([C@@H]1C[C@H]1c1ccc(C(F)(F)F)cc1)N1CCN(S(=O)(=O)c2cc(CCO)cc(C(F)(F)F)c2)CC1,6.045275209,train,0
O=C([C@H]1C[C@H](Oc2ccc(Cl)cc2)CN1)N1CCCN(C2CCC2)CC1,5.698752911,train,0
O=C([C@H]1C[C@H](Oc2ccc(F)cc2)CN1)N1CCCN(C2CCC2)CC1,5.107849722,train,0
O=C([C@H]1C[C@H](Oc2ccc(F)cc2)CN1)N1CCCN(C2CCCC2)CC1,5.337147767,train,0
O=C([C@H]1C[C@H](Oc2cccc(Cl)c2)CN1)N1CCCN(C2CCC2)CC1,5.142607189,train,0
O=C([C@H]1C[C@H](Oc2cccc(F)c2)CN1)N1CCCN(C2CCC2)CC1,5.522734005,train,0
O=C(c1cc(-c2ccccc2)on1)N1CCC(Oc2ccc(CN3CCCC3)cc2)CC1,5.481354476,train,0
O=C(c1cc(Cc2c[nH]c(=O)c3cc(Cl)c(Cl)n23)ccc1F)N1CCC(N2CCCC2)CC1,5.09685573,train,0
O=C(c1cc(Cl)c(O)cc1OC[C@@H](O)CN1CCC2(CC1)Cc1cc(Cl)ccc1O2)N1CC[C@H](O)C1,5.080869586,train,0
O=C(c1cc(F)cc(F)c1)N1CCN(c2ccc(OCCCN3CCCC3)cc2)C(=O)C1,5.099945457,train,0
O=C(c1ccc(-c2ccc(F)c(F)c2)o1)N1CCN(Cc2ccc(OC3CCNCC3)c(Cl)c2)CC1,5.397831449,train,0
O=C(c1ccc(-c2ccc3c(c2)CCN(CCN2CCCC2)C3=O)cc1)N1CCCC1,5.055467979,train,0
O=C(c1ccc(-c2ccc3c(c2)CCN(CCN2CCCC2)C3=O)cc1Cl)N1CCCC1,5.031470356,train,0
O=C(c1ccc(-c2ccc3c(c2)CCN(CCN2CCCC2)C3=O)cc1F)N1CCCC1,5.055467979,train,0
O=C(c1ccc(-n2nnc3cccnc32)cc1)N(c1ncccc1Cl)[C@@H]1CCCNC1,5.070529984,train,0
O=C(c1ccc(C2=CC3(CCNCC3)Oc3ccccc32)cc1)N1CCCCC1,5.518844129,train,0
O=C(c1ccc(C2=CC3(CCNCC3)Oc3ccccc32)cc1)N1Cc2ccccc2C1,5.455683858,train,0
O=C(c1ccc(F)cc1)N1CCN(CCn2c(=O)[nH]c3ccccc3c2=O)CC1,6.965973476,train,0
O=C(c1ccc(F)cc1F)C1CCN(CCCOc2ccc(-c3nc4ccccc4o3)cc2)CC1,6.07007044,train,0
O=C(c1ccc(F)cc1OC[C@@H](O)CN1CCC2(CC1)Cc1cc(Cl)ccc1O2)N1CC[C@H](O)C1,6.154281982,train,0
O=C(c1ccc(O)cc1OC[C@@H](O)CN1CCC2(CC1)Cc1cc(Cl)ccc1O2)N1CCC(O)CC1,5.795608668,train,0
O=C(c1ccc(O)cc1OC[C@@H](O)CN1CCC2(CC1)Cc1cc(Cl)ccc1O2)N1C[C@H](O)CO1,7.583026827,train,0
O=C(c1ccc(Oc2ccc(Cl)cc2)nc1)N1CCCN(C2CCC2)CC1,5.853561865,train,0
O=C(c1ccc(Oc2ccc(F)cc2)cn1)N1CCCN(C2CCC2)CC1,5.560472112,train,0
O=C(c1ccc(Oc2cccc(Cl)c2)nc1)N1CCCN(C2CCC2)CC1,5.795608668,train,0
O=C(c1ccc(Oc2cccc(F)c2)nc1)N1CCCN(C2CCC2)CC1,5.455807889,train,0
O=C(c1cccc(Cl)c1Cl)N(CCC1CC1)[C@H]1CCNC1,5.146240967,train,0
O=C(c1cccc(Cl)c1Cl)N(c1ccccc1)[C@H]1CCNC1,5.101219987,train,0
O=C(c1ccccc1C1CCCC1)N(CC1CCC1)[C@H]1CCNC1,5.655411257,train,0
O=C(c1ccccc1OCc1csc(-c2ccc(Cl)cc2)n1)N1CCCC1,5.008729611,train,0
O=C(c1ccccc1Oc1ccccc1)N(C1CCC1)[C@H]1CCNC1,5.530030791,train,0
O=C(c1ccccc1Oc1ccccc1)N(CC1CCC1)[C@H]1CCNC1,6.118615343,train,0
O=C(c1ccccc1Oc1ccccc1)N(c1ccccc1)[C@H]1CCNC1,5.551139154,train,0
O=C(c1ccccn1)[C@]12Cc3cnn(-c4ccc(F)cc4)c3C=C1CCN(S(=O)(=O)c1ccc(C(F)(F)F)cc1)C2,5.300943145,train,0
O=C(c1ccccn1)[C@]12Cc3cnn(-c4ccc(F)cc4)c3C=C1CCN(S(=O)(=O)c1ccc(F)cc1)C2,6.008330993,train,0
O=C(c1cccn2ccnc12)N1CCN(CCc2ccc(F)cc2F)CC1,5.721017883,train,0
O=C(c1cn(CCCNCc2ccc(Oc3ccc(Cl)cc3)cc2)nn1)N1CCOCC1,6.168130226,train,0
O=C(c1nc(-c2ccccc2)no1)N1CCC(Oc2ccc(CN3CCCC3)cc2)CC1,5.744486287,train,0
O=C(c1nnc(-c2ccc(Cl)cc2)o1)N1CCC(Oc2ccc(CN3CCCC3)cc2)CC1,5.259558355,train,0
O=C(c1nnc(-c2ccc(F)cc2)o1)N1CCC(Oc2ccc(CN3CCCC3)cc2)CC1,5.207538269,train,0
O=C(c1nnc(-c2ccc(OC(F)F)cc2)o1)N1CCC(Oc2ccc(CN3CCCC3)cc2)CC1,5.376647318,train,0
O=C(c1nnc(-c2ccccc2)o1)N1CC(Oc2ccc(CN3CC4(CCCO4)C3)cc2)C1,5.050561199,train,0
O=C(c1nnc(-c2ccccc2Cl)o1)N1CCC(Oc2ccc(CN3CCCC3)cc2)CC1,5.275642196,train,0
O=C(c1noc(-c2ccccc2)n1)N1CCC(Oc2ccc(CN3CCCC3)cc2)CC1,5.124880835,train,0
O=C1C(CO)OC2(CCN(CCc3ccccc3)CC2)CN1c1ccccc1,5.958212681,train,0
O=C1C(COCc2ccccc2)OC2(CCN(CCc3ccccc3)CC2)CN1c1ccccc1,6.995678626,train,0
O=C1CC(c2nc(-c3cccc(Cl)c3)no2)CN1c1ccc(F)cc1,5.460282727,train,0
O=C1CC2(CCCC2)CC(=O)N1CCCCN1CCN(c2cccc3sccc23)CC1,5.579879152,train,0
O=C1CC2(CCCC2)CC(=O)N1CCCCN1CCN(c2ncccn2)CC1,5.39989111,train,0
O=C1CCC(N2Cc3cc(CNC(=O)C(F)(F)c4ccc(Cl)cc4)ccc3C2=O)C(=O)N1,5.275642196,train,0
O=C1CCC(c2ccc(Nc3ccncc3)cc2)=NN1,5.979584848,train,0
O=C1CCCN1Cc1nc2ccccc2n1Cc1ccc(Cl)cc1,5.154839922,train,0
O=C1CCc2c(F)cccc2N1CCCN1CCC(n2c(=O)[nH]c3ccccc32)CC1,5.275642196,train,0
O=C1CCc2cc(C(O)CCCN3CCC(c4noc5cc(F)ccc45)CC3)cc3c2N1CC3,5.721109275,train,0
O=C1CCc2cc(C(O)CN3CCC(O)(c4cccc(F)c4)CC3)ccc2N1,5.008729611,train,0
O=C1CCc2cc(F)ccc2N1CCCN1CCC(n2c(=O)[nH]c3ccccc32)CC1,5.468393368,train,0
O=C1CCc2cc([C@@H](O)CN3CCC(O)(c4cccc(F)c4)CC3)ccc2N1,5.958212681,train,0
O=C1CCc2ccc(F)cc2N1CCCN1CCC(n2c(=O)[nH]c3ccccc32)CC1,5.244048959,train,0
O=C1CCc2ccc(OCCCCN3CCN(c4cccc(Cl)c4Cl)CC3)cc2N1,6.046965543,train,0
O=C1CCc2cccc(F)c2N1CCCN1CCC(n2c(=O)[nH]c3ccccc32)CC1,5.102317938,train,0
O=C1CCc2cccc(OC[C@@H](O)CN3CCC4(CC3)Cc3cc(Cl)ccc3O4)c2N1,6.300162274,train,0
O=C1CCc2ccccc2N1CCCN1CCC(c2ccc3[nH]ccc3c2)CC1,5.356448631,train,0
O=C1CCc2ccccc2N1CCCN1CCC(n2c(=O)[nH]c3ccccc32)CC1,5.136617652,train,0
O=C1CCc2ccccc2N1OCCN1CCC(n2c(=O)[nH]c3ccccc32)CC1,5.031470356,train,0
O=C1CCc2cccnc2N1CCCN1CCC(n2c(=O)[nH]c3ccccc32)CC1,5.20059052,train,0
O=C1CN(CCc2ccc(F)cc2)CCN1[C@H]1CCc2cc(CN3CCC(C(F)(F)F)CC3)ccc2C1,5.698752911,train,0
O=C1CN(CCc2ccc(F)cc2)CCN1[C@H]1CCc2cc(Cn3ccnc3)ccc2C1,5.397831449,train,0
O=C1CN(c2ccncc2)CCN1CCCCCOc1ccc(-c2ccc(Cl)cc2)cc1,6.43062609,train,0
O=C1CN(c2cn[nH]c(=O)c2Cl)CCN1Cc1ccccc1C(F)(F)F,5.060430831,train,0
O=C1COc2ccc(CNC3CCN(CCN4C(=O)COc5ccc(-c6ccco6)cc54)CC3)nc2N1,5.885722703,train,0
O=C1COc2ccc(CNC3CCN(CCN4C(=O)COc5ccc(Br)cc54)CC3)nc2N1,5.552686891,train,0
O=C1COc2ccc(CNC3CCN(CCN4C(=O)COc5ccc(Cl)cc54)CC3)nc2N1,5.522734005,train,0
O=C1COc2ccc(CNC3CCN(CCN4C(=O)COc5ccc(F)cc54)CC3)nc2N1,5.058119611,train,0
O=C1COc2ccc(CNC3CCN(CCN4C(=O)COc5ccc(OC(F)(F)F)cc54)CC3)nc2N1,5.853561865,train,0
O=C1COc2cccc(OC[C@@H](O)CN3CCC4(CC3)Cc3cc(Cl)ccc3O4)c2N1,6.221125528,train,0
O=C1COc2ccccc2N1CCCN1CCC(n2c(=O)[nH]c3c(F)cccc32)CC1,5.468393368,train,0
O=C1COc2ccccc2N1CCCN1CCC(n2c(=O)[nH]c3cc(F)ccc32)CC1,5.721017883,train,0
O=C1COc2ccccc2N1CCCN1CCC(n2c(=O)[nH]c3ccc(F)cc32)CC1,5.356448631,train,0
O=C1COc2ccccc2N1CCCN1CCC(n2c(=O)[nH]c3cccc(F)c32)CC1,5.20059052,train,0
O=C1COc2ccccc2N1CCCN1CCC(n2c(=O)[nH]c3ccccc32)CC1,5.180390267,train,0
O=C1CSC(c2cc(C(F)(F)F)cc(S(=O)(=O)N3CCN(C(=O)[C@@H]4C[C@H]4c4ccc(C(F)(F)F)cc4)CC3)c2)=N1,5.397831449,train,0
O=C1Cc2cc(CCN3CCN(c4nsc5ccccc45)CC3)c(Cl)cc2N1,6.896572603,train,0
O=C1N(CCCCC2CCc3cc(-c4ccc(Cl)cc4)ccc3O2)CCN1c1ccncc1,5.756713854,train,0
O=C1N(c2ccccc2)CC2(CCN(CCc3ccccc3)CC2)OC12CC2,5.920456993,train,0
O=C1N=CC=C2N=C(c3ccc(CN4CCC(c5n[nH]c(-c6ccccn6)n5)CC4)cc3)C(c3ccccc3)=CC12,5.250959731,train,0
O=C1NC(=O)C(Cc2coc3ccc(Cl)cc3c2=O)S1,6.866461092,train,0
O=C1NCCc2nc(-c3ccc(CN4CCC(c5nnc(-c6ccccn6)[nH]5)CC4)cc3)c(-c3ccccc3)cc21,5.601886308,train,0
O=C1NN=C(c2ccc(OC3CCN(C4CCC4)CC3)cc2)[C@@H]2C[C@H]12,5.221776373,train,0
O=C1N[C@H](c2cncc(C#Cc3ccccc3)c2)[C@@H](c2cc(F)ccc2F)O1,5.443576879,train,0
O=C1Nc2ncccc2C2(CCN(C(=O)N[C@@H]3CC[C@@H](c4cccc(F)c4F)Cn4c(CC(F)(F)F)cnc43)CC2)O1,5.481354476,train,0
O=C1OC2(CCN(c3nc4cc(C(F)(F)F)ccc4[nH]3)CC2)CN1c1ccccc1,5.699782895,train,0
O=C1OC2(CCN(c3nc4ccccc4[nH]3)CC2)CN1c1ccccc1,5.999565923,train,0
O=C1O[C@]2(CC[C@H](c3nc4cc(C(F)(F)F)ccc4[nH]3)CC2)CN1c1ccccc1,5.39989111,train,0
O=C1O[C@]2(CC[C@H](c3nc4cc(C(F)(F)F)ccc4[nH]3)CC2)CN1c1ccccn1,5.39989111,train,0
O=C1O[C@]2(CC[C@H](c3nc4cc(OC(F)(F)F)ccc4[nH]3)CC2)CN1c1ccc(F)cc1,6.099452636,train,0
O=C1O[C@]2(CC[C@H](c3nc4cc(OC(F)(F)F)ccc4[nH]3)CC2)CN1c1cccc(F)n1,5.39989111,train,0
O=C1O[C@]2(CC[C@H](c3nc4cc(OC(F)(F)F)ccc4[nH]3)CC2)CN1c1ccccc1,5.599826522,train,0
O=C1O[C@]2(CC[C@H](c3nc4cc(OC(F)(F)F)ccc4[nH]3)CC2)CN1c1ccccc1F,5.199931411,train,0
O=C1O[C@]2(CC[C@H](c3nc4cc(OC(F)(F)F)ccc4[nH]3)CC2)CN1c1ccccn1,5.599826522,train,0
O=C1O[C@]2(CC[C@H](c3nc4cc(OC(F)(F)F)ccc4[nH]3)CC2)CN1c1cccnc1,5.099945457,train,0
O=C1[C@H](N2CCC(c3ccc(O)cc3)CC2)CCN1Cc1ccc(F)cc1,6.2069084,train,0
O=C1[C@H]2[C@@H]3C=C[C@@H](C3)[C@H]2C(=O)N1CCCCN1CCN(c2cccc3sccc23)CC1,5.105075023,train,0
O=C1[C@H]2[C@@H]3CC[C@@H](C3)[C@H]2C(=O)N1CCCCN1CCN(c2cccc3sccc23)CC1,5.123724411,train,0
O=C1c2cc(-c3ccc(OC(F)(F)F)cc3)ccc2OCCN1Cc1ncccn1,5.232912666,train,0
O=S(=O)(CC1CC1)NC1CN(c2ccc3c(c2)[C@@H](Cc2ccccc2)[C@@H](N2CCC2)CC3)C1,5.356448631,train,0
O=S(=O)(CC1CC1)NCCOc1ccc2c(c1)[C@@H](Cc1ccccc1)[C@@H](N1CCC1)CC2,7.091514981,train,0
O=S(=O)(NCCCCN1CCC(c2noc3cc(F)ccc23)CC1)c1cc2ccccc2s1,5.397831449,train,0
O=S(=O)(NCc1ccccc1)c1cccc(Nc2ccc3nccc(-c4ccncc4)c3n2)c1,5.920456993,train,0
O=S(=O)(Nc1ccc(CCNC[C@H](O)c2cccnc2)cc1)c1ccc(-c2nc(-c3ccc(C(F)(F)F)cc3)cs2)cc1,6.655607726,train,0
O=S(=O)(Nc1ccc([C@]23CNC[C@H]2C3)cc1)c1ccc(C(F)(F)F)cc1,6.099452636,train,0
O=S(=O)(c1ccc(C(F)(F)F)cc1)N1CCC(CN2CCC(c3noc4cc(F)ccc34)CC2)CC1,5.856641649,train,0
O=S(=O)(c1cccc(F)c1)c1ccc2c3c(oc2c1)C1(CCCOC1)NCC3,5.01768353,train,0
O=S(=O)(c1cccc(F)c1)c1ccc2c3c(oc2c1)CNCC3,5.999565923,train,0
O=S1(=O)CCC(Oc2ccc3c(c2)CCC2(CCN(C4CCC4)CC2)O3)CC1,5.154839922,train,0
O=[N+]([O-])c1ccc(S(=O)(=O)N2CCC(CN3CCC(c4noc5cc(F)ccc45)CC3)CC2)cc1,5.41893826,train,0
O=[N+]([O-])c1cccc(CNc2cc(C(F)(F)F)cc3ncc(N4CCN(CCO)CC4)cc23)c1,7.420216403,train,0
O=c1[nH]c2ccccc2n1C1CCN(CCCOc2ccc(F)cc2)CC1,7.094581931,train,0
O=c1[nH]c2ccccc2n1C1CCN(CCOc2ccccc2)CC1,5.677573948,train,0
O=c1[nH]c2ccccc2n1CCCN1CCC(n2c(=O)[nH]c3cc(Cl)ccc32)CC1,6.787333071,train,0
O=c1[nH]ccc2nc(-c3ccc(CN4CCC(c5n[nH]c(-c6ccccn6)n5)CC4)cc3)c(-c3ccccc3)cc12,5.250959731,train,0
O=c1[nH]ccc2nc(-c3ccc(CN4CCC(c5nnc(-c6cnccn6)[nH]5)CC4)cc3)c(-c3ccccc3)cc12,5.074223946,train,0
O=c1cc(-c2ccc(OC3CCN(C4CCC4)CC3)cc2)cn[nH]1,5.698752911,train,0
O=c1cc(NC2CCN(Cc3ccc4c(c3)OCO4)CC2)c2cc(Cl)ccc2o1,5.647624505,train,0
O=c1ccc(-c2ccc(OC3CCN(C4CCC4)CC3)cc2)n[nH]1,5.09685573,train,0
O=c1ccc(-c2ccc(OC3CCN(C4CCC4)CC3)nc2)n[nH]1,5.045709238,train,0
O=c1ccc(-c2nc3cc(Cl)c(Cl)cc3n2Cc2ccc(Cl)c(Cl)c2)c[nH]1,5.300943145,train,0
O=c1ccc(-c2nnc(C3CCN(Cc4ccc(-c5nc6nc(N7CCN(CCO)CC7)ncc6cc5-c5ccccc5)cc4)CC3)[nH]2)c[nH]1,5.167427225,train,0
O=c1ccc(OCCCN2CCCCC2)nn1-c1ccc(Cl)c(Cl)c1,5.197842247,train,0
O=c1ccc(OCCCN2CCCCC2)nn1-c1ccc(Cl)cc1,5.838332588,train,0
O=c1ccc(OCCCN2CCCCC2)nn1-c1ccc(F)c(Cl)c1,6.008330993,train,0
O=c1ccc(OCCCN2CCCCC2)nn1-c1ccc(F)c(F)c1,5.723308471,train,0
O=c1ccc2cccc(OC[C@@H](O)CN3CCC4(CC3)Cc3cc(Cl)ccc3O4)c2[nH]1,6.221125528,train,0
O=c1ccc2ncc(F)c3c2n1C[C@@]3(O)CC12CCC(NC/C=C/c3ccccn3)(CC1)CO2,7.187086643,train,0
O=c1ccc2ncc(F)cc2n1CCN1CCN(c2nc3cc(C(F)(F)F)ccc3[nH]2)CC1,5.999565923,train,0
O=c1n(CCCCN2CCN(c3cccc4sccc34)CC2)nc2c(F)cccn12,5.657379957,train,0
O=c1n(CCCCN2CCN(c3cccc4sccc34)CC2)nc2ccccn12,5.521289244,train,0
O=c1n(Cc2ccc(Cl)cc2)c2sc3c(c2c2ncnn12)CCCC3,5.20059052,train,0
O=c1n(Cc2ccc(Cl)cc2)c2sc3c(c2c2ncnn12)CCN(C1COC1)C3,6.008330993,train,0
O=c1n(Cc2ccc(Cl)cc2)c2sc3c(c2c2ncnn12)CCN(CC1CC1)C3,6.793174124,train,0
O=c1n(Cc2ccc(Cl)cc2)c2sc3c(c2c2ncnn12)CCN(CC1CCOCC1)C3,6.454692884,train,0
O=c1n(Cc2ccc(Cl)cc2)c2sc3c(c2c2ncnn12)CCN(Cc1ccccc1)C3,6.308918508,train,0
O=c1n(Cc2ccc(Cl)cc2F)c2sc3c(c2c2ncnn12)CCN(CC1CCOCC1)C3,6.21395879,train,0
O=c1n(Cc2ccccc2)c2sc3c(c2c2ncnn12)CCN(CC1CCOCC1)C3,6.243363892,train,0
O=c1ncn(Cc2c(F)cc(F)cc2F)c2ccc(Oc3ccccc3)cc12,5.431680915,train,0
OC(c1cc(C(F)(F)F)nc2c(C(F)(F)F)cccc12)C1CCCCN1,5.254921954,train,0
OC(c1ccccc1)(c1ccccc1)C1CCN(Cc2ccc(-c3ccccc3)cc2)CC1,6.675717545,train,0
OC(c1cccnc1)(c1cccnc1)C(c1ccccc1)N1CCCOCC1,5.449649328,train,0
OC(c1cccnc1)(c1cccnc1)C(c1ccccc1)N1CCNCC1,5.638083381,train,0
OCCOCCN1CCN(C2=Nc3ccccc3Sc3ccccc32)CC1,5.239924488,train,0
O[C@@H](c1cc(C(F)(F)F)nc2c(C(F)(F)F)cccc12)[C@H]1CCCCN1,5.584859648,train,0
O[C@H]1CNCCC[C@@H]1n1c2ccc(C(F)(F)F)cc2c2cc(C(F)(F)F)ccc21,5.927750102,train,0
O[C@H]1C[C@H](CN2CCC(c3c(Cl)cccc3Cl)CC2)CCc2cccnc21,6.026410377,train,0
O[C@H]1C[C@H](CN2CCC(c3ccccc3Cl)CC2)CCc2cccnc21,5.823619308,train,0
O[C@H]1Cc2ccccc2C2(CCC(N3CCN(C4CCCCC4)CC3)CC2)O1,5.49376564,train,0
Oc1ccc(-c2ccc3[nH]nc(-c4cncc(O[C@H]5CNCCC56CC6)n4)c3c2)c(F)c1,6.096367484,train,0
Oc1ccc(Br)c2c1CNC(CN1CCC3(CCc4ccccc43)CC1)C2,5.999565923,train,0
Oc1ccc(C2=CC3(CCNCC3)Oc3ccccc32)cc1,6.191114133,train,0
Oc1ccc(CN2CC(CNc3ccccc3)C3(C2)CN(c2ccccc2)C3)cc1,5.657379957,train,0
Oc1ccc(Cl)c2c1CNC(CN1CCC3(CCc4ccccc43)CC1)C2,5.761702932,train,0
Oc1ccc(Oc2ccnc3cc(-c4cnn(C5CCNCC5)c4)ccc23)cc1,5.558933593,train,0
Oc1ccc2c(c1)CC(CN1CCC3(CCc4ccccc43)CC1)NC2,6.467245621,train,0
Oc1ccc2ccccc2c1/N=N/c1nccs1,6.507239611,train,0
Oc1cccc2c1CNC(CN1CCC3(CCc4ccccc43)CC1)C2,6.026410377,train,0
Oc1nnc2c3cc(-c4ccccc4)c(-c4ccc(CN5CCC(c6n[nH]c(-c7ccccn7)n6)CC5)cc4)nc3ccn12,5.274660184,train,0
[2H]C(Nc1cc(C(F)(F)F)cc2ncc(N3CCN(C)CC3)cc12)c1cccc([N+](=O)[O-])c1,5.895854449,train,0
[2H]C(Nc1cc(C(F)(F)F)cc2ncc(N3CCN(CC([2H])([2H])O)CC3)cc12)c1cccc([N+](=O)[O-])c1,6.317854924,train,0
[2H]C([2H])(O)CN1CCN(c2cnc3cc(C(F)(F)F)cc(NCc4cccc([N+](=O)[O-])c4)c3c2)CC1,6.793174124,train,0
c1cc(-c2cnc3c(c2)C[C@@]2(CN4CCC2CC4)O3)co1,5.795608668,train,0
c1cc2nonc2cc1CCN1CCN(CCc2ccc3nonc3c2)CC1,7.167491087,train,0
c1ccc(-c2[nH]c3ccccc3c2C2CC3CCC(C2)N3c2ccccc2)cc1,7.726304412,train,0
c1ccc(-c2[nH]c3ccccc3c2C2CCCNC2)cc1,5.309911177,train,0
c1ccc(-c2cc(NC3=NC[C@@]4(CN5CCC4CC5)O3)ncn2)cc1,5.397831449,train,0
c1ccc(-c2cccc3nc(-c4ccncc4)nc(NCc4ccccn4)c23)cc1,5.173860382,train,0
c1ccc(-c2cccc3nc(-c4cncs4)nc(NCc4ccccn4)c23)cc1,5.207538269,train,0
c1ccc(-c2ccccc2CC(c2cccnc2)c2cccnc2)cc1,5.117988038,train,0
c1ccc(-n2cc(-c3ccnc4ccccc34)cn2)cc1,5.601886308,train,0
c1ccc(C(Cc2ccccc2OC2CC2)N2CCNCC2)cc1,5.193752173,train,0
c1ccc(C(Cc2ccccc2OCC2CC2)N2CCNCC2)cc1,5.528561593,train,0
c1ccc(C2=Nc3ccccc3C2C2CCN(c3ccccc3)CC2)cc1,7.094581931,train,0
c1ccc(CC2(c3ccc4[nH]ccc4c3)CCNC2)cc1,5.045709238,train,0
c1ccc(CCc2cccc(CCc3ccccc3)n2)cc1,5.793443956,train,0
c1ccc(COc2ccc(CCNc3ccncc3)cc2)cc1,6.882728704,train,0
c1ccc(Cn2cc(-c3ccncc3)c3ccncc32)cc1,5.244048959,train,0
c1ccc(Cn2ccc3c(OC4CCN(Cc5cscn5)CC4)ncnc32)cc1,6.118615343,train,0
c1ccc(OCc2cccc(COc3ccccc3)n2)cc1,7.124938737,train,0
c1ccc([C@@H]2Sc3ccccc3O[C@@H]2c2ccc(OCCCN3CCCC3)cc2)cc1,7.886056648,train,0
c1ccc([C@]2(CCNCc3cccs3)CCOC3(CCCC3)C2)nc1,5.638083381,train,0
c1ccc2c(c1)CC(CN1CCC3(CCc4ccccc43)CC1)CO2,5.823619308,train,0
c1ccc2cc(NC3=NC[C@@]4(CN5CCC4CC5)O3)ncc2c1,5.494714326,train,0
c1cnc2c(N3CCN(CCCCc4ccc(OCCCN5CCCCCC5)cc4)CC3)cccc2c1,5.799726939,train,0
c1cnc2c(N3CCN(CCCc4ccc(OCCCN5CCCCCC5)cc4)CC3)cccc2c1,5.999565923,train,0
c1cnc2c(N3CCN(CCc4ccc(OCCCN5CCCCCC5)cc4)CC3)cccc2c1,5.099945457,train,0
c1cncc(-c2ccc(-c3noc(C4CN5CCC4CC5)n3)o2)c1,5.193752173,train,0
c1ncc(-c2cc3sc(N4CCC(N5CCCCC5)CC4)nc3cn2)cn1,5.194197483,train,0
C=C(C)COc1ccccc1CN1CCC2(CC1)CCN(C(=O)c1ccncc1)CC2,5.794708972,test,20
C=CCOC[C@H]1CC[C@@H](N2CC(NC(=O)CNc3nn(C)c4ccc(C(F)(F)F)cc34)C2)CC1,5.300943145,test,31
C=CCO[C@H]1CC[C@@H](N2CC(NC(=O)CNc3n[nH]c4ccc(C(F)(F)F)cc34)C2)CC1,5.130709596,test,31
CC(=O)N1CCC(C2N[C@@H](c3nc(-c4ccccc4)c[nH]3)Cc3c2[nH]c2ccccc32)CC1,5.008729611,test,34
CC(=O)NC1CCN(CCc2ccc(Oc3nc4ccccc4s3)cc2)CC1,5.045709238,test,12
CC(=O)N[C@@H](CCN1[C@H]2CC[C@@H]1C[C@H](n1c(C)nc3c1CCN(C(=O)C(C)(C)C)C3)C2)c1cccc(F)c1,5.300943145,test,18
CC(=O)N[C@@H](CCN1[C@H]2CC[C@@H]1C[C@H](n1c(C)nc3c1CCN(C(C)=O)C3)C2)c1cccc(F)c1,5.300943145,test,18
CC(=O)N[C@@H](CCN1[C@H]2CC[C@@H]1C[C@H](n1c(C)nc3c1CCN(c1ccncn1)C3)C2)c1cccc(F)c1,7.958607315,test,18
CC(=O)N[C@@H](CCN1[C@H]2CC[C@@H]1C[C@H](n1c(C)nc3c1CCN(c1cnccn1)C3)C2)c1cccc(F)c1,5.999565923,test,18
CC(=O)N[C@@H](CCN1[C@H]2CC[C@@H]1C[C@H](n1c(C)nc3ccccc31)C2)c1ccccc1,5.823619308,test,18
CC(=O)Nc1ccc(CCN2CCC(COc3nc4ccccc4c4cn(C)cc34)CC2)cc1,7.677780705,test,12
CC(C)(C#N)CC#Cc1c(Cl)c2c(Cl)cc(C(N)=O)nc2n1[C@H]1CCCNC1,8.397940009,test,26
CC(C)(C)NC(=O)n1nc(NCC(=O)NC2CN([C@H]3CC[C@@H](c4ccc5c(c4)OCO5)CC3)C2)c2cc(C(F)(F)F)ccc21,5.327809749,test,31
CC(C)(C)NCc1ccc(Nc2ccnc3cc(Cl)ccc23)cc1O,5.124880835,test,4
CC(C)(C)c1cc(C(=O)N2CCN(CCCCCC(c3ccc(F)cc3)c3ccc(F)cc3)CC2)cc(C(C)(C)C)c1O,6.600326279,test,30
CC(C)(C)c1cc(CN2CCC(CNCCCCCC(c3ccc(F)cc3)c3ccc(F)cc3)C2)cc(C(C)(C)C)c1O,7.958607315,test,30
CC(C)(C)c1cc(CN2CCN(CCCCCC(c3ccc(F)cc3)c3ccc(F)cc3)CC2)cc(C(C)(C)C)c1,6.995678626,test,30
CC(C)(C)c1cc(CNCC2CCN(CCCCCC(c3ccc(F)cc3)c3ccc(F)cc3)C2)cc(C(C)(C)C)c1,6.336299075,test,30
CC(C)(C)c1cc(CNCC2CCN(CCCCCC(c3ccc(F)cc3)c3ccc(F)cc3)C2)cc(C(C)(C)C)c1O,6.059981845,test,30
CC(C)(Cc1ccc2ccccc2c1)NC[C@@H](O)COc1ccc(CCC(=O)O)cc1,7.403402904,test,6
CC(C)(Cc1ccc2ccccc2c1)NC[C@@H](O)COc1ccc(CCC(=O)O)cc1C#N,7.472370099,test,6
CC(C)(Cc1ccc2ccccc2c1)NC[C@@H](O)COc1ccccc1C#N,8.37675071,test,6
CC(C)COc1ccccc1CN1CCC2(CC1)CCN(C(=O)c1ccncc1)CC2,5.719772302,test,20
CC(C)N1CCN(CCN2CCN(c3cccc(OC(F)(F)F)c3)C2=O)CC1,5.799726939,test,27
CC(C)N1CCN(Cc2cnc(-c3ccc(C(=O)Nc4ccccc4N)cc3)c(Cl)c2)CC1,5.149938526,test,7
CC(C)[C@H]1CC[C@@H](N2CC(NC(=O)CNc3n[nH]c4ccc(C(F)(F)F)cc34)C2)CC1,5.207538269,test,31
CC(C)c1noc(C2CCN(C(C)C[C@H](NC(=O)C3CCC3)c3ccccc3)CC2)n1,5.782252927,test,1
CC(C[C@H](NC(=O)C1CCC1)c1ccccc1)N1CCC(c2[nH]ncc2-c2ccncc2)CC1,6.928117993,test,1
CC(C[C@H](NC(=O)C1CCC1)c1ccccc1)N1CCC(n2cc(-c3ccccc3)[nH]c2=O)CC1,8.244125144,test,1
CC(O)(c1ccc(CN2CCC3(CC2)OCc2cc(F)ncc23)cc1)c1ccc(F)c(F)c1,6.274905479,test,24
CC(O)c1cn(-c2ccc(F)cc2)c2ccc(Cl)cc12,5.341893164,test,17
CC1(C#Cc2c(Cl)c3c(Cl)cc(C(N)=O)nc3n2[C@H]2CCCNC2)COC1,8.397940009,test,26
CC1(C)Cc2c(CN3CCC4(CC3)CCN(C(=O)c3ccncc3)CC4)cccc2O1,5.149938526,test,20
CC1(C)Oc2cccc(CN3CCC4(CC3)CCN(C(=O)c3ccnc(N)c3)CC4)c2O1,6.119426479,test,20
CC1(CC#Cc2c(Cl)c3c(Cl)cc(C(N)=O)nc3n2[C@H]2CCCNC2)COC1,8.22184875,test,26
CC1(CN)CCN(c2cnc(-c3cccc(Cl)c3Cl)c(N)n2)CC1,5.769295686,test,15
CC1(CN)CCN(c2cnc(Sc3cccc(Cl)c3Cl)c(N)n2)CC1,5.61960784,test,15
CC1(N)CCN(c2cnc(Sc3cccc(Cl)c3Cl)c(N)n2)CC1,5.552686891,test,15
CC1(N)CCN(c2cnc(Sc3ccccc3Cl)c(N)n2)CC1,5.214598975,test,15
CC1=C(c2ccc(OCCCN3CCCC3)cc2)Oc2ccccc2S1,8.26760624,test,29
CC1=C(c2ccc(OCCCN3CCCC3)cc2)Oc2ccccc2S1(=O)=O,6.326979093,test,29
CC1C(c2ccc(OCCCN3CCCC3)cc2)Oc2ccccc2S1(=O)=O,5.885722703,test,29
CC1CCN(CCN2CCN(c3cccc(Cl)c3)C2=O)CC1,5.799726939,test,27
CC1Cc2cccc(CN3CCC4(CC3)CCN(C(=O)c3ccncc3)CC4)c2O1,5.089946315,test,20
CCC(=O)N1CCc2c(nc(C)n2[C@@H]2C[C@@H]3CC[C@H](C2)N3CC[C@H](NC(C)=O)c2cccc(F)c2)C1,5.300943145,test,18
CCC(=O)c1cn(-c2ccc(F)cc2)c2ccc(Cl)cc12,5.710411047,test,17
CCC(=S)N1CCC(CN2CC[C@H](NC(=O)c3cc(Cl)c(N)cc3OC)[C@H](OC)C2)CC1,5.543178652,test,22
CCC(CC)c1cn(-c2ccc(F)cc2)c2ccc(Cl)cc12,5.829444941,test,17
CCCC(=O)N1CCc2c(nc(C)n2[C@@H]2C[C@@H]3CC[C@H](C2)N3CC[C@H](NC(C)=O)c2cccc(F)c2)C1,5.221776373,test,18
CCCC1(CC)Cc2c(CN3CCC4(CC3)CCN(C(=O)c3ccc(N)cn3)CC4)cccc2O1,5.429882844,test,20
CCCCC1(CCCC)N[C@@H](c2nc(-c3ccccc3)c[nH]2)Cc2c1[nH]c1ccccc21,6.821023053,test,34
CCCCCCCN(CC)C/C=C/CCc1ccc(Cl)cc1,6.621602099,test,19
CCCCCCCN(CC)CC#CCCc1ccc(C)cc1,5.723308471,test,19
CCCCCCCN(CC)CC#CCCc1ccccc1,5.357041121,test,19
CCCCCCCN(CC)CC#CCc1ccc(C)cc1,5.293196903,test,19
CCCCCCCN(CC)CCCCCc1ccc(Cl)cc1,6.906578315,test,19
CCCCCCCN(CC)CCCCc1ccc(Cl)cc1,7.816135727,test,19
CCCCCCCN(CC)CCCCc1ccccc1,6.294992041,test,19
CCCCN(CC)CCCCCc1ccc(Cl)cc1,5.601886308,test,19
CCCCN(Cc1cncn1Cc1ccc(C#N)cc1)[C@H]1CCN(Cc2ccccc2)C1=O,6.718966633,test,21
CCCCN1CCC[C@@H]1Cn1nc(Cc2ccc(Cl)cc2)c2ccccc2c1=O,7.773400095,test,28
CCCCN1CCC[C@@H]1Cn1nc(Cc2ccc(Cl)cc2)c2cccnc2c1=O,7.094581931,test,28
CCCCN1CCC[C@@H]1Cn1nc(Cc2ccc(Cl)cc2)c2cnccc2c1=O,7.291409155,test,28
CCCCN1CCC[C@@H]1Cn1nc(Cc2ccc(Cl)cc2)c2ncccc2c1=O,8.302683458,test,28
CCCN1CNc2cc(Nc3ccnc4cc(Cl)ccc34)ccc2C1,7.638272164,test,4
CCN(CC)CCCC(C)Nc1ccnc2cc(Cl)ccc12,5.601886308,test,4
CCN(CC)Cc1ccc(Nc2ccnc3cc(Cl)ccc23)cc1O,5.40882405,test,4
CCO/N=C(/c1ccc(CN2CCC3(CC2)OCc2cc(F)ncc23)cc1)c1ccc(F)c(F)c1,6.850780887,test,24
CCO/N=C(/c1ccc(F)c(F)c1)c1ccc(CN2CCC3(CC2)OCc2cc(F)ncc23)cn1,5.746904414,test,24
CCO/N=C(/c1ccc(F)c(F)c1)c1ccc(CN2CCC3(CC2)OCc2cn(C)c(=O)cc23)cn1,5.435215615,test,24
CCOC(=O)N1CCC(CN2CC[C@H](NC(=O)c3cc(Cl)c(N)cc3OC)[C@H](OC)C2)CC1,5.339039708,test,22
CCOC(=O)[C@H]1CC[C@@H](N2CC(NC(=O)CNC3=NC(Cc4ccccc4)c4ccc(C(F)(F)F)cc43)C2)CC1,5.853561865,test,31
CCOC(=O)[C@H]1CC[C@@H](N2CC(NC(=O)CNc3n[nH]c4ccc(C(F)(F)F)cc34)C2)CC1,5.040910886,test,31
CCOC(=O)[C@H]1CC[C@@H](N2CC(NC(=O)CNc3nn(C)c4ccc(C(F)(F)F)cc34)C2)CC1,5.09685573,test,31
CCOC(=O)[C@H]1CC[C@@H](N2CC(NC(=O)CNc3nn(C4CCCC4)c4ccc(C(F)(F)F)cc34)C2)CC1,5.387110231,test,31
CCOC(=O)[C@H]1CC[C@@H](N2CC(NC(=O)CNc3nn(CC(F)(F)F)c4ccc(C(F)(F)F)cc34)C2)CC1,5.601886308,test,31
CCOC(=O)[C@H]1CC[C@@H](N2CC(NC(=O)CNc3nn(CC)c4ccc(C(F)(F)F)cc34)C2)CC1,5.119129267,test,31
CCOC(=O)[C@H]1CC[C@@H](N2CC(NC(=O)CNc3noc4ccc(C(F)(F)F)cc34)C2)CC1,5.251734427,test,31
CCOC(=O)c1ccc([C@@]2(c3cnn(C)c3)N[C@@H](c3nc(-c4ccc(F)cc4)c[nH]3)Cc3c2[nH]c2ccccc32)nc1,5.545765104,test,34
CCOC(=O)c1ccc([C@]2(c3cnn(C)c3)N[C@@H](c3nc(-c4ccc(F)cc4)c[nH]3)Cc3c2[nH]c2ccccc32)nc1,5.792634963,test,34
CCOC(=O)c1cccc([C@@]2(c3cnn(C)c3)N[C@@H](c3nc(-c4ccc(F)cc4)c[nH]3)Cc3c2[nH]c2ccccc32)n1,6.203425667,test,34
CCOC(=O)c1cccc([C@]2(c3cnn(C)c3)N[C@@H](c3nc(-c4ccc(F)cc4)c[nH]3)Cc3c2[nH]c2ccccc32)n1,6.149966742,test,34
CCOC(=O)c1ccnc([C@@]2(c3cnn(C)c3)N[C@@H](c3nc(-c4ccc(F)cc4)c[nH]3)Cc3c2[nH]c2ccccc32)c1,5.918652692,test,34
CCOC(=O)c1ccnc([C@]2(c3cnn(C)c3)N[C@@H](c3nc(-c4ccc(F)cc4)c[nH]3)Cc3c2[nH]c2ccccc32)c1,5.847405922,test,34
CCOC(=O)c1cncc([C@@]2(c3cnn(C)c3)N[C@@H](c3nc(-c4ccc(F)cc4)c[nH]3)Cc3c2[nH]c2ccccc32)c1,5.598427154,test,34
CCOC(=O)c1cncc([C@]2(c3cnn(C)c3)N[C@@H](c3nc(-c4ccc(F)cc4)c[nH]3)Cc3c2[nH]c2ccccc32)c1,5.646276062,test,34
CCOCC1(COCC)N[C@@H](c2nc(-c3ccccc3)c[nH]2)Cc2c1[nH]c1ccccc21,6.752026734,test,34
CCOC[C@H]1CC[C@@H](N2CC(NC(=O)CNc3nn(C)c4ccc(C(F)(F)F)cc34)C2)CC1,5.251734427,test,31
CCO[C@H]1CC[C@@H](N2CC(NC(=O)CNc3n[nH]c4ccc(C(F)(F)F)cc34)C2)CC1,5.346690987,test,31
CC[C@@H]1Sc2ccccc2O[C@@H]1c1ccc(OCCCN2CCCC2)cc1,7.920818754,test,29
CCc1ccc2c(=O)cc(C(=O)NC3CCN(Cc4ccc5c(c4)OCO5)CC3)oc2c1,8.075720714,test,23
CCc1cn(-c2ccc(F)cc2)c2ccc(Cl)cc12,5.455807889,test,17
CCc1nc([C@]2(c3cnn(C)c3)N[C@@H](c3nc(-c4ccc(F)cn4)c[nH]3)Cc3c2[nH]c2ccccc32)no1,5.01768353,test,34
CCc1nc2cc3c(cc2o1)CCN(CCCSc1nnc(-c2ccc(C(F)(F)F)cc2)n1C)CC3,6.598272138,test,33
CCc1nc2cc3c(cc2o1)CCN(CCCSc1nnc(-c2ccc(F)c(F)c2)n1C)CC3,5.899653583,test,33
CCc1nnc([C@]2(c3cnn(C)c3)N[C@@H](c3nc(-c4ccc(F)cn4)c[nH]3)Cc3c2[nH]c2ccccc32)o1,5.366430557,test,34
CCn1cc([C@@]2(c3nn(C(C)C)c(=O)o3)N[C@@H](c3nc(-c4ccc(F)cn4)c[nH]3)Cc3c2[nH]c2ccccc32)cn1,5.113452877,test,34
CCn1cc([C@@]2(c3nn(CC)c(=O)o3)N[C@@H](c3nc(-c4ccc(F)cn4)c[nH]3)Cc3c2[nH]c2ccccc32)cn1,5.113452877,test,34
CCn1cc([C@@]2(c3nn(CC4CC4)c(=O)o3)N[C@@H](c3nc(-c4ccc(F)cn4)c[nH]3)Cc3c2[nH]c2ccccc32)cn1,5.259558355,test,34
CCn1cc([C@@]2(c3nn(CCN(C)C)c(=O)o3)N[C@@H](c3nc(-c4ccc(F)cn4)c[nH]3)Cc3c2[nH]c2ccccc32)cn1,5.468393368,test,34
CCn1cc([C@@]2(c3nnc(C)o3)N[C@@H](c3nc(-c4ccc(F)cn4)c[nH]3)Cc3c2[nH]c2ccccc32)cn1,5.070529984,test,34
CCn1cc([C@@]2(c3nnc(N(C)C)o3)N[C@@H](c3nc(-c4ccc(F)cn4)c[nH]3)Cc3c2[nH]c2ccccc32)cn1,5.259558355,test,34
CCn1cc([C@@]2(c3nnc(NC)o3)N[C@@H](c3nc(-c4ccc(F)cn4)c[nH]3)Cc3c2[nH]c2ccccc32)cn1,5.958212681,test,34
CCn1cc([C@@]2(c3nnc(SC)o3)N[C@@H](c3nc(-c4ccc(F)cn4)c[nH]3)Cc3c2[nH]c2ccccc32)cn1,5.795608668,test,34
CCn1cc([C@@]2(c3noc(C)n3)N[C@@H](c3nc(-c4ccc(F)cn4)c[nH]3)Cc3c2[nH]c2ccccc32)cn1,5.136617652,test,34
CN(C)Cc1cn(-c2ccc(F)cc2)c2ccc(Cl)cc12,7.921543787,test,17
CN(C)c1cn(-c2ccc(F)cc2)c2ccc(Cl)cc12,7.920818754,test,17
CN(Cc1ccccn1)Cc1ccccc1CNc1ccnc2cc(Cl)ccc12,6.059742641,test,4
CN(c1ccc(-c2cc3ccccc3cc2O)nn1)C1CC(C)(C)NC(C)(C)C1,7.091514981,test,14
CN(c1ccc(-c2cc3ccccc3s2)nn1)C1CC(C)(C)NC(C)(C)C1,6.954677021,test,14
CN(c1ccc(-c2ccc(-c3cn[nH]c3)cc2O)nn1)C1CC(C)(C)NC(C)(C)C1,5.221776373,test,14
CN(c1ccc(-c2ccc(-n3cccn3)cc2O)nn1)C1CC(C)(C)NC(C)(C)C1,6.521433504,test,14
CN(c1ccc(-c2ccc(C#N)cc2O)nn1)C1CC(C)(C)NC(C)(C)C1,6.521433504,test,14
CN(c1ccc(-c2ccc(F)cc2O)nn1)C1CC(C)(C)NC(C)(C)C1,5.657379957,test,14
CN1CCC[C@@H]1Cn1nc(Cc2ccc(Cl)cc2)c2ccccc2c1=O,6.697820646,test,28
CN1CCC[C@@H]1Cn1nc(Cc2ccc(Cl)cc2)c2cccnc2c1=O,5.599826522,test,28
CN1CCC[C@@H]1Cn1nc(Cc2ccc(Cl)cc2)c2ccncc2c1=O,5.899653583,test,28
CN1CCC[C@@H]1Cn1nc(Cc2ccc(Cl)cc2)c2cnccc2c1=O,5.599826522,test,28
CN1CCC[C@@H]1Cn1nc(Cc2ccc(Cl)cc2)c2ncccc2c1=O,6.797266542,test,28
CN1CCC[C@@H]1Cn1nc(Cc2ccc(Cl)cc2)c2nccnc2c1=O,5.899653583,test,28
CN1CCN(CCN2CCN(c3cccc(Cl)c3)C2=O)CC1,5.39989111,test,27
CN1CCN(c2ncc(C(=O)Nc3ccc(OC(F)(F)F)cc3)cc2-c2cncnc2)CC1,6.507239611,test,8
CNC(=O)N1CCC(C2N[C@@H](c3nc(-c4ccccc4)c[nH]3)Cc3c2[nH]c2ccccc32)CC1,6.617982957,test,34
CO/N=C(/c1ccc(CN2CCC3(CC2)OCc2cc(F)ncc23)cc1)c1ccc(F)c(F)c1,6.600326279,test,24
COC(=O)C(CCCN(C)CCCc1nc2ccccc2[nH]1)(c1ccc(Br)cc1)C(C)C,6.747146969,test,16
COC(=O)C(CCCN1CC=C(c2ccccc2OC)CC1)(c1ccc(Br)cc1)C(C)C,5.899284913,test,16
COC(=O)C(CCCN1CCC(c2ccccc2OC)CC1)(c1ccc(Br)cc1)C(C)C,6.107348966,test,16
COC(=O)N1CCC(C2N[C@@H](c3nc(-c4ccccc4)c[nH]3)Cc3c2[nH]c2ccccc32)CC1,6.154281982,test,34
COC(C)(C)CC#Cc1c(Cl)c2c(Cl)cc(C(N)=O)nc2n1[C@H]1CCCNC1,8.301029996,test,26
COCC(C)(C)C#Cc1c(Cl)c2c(Cl)cc(C(N)=O)nc2n1[C@H]1CCCNC1,8.677780705,test,26
COCCN1CCC(CNC(=O)c2n[nH]c3ccc(-c4cccc(F)c4F)cc23)CC1,7.346787486,test,10
COCCN1CCC[C@@H]1Cn1nc(Cc2ccc(Cl)cc2)c2ccccc2c1=O,6.598272138,test,28
COCCN1CCC[C@@H]1Cn1nc(Cc2ccc(Cl)cc2)c2cccnc2c1=O,5.299913558,test,28
COCCN1CCC[C@@H]1Cn1nc(Cc2ccc(Cl)cc2)c2cnccc2c1=O,5.899653583,test,28
COCCN1CCC[C@@H]1Cn1nc(Cc2ccc(Cl)cc2)c2ncccc2c1=O,7.19314197,test,28
COCc1ccc(CCN2CCC(COc3nc4ccccc4c4cn(C)cc34)CC2)cc1,7.677780705,test,12
CO[C@@]1(CC23CCC(NCc4ccc5c(n4)NC(=O)CO5)(CC2)CO3)Cn2c(=O)ccc3ncc(F)c1c32,5.136617652,test,25
COc1c(C(C)(C)C)cc(C(=O)N2CCN(C(=O)CCCCC(c3ccc(F)cc3)c3ccc(F)cc3)CC2)cc1C(C)(C)C,5.045709238,test,30
COc1c(C(C)(C)C)cc(C(=O)N2CCN(C(=O)CCCCC(c3ccc(F)cc3)c3ccc(F)cc3)C[C@@H]2C)cc1C(C)(C)C,5.309715297,test,30
COc1c(C(C)(C)C)cc(C(=O)N2CCN(C(=O)CCCCC(c3ccc(F)cc3)c3ccc(F)cc3)[C@@H](C)C2)cc1C(C)(C)C,6.045275209,test,30
COc1c(C(C)(C)C)cc(C(=O)N2CCN(CCCCCC(c3ccc(F)cc3)c3ccc(F)cc3)CC2)cc1C(C)(C)C,6.179798541,test,30
COc1c(C(C)(C)C)cc(C(=O)NCC2CCN(CCCCCC(c3ccc(F)cc3)c3ccc(F)cc3)C2)cc1C(C)(C)C,6.995678626,test,30
COc1c(C(C)(C)C)cc(CN2CCC(CNCCCCCC(c3ccc(F)cc3)c3ccc(F)cc3)C2)cc1C(C)(C)C,6.954677021,test,30
COc1c(C(C)(C)C)cc(CN2CCN(C(=O)CCCCC(c3ccc(F)cc3)c3ccc(F)cc3)CC2)cc1C(C)(C)C,6.882728704,test,30
COc1c(C(C)(C)C)cc(CN2CCN(CCCCCC(c3ccc(F)cc3)c3ccc(F)cc3)CC2)cc1C(C)(C)C,6.995678626,test,30
COc1cc(-n2ccnc(CCCc3ccccc3)c2=O)ccc1OCCN1CCCC1,5.136617652,test,5
COc1cc(-n2cnc3cc(-c4ccc(Cl)cc4)sc3c2=O)ccc1OCCN1CCCC1,5.931443105,test,5
COc1cc(-n2cnn3cc(-c4ccc(Cl)cc4)cc3c2=O)ccc1OCCN1CCCC1,5.259558355,test,5
COc1cc(CN2CCC(CNCCCCCC(c3ccc(F)cc3)c3ccc(F)cc3)C2)cc(OC)c1OC,6.995678626,test,30
COc1cc(CN2CCN(CCCCCC(c3ccc(F)cc3)c3ccc(F)cc3)CC2)cc(OC)c1OC,5.932624498,test,30
COc1cc(CNCC2CCN(CCCCCC(c3ccc(F)cc3)c3ccc(F)cc3)C2)cc(OC)c1OC,7.387216143,test,30
COc1cc(N)c(Cl)cc1C(=O)NC1CCN(Cc2ccccc2)CC1,6.21927955,test,22
COc1cc(N)c(Cl)cc1C(=O)N[C@@H]1CCN(CCCOc2ccc(F)cc2)C[C@@H]1OC,7.886056648,test,22
COc1cc(N)c(Cl)cc1C(=O)N[C@H]1CCN(CC2CCN(C(=O)NC(C)C)CC2)C[C@H]1OC,5.121938019,test,22
COc1cc(N)c(Cl)cc1C(=O)N[C@H]1CCN(CC2CCN(C(=S)C(C)C)CC2)C[C@H]1OC,5.94577009,test,22
COc1cc(N)c(Cl)cc1C(=O)N[C@H]1CCN(CCC(=O)N2CCC(Cc3ccccc3)CC2)C[C@H]1OC,5.431563586,test,22
COc1cc(N)c(Cl)cc1C(=O)N[C@H]1CCN(CCCOc2ccc(F)cc2)C[C@H]1OC,6.718966633,test,22
COc1cc(N)c(Cl)cc1C(=O)N[C@H]1CCN(CCCn2cccc2)C[C@H]1OC,5.165197946,test,22
COc1cc(N)c(Cl)cc1C(=O)N[C@H]1CCN(CCCn2cncn2)C[C@H]1OC,5.112832979,test,22
COc1ccc(-c2c[nH]c([C@H]3Cc4c([nH]c5ccccc45)[C@@H](C4CCOCC4)N3)n2)cc1,7.15490196,test,34
COc1ccc(-c2nnc(SCCCN3CCc4ccc(-c5cc(C)on5)cc4CC3)n2C)cc1,7.389233405,test,33
COc1ccc(-c2nnc(SCCCN3CCc4ccc(-c5cc(C)on5)cc4CC3)n2C)cn1,6.797266542,test,33
COc1ccc(C(=O)Nc2ccc(OC(F)(F)F)cc2)cc1-c1cncnc1,5.958212681,test,8
COc1ccc(CC(C)(C)NCC(O)COc2ccccc2C#N)cc1,5.455807889,test,6
COc1ccc(CC(C)(C)NC[C@H](O)COc2cccc3[nH]c(=O)[nH]c23)cc1,7.89279003,test,6
COc1ccc(CCN2C(=O)N(NS(=O)(=O)Cc3ccccc3)C[C@@H]2c2ccc(OC)cc2)cc1,5.356448631,test,2
COc1ccc(CCN2C(=O)N(NS(C)(=O)=O)CC2c2ccc(C(F)(F)F)cc2)cc1,5.040910886,test,2
COc1ccc(CCN2C(=O)N(NS(C)(=O)=O)CC2c2ccc(C3CC3)cc2)cc1,5.075669015,test,2
COc1ccc(CCN2C[C@H](CNC(=O)c3cccc(Cl)c3)[C@@H](c3ccc(OC)cc3)C2)cc1,7.537602002,test,2
COc1ccc([C@H]2CC[C@@H](N3CC(NC(=O)CNc4n[nH]c5ccc(C(F)(F)F)cc45)C3)CC2)cn1,5.601886308,test,31
COc1ccc([C@H]2CC[C@@H](N3CC(NC(=O)CNc4noc5ccc(C(F)(F)F)cc45)C3)CC2)cn1,8.013228266,test,31
COc1ccc([C@H]2CN(NS(C)(=O)=O)C(=O)N2CCc2ccc(OC(F)(F)F)cc2)cc1,5.251734427,test,2
COc1ccc2c(c1)OC(c1ccc(OCCCN3CCCC3)cc1)C(C)S2(=O)=O,5.769295686,test,29
COc1ccc2c(c1)S(=O)(=O)C(C)C(c1ccc(OCCCN3CCCC3)cc1)O2,5.999565923,test,29
COc1cccc(-c2c[nH]c([C@H]3Cc4c([nH]c5ccccc45)[C@](c4cnn(C)c4)(c4noc(C)n4)N3)n2)n1,5.441291429,test,34
COc1cccc2c1OC(c1ccc(OCCCN3CCCC3)cc1)C(C)S2(=O)=O,5.154839922,test,29
COc1cccc2c1OC(c1ccc(OCCCN3CCCCC3)cc1)C(C)S2(=O)=O,5.318668294,test,29
COc1cccc2c1O[C@@H](c1ccc(OCCCN3CCCC3)cc1)[C@H](C)S2(=O)=O,5.309715297,test,29
COc1cccc2c1O[C@H](c1ccc(OCCCN3CCCC3)cc1)[C@@H](C)S2(=O)=O,5.207538269,test,29
COc1cccc2c1S(=O)(=O)C(C)C(c1ccc(OCCCN3CCCC3)cc1)O2,5.20059052,test,29
COc1ccccc1-c1nnc(SCCCN2CCc3ccc(-c4cc(C)on4)cc3CC2)n1C,7.389233405,test,33
COc1ccccc1N1CCN(CCCC(C(=O)O)(c2ccc(Br)cc2)C(C)C)CC1,5.402195158,test,16
COc1ccccc1N1CCN(CCCCNS(=O)(=O)c2ccc(C)cc2)CC1,5.300943145,test,16
COc1ccccc1N1CCN(CCCCOc2ccc3c(C)cc(=O)oc3c2)CC1,7.494850022,test,16
COc1ccccc1N1CCN(C[C@@H](O)COc2ccc(C(F)(F)F)cc2)CC1,5.40329297,test,16
COc1ccccc1Oc1ccccc1CN1CCC2(CC1)CCN(C(=O)c1ccccn1)CC2,6.916389895,test,20
COc1ccccc1Oc1ccccc1CN1CCC2(CC1)CCN(C(=O)c1ccncc1)CC2,7.505845406,test,20
CS(=O)(=O)Cc1ccc(CN2[C@H]3CC[C@@H]2C[C@@H](Oc2cccc(C(N)=O)c2)C3)cc1,8.119186408,test,32
CS(=O)(=O)N1CCC(C2N[C@@H](c3nc(-c4ccccc4)c[nH]3)Cc3c2[nH]c2ccccc32)CC1,5.455807889,test,34
C[C@@H]1OCC2(CCN(c3cnc4c(-c5cccc(Cl)c5Cl)c[nH]c4n3)CC2)[C@@H]1N,8.096910013,test,15
C[C@@H]1OCC2(CCN(c3cnc4c(-c5cccc(Cl)c5Cl)n[nH]c4n3)CC2)[C@@H]1N,8.301029996,test,15
C[C@@H]1Sc2ccccc2O[C@@H]1c1ccc(OCCCN2CCCC2)cc1,8.22184875,test,29
C[C@@H]1[C@@H](c2ccc(OCCCN3CCCC3)cc2)Oc2ccccc2S1(=O)=O,5.885722703,test,29
C[C@H]1Sc2ccccc2O[C@@H]1c1ccc(OCCCN2CCCC2)cc1,7.585026652,test,29
C[C@H]1[C@@H](c2ccc(OCCCN3CCCC3)cc2)Oc2ccccc2S1(=O)=O,6.355561411,test,29
C[C@H]1[C@H](c2ccc(OCCCN3CCCC3)cc2)Oc2ccccc2S1(=O)=O,6.355561411,test,29
Cc1c(CNC2CCCC2)nn(-c2ccc(Cl)cc2Cl)c1-c1ccc(Cl)cc1,7.619788758,test,3
Cc1c(CNC2CCCC2)nn(-c2ccc(Cl)cc2Cl)c1-c1cccnc1,5.537452271,test,3
Cc1cc(-c2ccc3c(c2)CCN(CCCSc2nnc(-c4ccc(C#N)cc4)n2C)CC3)no1,7.678815973,test,33
Cc1cc(-c2ccc3c(c2)CCN(CCCSc2nnc(-c4ccc(C(F)(F)F)cc4)n2C)CC3)n(C)n1,7.486516043,test,33
Cc1cc(-c2ccc3c(c2)CCN(CCCSc2nnc(-c4ccc(C(F)(F)F)cc4)n2C)CC3)no1,7.19314197,test,33
Cc1cc(-c2ccc3c(c2)CCN(CCCSc2nnc(-c4ccc(Cl)c(Cl)c4)n2C)CC3)no1,7.958607315,test,33
Cc1cc(-c2ccc3c(c2)CCN(CCCSc2nnc(-c4ccc(Cl)cc4)n2C)CC3)no1,7.583026827,test,33
Cc1cc(-c2ccc3c(c2)CCN(CCCSc2nnc(-c4ccc(F)c(F)c4)n2C)CC3)n(C)n1,6.598272138,test,33
Cc1cc(-c2ccc3c(c2)CCN(CCCSc2nnc(-c4ccc5nc(C)c(C)nc5c4)n2C)CC3)no1,6.498625749,test,33
Cc1cc(-c2ccc3c(c2)CCN(CCCSc2nnc(-c4cccc(Cl)c4)n2C)CC3)no1,7.094581931,test,33
Cc1cc(-c2ccc3c(c2)CCN(CCCSc2nnc(-c4cccc(F)c4)n2C)CC3)no1,6.598272138,test,33
Cc1cc(-c2ccc3c(c2)CCN(CCCSc2nnc(-c4ccccc4)n2C)CC3)no1,5.699782895,test,33
Cc1cc(-c2ccc3c(c2)CCN(CCCSc2nnc(-c4ccccc4Cl)n2C)CC3)no1,7.19314197,test,33
Cc1cc(-c2ccc3c(c2)CCN(CCCSc2nnc(-c4ccccn4)n2C)CC3)no1,6.598272138,test,33
Cc1cc(-c2ccc3c(c2)CCN(CCCSc2nnc(-c4cccn4C)n2C)CC3)no1,6.598272138,test,33
Cc1cc(-c2ccc3c(c2)CCN(CCCSc2nnc(-c4cccs4)n2C)CC3)no1,6.896572603,test,33
Cc1cc(-c2ccc3c(c2)CCN(CCCSc2nnc(-c4ccncc4)n2C)CC3)no1,6.099452636,test,33
Cc1cc(-c2ccc3c(c2)CCN(CCCSc2nnc(-c4ocnc4C)n2C)CC3)n(C)n1,5.599826522,test,33
Cc1cc(-c2ccc3c(c2)CCN(CCCSc2nnc(C(C)(C)C)n2C)CC3)no1,6.398907391,test,33
Cc1cc(-c2ccc3c(c2)CCN(CCCSc2nnc(C(C)C)n2C)CC3)no1,5.899653583,test,33
Cc1cc(-c2ccc3c(c2)CCN(CCCSc2nnc(C(F)(F)F)n2C)CC3)no1,6.498625749,test,33
Cc1cc(-c2ccc3c(c2)CCN(CCCSc2nnc(C)n2C)CC3)no1,6.099452636,test,33
Cc1cc(-c2ccc3c(c2)CCN(CCCSc2nnc(C4CCCC4)n2C)CC3)no1,6.099452636,test,33
Cc1cc(-c2ccc3c(c2)CCN(CCCSc2nnc(C4CCOCC4)n2C)CC3)no1,5.39989111,test,33
Cc1cc(C(N)=O)ccc1O[C@@H]1C[C@@H]2CC[C@H](C1)N2Cc1ccccc1,5.999565923,test,32
Cc1cc(O[C@@H]2C[C@@H]3CC[C@H](C2)N3Cc2ccccc2)cc(C(N)=O)c1,6.179798541,test,32
Cc1cc2c(-c3nnc(SCCCN4CCc5ccc(-c6cc(C)nn6C)cc5CC4)n3C)cccc2cn1,5.699782895,test,33
Cc1ccc(-c2c(C)c(CNC3CCCC3)nn2-c2ncc(Cl)cc2Cl)cn1,5.920456993,test,3
Cc1ccc(-c2c[nH]c([C@H]3Cc4c([nH]c5ccccc45)[C@@H](C4CCOCC4)N3)n2)cc1,6.991399828,test,34
Cc1ccc(-c2nnc(SCCCN3CCc4ccc(-c5cc(C)on5)cc4CC3)n2C)cc1,7.583026827,test,33
Cc1ccc(-n2c(-c3ncccc3Cl)nc(CNC3CCCC3)c2C(C)C)cn1,5.004320939,test,3
Cc1ccc(CN2[C@H]3CC[C@@H]2C[C@@H](Oc2cccc(C(N)=O)c2)C3)cc1,8.943095149,test,32
Cc1ccc(CN2[C@H]3CC[C@@H]2C[C@@H](Oc2cccc(C(N)=O)c2)C3)o1,8.420216403,test,32
Cc1ccc(CN2[C@H]3CC[C@@H]2C[C@@H](Oc2cccc(C(N)=O)c2)C3)s1,8.899629455,test,32
Cc1ccc(CN2[C@H]3CC[C@@H]2C[C@H](Oc2cccc(C(N)=O)c2)C3)s1,6.583359493,test,32
Cc1ccc2c(-c3nnc(SCCCN4CCc5cc6nc(C7CC7)oc6cc5CC4)n3C)cccc2n1,5.999565923,test,33
Cc1ccc2c(-c3nnc(SCCCN4CCc5cc6onc(C)c6cc5CC4)n3C)cccc2n1,6.099452636,test,33
Cc1ccc2c(-c3nnc(SCCCN4CCc5ccc(-c6cc(C)nn6C)cc5CC4)n3C)cccc2n1,5.699782895,test,33
Cc1ccc2c(-c3nnc(SCCCN4CCc5ccc(-c6cc(C)on6)cc5CC4)n3C)cccc2n1,6.597852271,test,33
Cc1ccc2c(-c3nnc(SCCCN4CCc5ccc(-c6ncc(C)o6)cc5CC4)n3C)cccc2n1,6.099452636,test,33
Cc1cccc(C)c1NC(=O)CN1CCN(CCCC(c2ccc(F)cc2)c2ccc(F)cc2)CC1,7.773400095,test,30
Cc1cccc(CN2[C@H]3CC[C@@H]2C[C@@H](Oc2cccc(C(N)=O)c2)C3)c1,8.818156412,test,32
Cc1ccccc1CN1[C@H]2CC[C@@H]1C[C@@H](Oc1cccc(C(N)=O)c1)C2,8.790484985,test,32
Cc1cnc(-c2ccc3c(c2)CCN(CCCSc2nnc(-c4cc5ccccc5[nH]4)n2C)CC3)o1,7.291409155,test,33
Cc1cnc(-c2ccc3c(c2)CCN(CCCSc2nnc(-c4ccc5[nH]ccc5c4)n2C)CC3)o1,7.389233405,test,33
Cc1cnc(-c2ccc3c(c2)CCN(CCCSc2nnc(-c4cccn4C)n2C)CC3)o1,6.29913194,test,33
Cc1cnc(-c2ccc3c(c2)CCN(CCCSc2nnc(-c4cccs4)n2C)CC3)o1,6.498625749,test,33
Cc1cnc(-c2nnc(SCCN3CCc4ccc(-c5cc(C)nn5C)cc4CC3)n2C)cn1,5.699782895,test,33
Cc1cncc(-c2c(C)c(CNC3CCCC3)nn2-c2ncccc2Cl)c1,5.045709238,test,3
Cc1nc([C@@]2(c3cnn(C)c3)N[C@@H](c3nc(-c4ccc(F)cn4)c[nH]3)Cc3c2[nH]c2ccccc32)no1,5.188290973,test,34
Cc1nc([C@@]2(c3cnn(C)c3)N[C@@H](c3nc(-c4ccccc4)c[nH]3)Cc3c2[nH]c2ccccc32)no1,5.755970411,test,34
Cc1nc([C@@]2(c3cnn(C)c3)N[C@@H](c3nc(-c4ccccn4)c[nH]3)Cc3c2[nH]c2ccccc32)no1,5.310158591,test,34
Cc1nc([C@]2(c3cn[nH]c3)N[C@@H](c3nc(-c4ccc(F)cn4)c[nH]3)Cc3c2[nH]c2ccccc32)no1,5.376647318,test,34
Cc1nc([C@]2(c3cnn(C)c3)N[C@@H](c3nc(-c4ccc(F)cc4)c[nH]3)Cc3c2[nH]c2ccccc32)no1,5.613797298,test,34
Cc1nc([C@]2(c3cnn(C)c3)N[C@@H](c3nc(-c4ccc(F)cn4)c[nH]3)Cc3c2[nH]c2ccccc32)no1,5.068389606,test,34
Cc1nc([C@]2(c3cnn(C)c3)N[C@@H](c3nc(-c4ccccc4)c[nH]3)Cc3c2[nH]c2ccccc32)no1,5.740406121,test,34
Cc1nc([C@]2(c3cnn(C)c3)N[C@@H](c3nc(-c4ccccn4)c[nH]3)Cc3c2[nH]c2ccccc32)no1,5.259321575,test,34
Cc1nc([C@]2(c3cnn(CC4CC4)c3)N[C@@H](c3nc(-c4ccc(F)cn4)c[nH]3)Cc3c2[nH]c2ccccc32)no1,5.494714326,test,34
Cc1nc2cc3c(cc2o1)CCN(CCCSc1nnc(-c2ccc(C(F)(F)F)cc2)n1C)CC3,5.39989111,test,33
Cc1nc2ccccc2n1C1C[C@@H]2CC[C@H](C1)N2CC[C@H](NC(=O)C1CCSCC1)c1cccc(F)c1,6.130181792,test,18
Cc1ncoc1-c1nnc(SCCCN2CCc3cc4onc(C)c4cc3CC2)n1C,5.199931411,test,33
Cc1nnc(C(C)C)n1C1CCN(C(C)C[C@H](NC(=O)C2CCC2)c2ccccc2)CC1,5.397831449,test,1
Cc1nnc(C)n1C1CCN(C(C)C[C@H](NC(=O)C2CCC2)c2ccccc2)CC1,6.070581074,test,1
Cc1nnc([C@]2(c3cnn(C)c3)N[C@@H](c3nc(-c4ccc(F)cn4)c[nH]3)Cc3c2[nH]c2ccccc32)o1,5.494714326,test,34
Cc1noc2cc3c(cc12)CCN(CCCSc1nnc(-c2ccc(C(F)(F)F)cc2)n1C)CC3,6.896572603,test,33
Cn1c(N2CCC(C)(N)CC2)nc2[nH]nc(-c3cccc(Cl)c3Cl)c2c1=O,6.696803943,test,15
Cn1c(SCCCN2CC3CCN(c4ccccc4)C3C2)nnc1C1CCOCC1,5.449876737,test,33
Cn1cc([C@@]2(c3noc(CN)n3)N[C@@H](c3nc(-c4ccc(F)cn4)c[nH]3)Cc3c2[nH]c2ccccc32)cn1,5.431680915,test,34
Cn1cc([C@@]2(c3noc(O)n3)N[C@@H](c3nc(-c4ccc(F)cn4)c[nH]3)Cc3c2[nH]c2ccccc32)cn1,5.920456993,test,34
Cn1cc2c(OCC3CCN(CCc4ccc(CO)cc4)CC3)nc3ccccc3c2c1,7.958607315,test,12
Cn1nc(NCC(=O)NC2CN([C@H]3CC[C@@H](C4CCCCC4)CC3)C2)c2cc(C(F)(F)F)ccc21,5.508498234,test,31
Cn1nc(NCC(=O)NC2CN([C@H]3CC[C@@H](c4ccc5c(c4)OCO5)CC3)C2)c2cc(C(F)(F)F)ccc21,6.075204004,test,31
Cn1nccc1-c1cc(NC(=O)c2cccc(C(F)(F)F)c2)ccc1OCCN1CCOCC1,6.045275209,test,8
Fc1cc2c(cn1)C1(CCN(Cc3ccc(Nc4ccc(F)c(F)c4)cc3)CC1)OC2,7.619788758,test,24
Fc1cc2c(cn1)C1(CCN(Cc3ccc(Oc4ccc(F)c(F)c4)cc3)CC1)OC2,7.602059991,test,24
Fc1ccc(-c2c[nH]c([C@H]3Cc4c([nH]c5ccccc45)[C@@H](C4CCOCC4)N3)n2)cc1,6.4225082,test,34
Fc1ccc(-c2c[nH]c([C@H]3Cc4c([nH]c5ccccc45)[C@@H](C4CCOCC4)N3)n2)cc1F,6.454692884,test,34
Fc1ccc(-n2cc(C3CCNCC3)c3cc(Cl)ccc32)cc1,6.68806614,test,17
Fc1ccc(N(CCNCCCc2ccccc2)c2ccc(F)cc2)cc1,8.461483288,test,11
Fc1ccc(N(CCNCCc2ccccc2)c2ccc(F)cc2)cc1,7.368010446,test,11
Fc1cccc(-c2c[nH]c([C@H]3Cc4c([nH]c5ccccc45)[C@@H](C4CCOCC4)N3)n2)c1,6.586700236,test,34
N#Cc1ccc(CCN2CCC(Nc3nc4ccccc4n3Cc3ccc(C(=O)O)cc3)CC2)cc1,5.380802284,test,12
N#Cc1ccc(CCN2CCN(CCc3ccc4nonc4c3)CC2)cc1,7.366531544,test,13
N#Cc1ccc(Cn2cncc2CN(CCCN)[C@H]2CCN(Cc3ccccc3)C2=O)cc1,6.317854924,test,21
N#Cc1ccc(Cn2cncc2CN(CCCc2ccccc2)[C@H]2CCN(Cc3ccccc3)C2=O)cc1,7.602059991,test,21
N#Cc1ccc(Cn2cncc2CN(CCN2CCNCC2)[C@H]2CCN(Cc3ccccc3)C2=O)cc1,5.958212681,test,21
N#Cc1ccc(Cn2cncc2CN(CCN2CCOCC2)[C@H]2CCN(Cc3ccccc3)C2=O)cc1,6.718966633,test,21
N#Cc1ccc(Cn2cncc2CN(Cc2cccnc2)[C@H]2CCN(Cc3ccccc3)C2=O)cc1,6.059981845,test,21
N#Cc1ccc(Cn2cncc2CN[C@H]2CCN(C(=O)c3cccc(Cl)c3)C2=O)cc1,5.236497135,test,21
N#Cc1ccc(Cn2cncc2CN[C@H]2CCN(Cc3cccc(Cl)c3)C2=O)cc1,6.355561411,test,21
N#Cc1ccc(Cn2cncc2CN[C@H]2CCN(Cc3ccccc3)C2=O)cc1,5.142607792,test,21
N#Cc1ccc2c(=O)cc(C(=O)NC3CCN(Cc4ccc5c(c4)OCO5)CC3)oc2c1,8.22184875,test,23
N#Cc1cccc(N2CCN(CCN3CCC(C(F)(F)F)CC3)C2=O)c1,5.099945457,test,27
N#Cc1cccc(N2CCN(CCN3Cc4ccccc4C3)C2=O)c1,5.499862364,test,27
N#Cc1ccccc1[C@H]1CC[C@@H](N2CC(NC(=O)CNc3ncnc4ccc(C(F)(F)F)cc34)C2)CC1,5.677573948,test,31
NC(=O)Cc1ccc([C@H]2CC[C@@H](N3CC(NC(=O)CNc4n[nH]c5ccc(C(F)(F)F)cc45)C3)CC2)cc1,5.022230682,test,31
NC(=O)c1cc(Cl)c2c(Cl)c(C#CC3CC3)n(C3CCCNC3)c2n1,5.999565923,test,26
NC(=O)c1cc(Cl)c2c(Cl)c(C#CC3CCCO3)n([C@H]3CCCNC3)c2n1,8.090228032,test,26
NC(=O)c1cc(Cl)c2c(Cl)c(C#CC3CCOCC3)n([C@H]3CCCNC3)c2n1,8.568636236,test,26
NC(=O)c1cc(Cl)c2c(Cl)c(C#CC3CNCCO3)n([C@H]3CCCNC3)c2n1,8.15490196,test,26
NC(=O)c1cc(Cl)c2c(Cl)c(C#CC3COCCO3)n([C@H]3CCCNC3)c2n1,8.619788758,test,26
NC(=O)c1cc(Cl)c2c(Cl)c(C3CC3)n(C3CCCNC3)c2n1,5.537452271,test,26
NC(=O)c1cc(Cl)c2c(Cl)c(C3CC3)n([C@@H]3CCCNC3)c2n1,5.823619308,test,26
NC(=O)c1cc(Cl)c2c(Cl)c(C3CC3)n([C@H]3CCCNC3)c2n1,5.537452271,test,26
NC(=O)c1cc(F)cc(O[C@@H]2C[C@@H]3CC[C@H](C2)N3Cc2ccccc2)c1,6.166852888,test,32
NC(=O)c1cc(O[C@@H]2C[C@@H]3CC[C@H](C2)N3Cc2ccccc2)ccn1,5.795608668,test,32
NC(=O)c1ccc(O[C@@H]2C[C@@H]3CC[C@H](C2)N3Cc2ccccc2)c(F)c1,5.853561865,test,32
NC(=O)c1ccc(O[C@@H]2C[C@@H]3CC[C@H](C2)N3Cc2ccccc2)cc1,6.166852888,test,32
NC(=O)c1ccc(O[C@@H]2C[C@@H]3CC[C@H](C2)N3Cc2ccccc2)nc1,5.885722703,test,32
NC(=O)c1cccc(C[C@@H]2C[C@@H]3CC[C@H](C2)N3Cc2ccccc2)c1,5.823619308,test,32
NC(=O)c1cccc(C[C@H]2C[C@@H]3CC[C@H](C2)N3Cc2ccccc2)c1,6.600326279,test,32
NC(=O)c1cccc(N[C@@H]2C[C@@H]3CC[C@H](C2)N3Cc2ccccc2)c1,5.958212681,test,32
NC(=O)c1cccc(O[C@@H]2C[C@@H]3CC[C@H](C2)N3Cc2ccccc2)c1,6.21395879,test,32
NC(=O)c1cccc(O[C@@H]2C[C@@H]3CC[C@H](C2)N3Cc2ccccc2)n1,5.999565923,test,32
NC(=O)c1cccc(O[C@H]2C[C@@H]3CC[C@H](C2)N3CC(=O)Nc2ccccc2)c1,8.764471553,test,32
NC(=O)c1cccc(O[C@H]2C[C@@H]3CC[C@H](C2)N3CC2CC2)c1,8.080921908,test,32
NC(=O)c1cccc(O[C@H]2C[C@@H]3CC[C@H](C2)N3CCCc2ccccc2)c1,8.903089987,test,32
NC(=O)c1cccc(O[C@H]2C[C@@H]3CC[C@H](C2)N3CCc2ccccc2)c1,8.860120914,test,32
NC(=O)c1cccc(O[C@H]2C[C@@H]3CC[C@H](C2)N3Cc2ccc3c(c2)OCO3)c1,8.790484985,test,32
NC(=O)c1cccc(O[C@H]2C[C@@H]3CC[C@H](C2)N3Cc2ccccn2)c1,8.537602002,test,32
NC(=O)c1cccc(O[C@H]2C[C@@H]3CC[C@H](C2)N3Cc2cccnc2)c1,8.346787486,test,32
NC(=O)c1cccc(O[C@H]2C[C@@H]3CC[C@H](C2)N3Cc2cccs2)c1,8.844663963,test,32
NC(=O)c1cccc(O[C@H]2C[C@@H]3CC[C@H](C2)N3Cc2ccncc2)c1,8.602059991,test,32
NC(=O)c1cccc(S[C@@H]2C[C@@H]3CC[C@H](C2)N3Cc2ccccc2)c1,5.958212681,test,32
NC(=O)c1ccccc1O[C@@H]1C[C@@H]2CC[C@H](C1)N2Cc1ccccc1,6.467245621,test,32
NC(=O)c1ccnc(O[C@@H]2C[C@@H]3CC[C@H](C2)N3Cc2ccccc2)c1,5.999565923,test,32
NC(=O)c1cncc(O[C@@H]2C[C@@H]3CC[C@H](C2)N3Cc2ccccc2)c1,5.823619308,test,32
Nc1ccc(-c2ccc(F)cc2)cc1NC(=O)c1ccc(CN2CCC3(CCNC3)CC2)cc1,6.623423043,test,7
Nc1ccc(-c2cccc(F)c2)cc1NC(=O)c1ccc(CN2CCC3(CCCN3)CC2)cc1,6.774690718,test,7
Nc1ccc(-c2ccccc2F)cc1NC(=O)c1ccc(CN2CCC3(CCCN3)CC2)cc1,6.735182177,test,7
Nc1ccc(-c2cccs2)cc1NC(=O)c1ccc(CN2CCC3(CCCN3)CC2)cc1,5.796423225,test,7
Nc1cccnc1[C@H]1CC[C@@H](N2CC(NC(=O)CNc3ncnc4ccc(C(F)(F)F)cc34)C2)CC1,5.080869586,test,31
O/N=C(/c1ccc(CN2CCC3(CC2)OCc2cc(F)ncc23)cc1)c1ccc(F)c(F)c1,6.507239611,test,24
O/N=C(\c1ccc(CN2CCC3(CC2)OCc2cc(F)ncc23)cc1)c1ccc(F)c(F)c1,6.55129368,test,24
O=C(CNc1n[nH]c2ccc(C(F)(F)F)cc12)NC1CN([C@H]2CC[C@@H](c3ccc4c(c3)OCO4)CC2)C1,5.958212681,test,31
O=C(CNc1n[nH]c2ccc(C(F)(F)F)cc12)NC1CN([C@H]2CC[C@@H](c3ccccc3)CC2)C1,5.920456993,test,31
O=C(CNc1ncnc2ccc(C(F)(F)F)cc12)NC1CN([C@H]2CC[C@@H](c3ccccc3)CC2)C1,5.283913146,test,31
O=C(CNc1ncnc2ccc(C(F)(F)F)cc12)NC1CN([C@H]2CC[C@@H](c3ccccc3O)CC2)C1,5.180390267,test,31
O=C(CNc1ncnc2ccc(C(F)(F)F)cc12)NC1CN([C@H]2CC[C@@H](c3ccccn3)CC2)C1,5.124880835,test,31
O=C(CNc1nn(CCO)c2ccc(C(F)(F)F)cc12)NC1CN([C@H]2CC[C@@H](c3ccc4c(c3)OCO4)CC2)C1,5.119129267,test,31
O=C(CNc1noc2ccc(C(F)(F)F)cc12)NC1CN([C@H]2CC[C@@H](c3ccc4c(c3)OCO4)CC2)C1,5.721017883,test,31
O=C(CNc1noc2ccc(C(F)(F)F)cc12)NC1CN([C@H]2CC[C@@H](c3cncs3)CC2)C1,7.769551079,test,31
O=C(CNc1noc2ccc(C(F)(F)F)cc12)NC1CN([C@H]2CC[C@@H](c3nccs3)CC2)C1,7.920818754,test,31
O=C(Cc1ccc(-n2cnnn2)cc1)N1CCN(CCc2ccc3nonc3c2)CC1,5.885722703,test,13
O=C(Cc1ccccc1)NCCN(c1ccccc1)c1ccccc1,5.102233831,test,11
O=C(NC1CCN(Cc2ccc3c(c2)OCCO3)CC1)c1cc(=O)c2ccc(F)cc2o1,7.879426069,test,23
O=C(NC1CCN(Cc2ccc3c(c2)OCO3)CC1)c1cc(=O)c2cc(F)c(F)cc2o1,8.142667504,test,23
O=C(NC1CCN(Cc2ccc3c(c2)OCO3)CC1)c1cc(=O)c2cc(F)ccc2o1,8.301029996,test,23
O=C(NC1CCN(Cc2ccc3c(c2)OCO3)CC1)c1cc(=O)c2ccc(Br)cc2o1,8.455931956,test,23
O=C(NC1CCN(Cc2ccc3c(c2)OCO3)CC1)c1cc(=O)c2ccc(Cl)cc2o1,8.337242168,test,23
O=C(NC1CCN(Cc2ccc3c(c2)OCO3)CC1)c1cc(=O)c2ccc(F)cc2o1,5.795608668,test,23
O=C(NC1CCN(Cc2ccc3c(c2)OCO3)CC1)c1cc(=O)c2ccc(O)cc2o1,7.189095719,test,23
O=C(NC1CCN(Cc2ccc3c(c2)OCO3)CC1)c1cc(=O)c2ccc(OC(F)F)cc2o1,8.337242168,test,23
O=C(NC1CCOCC1)c1n[nH]c2ccc(-c3cccc(F)c3F)cc12,5.744486287,test,10
O=C(NC1CCS(=O)(=O)CC1)c1n[nH]c2ccc(-c3cccc(F)c3F)cc12,5.677573948,test,10
O=C(NCC1CCN(CCCCCC(c2ccc(F)cc2)c2ccc(F)cc2)C1)c1cc(C(F)(F)F)cc(C(F)(F)F)c1,6.995678626,test,30
O=C(NCC1CCOC1)c1n[nH]c2ccc(-c3cccc(F)c3F)cc12,5.366430557,test,10
O=C(NCC1CCOCC1)c1n[nH]c2ccc(-c3cccc(F)c3F)cc12,5.387110231,test,10
O=C(NCc1cc(Cl)cc(Cl)c1)N(c1ccc(Br)cc1)C1CCN(C2CCCC2)CC1,7.207608311,test,9
O=C(NCc1ccc(F)cc1)N(c1ccc(Br)cc1)C1CCN(C2CCCC2)CC1,6.692503962,test,9
O=C(NCc1ccc(F)cc1)N(c1ccc(Br)cc1)C1CCN(CCO)CC1,5.103418672,test,9
O=C(NCc1ccccc1)N(c1ccc(Br)cc1)C1CCN(C2CCCC2)CC1,6.747146969,test,9
O=C(NCc1ccccc1)N(c1ccc(Br)cc1)C1CCN(Cc2ccncc2)CC1,5.636200055,test,9
O=C(Nc1ccc(OC(F)(F)F)cc1)c1ccc(OCCN2CCCC2)c(-c2cncnc2)c1,8,test,8
O=C(Nc1ccc(OC(F)(F)F)cc1)c1cnc(N2CC[C@H](O)C2)c(-c2cncnc2)c1,5.346690987,test,8
O=C(O)c1cccc(-c2c[nH]c([C@H]3Cc4c([nH]c5ccccc45)[C@@H](C4CCOCC4)N3)n2)c1,6.075720714,test,34
O=C(c1ccc(CN2CCC3(CC2)OCc2cc(F)ncc23)cc1)c1ccc(F)c(F)c1,7.744727495,test,24
O=C(c1ccncc1)N1CCC2(CCN(Cc3cccc4c3OCC4)CC2)CC1,5.109944121,test,20
O=C1COc2ccc(CNC34CCC(C[C@]5(O)Cn6c(=O)ccc7ncc(F)c5c76)(CC3)OC4)cc2N1,5.136617652,test,25
O=C1N(CCN2CCC(C(F)(F)F)CC2)CCN1c1cccc(Cl)c1,5.899653583,test,27
O=C1N(CCN2CCC(C(F)(F)F)CC2)CCN1c1cccc(I)c1,6.697820646,test,27
O=C1N(CCN2CCC(C(F)(F)F)CC2)CCN1c1cccc(OC(F)(F)F)c1,5.39989111,test,27
O=C1N(CCN2CCC(c3ccc(Cl)cc3)CC2)CCN1c1cccc(Cl)c1,8.048516769,test,27
O=C1N(CCN2CCC(c3nnc(-c4ccccc4)o3)CC2)CCN1c1cccc(Cl)c1,6.598272138,test,27
O=C1N(CCN2C[C@H]3CC[C@H](CC3)C2)CCN1c1cccc(Cl)c1,6.398907391,test,27
O=C1N(CCN2Cc3ccccc3C2)CCN1c1cc(F)cc(Cl)c1,5.499862364,test,27
O=C1N(CCN2Cc3ccccc3C2)CCN1c1ccc(F)c(Cl)c1,5.299913558,test,27
O=C1N(CCN2Cc3ccccc3C2)CCN1c1cccc(C(F)(F)F)c1,6.099452636,test,27
O=C1N(CCN2Cc3ccccc3C2)CCN1c1cccc(OC(F)(F)F)c1,6.19931041,test,27
O=C1NCCN1CCN1CCC(c2cn(-c3ccc(F)cc3)c3ccc(Cl)cc23)CC1,7.823908741,test,17
O=C1OCc2cc(CCN3CCN(CCc4ccc5c(c4)COC5=O)CC3)ccc21,5.721017883,test,13
O=C1OCc2cc(CCN3CCN(CCc4ccc5nonc5c4)CC3)ccc21,6.55129368,test,13
O=S1(=O)CCC(C2N[C@@H](c3nc(-c4ccccc4)c[nH]3)Cc3c2[nH]c2ccccc32)CC1,6.995678626,test,34
O=[N+]([O-])c1ccc(CCN2CCN(CCc3ccc4nonc4c3)CC2)cc1,7.585026652,test,13
O=c1c2ccccc2c(Cc2ccc(Cl)cc2)nn1C[C@H]1CCCN1CCCCc1ccc(OCCCN2CCCCCC2)cc1,7.291409155,test,28
O=c1cc(OCc2ccccc2)ccn1-c1ccc(OCCN2CCCC2)cc1,8.040958608,test,5
O=c1cc(OCc2ccccc2)ccn1-c1ccc(OCCN2CCCCC2)cc1,8.167491087,test,5
O=c1ccc2ncc(F)c3c2n1C[C@@]3(O)CC12CCC(NC/C(F)=C/c3cc(F)ccc3F)(CC1)CO2,7.769551079,test,25
O=c1ccc2ncc(F)c3c2n1C[C@@]3(O)CC12CCC(NC/C(F)=C\c3cc(F)ccc3F)(CC1)CO2,7.769551079,test,25
O=c1ccc2ncc(F)c3c2n1C[C@@]3(O)CC12CCC(NC/C=C/c3c(F)cccc3F)(CC1)CO2,7.48148606,test,25
O=c1ccc2ncc(F)c3c2n1C[C@@]3(O)CC12CCC(NC/C=C/c3cc(F)ccc3F)(CC1)CO2,8.045757491,test,25
O=c1ccc2ncc(F)c3c2n1C[C@@]3(O)CC12CCC(NC/C=C/c3ccc(F)cc3)(CC1)CO2,7.187086643,test,25
O=c1ccc2ncc(F)c3c2n1C[C@@]3(O)CC12CCC(NC/C=C/c3ccccc3)(CC1)CO2,7.187086643,test,25
O=c1ccc2ncc(F)c3c2n1C[C@@]3(O)CC12CCC(NCCCc3cc(F)ccc3F)(CC1)CO2,7.48148606,test,25
O=c1ccc2ncc(F)c3c2n1C[C@@]3(O)CC12CCC(NCOc3cc(F)ccc3F)(CC1)CO2,7.187086643,test,25
O=c1ccc2ncc(F)c3c2n1C[C@@]3(O)CC12CCC(NCc3cc(-c4cccs4)on3)(CC1)CO2,7.769551079,test,25
O=c1ccc2ncc(F)c3c2n1C[C@@]3(O)CC12CCC(NCc3cc4c(cn3)OCCO4)(CC1)CO2,5.584859648,test,25
OC(c1ccc(CN2CCC3(CC2)OCc2cc(F)ncc23)cc1)c1ccc(F)c(F)c1,6.283162277,test,24
Oc1ccc(-c2c[nH]c([C@H]3Cc4c([nH]c5ccccc45)[C@@H](C4CCOCC4)N3)n2)cc1,6.329754147,test,34
Oc1cccc(O[C@@H]2C[C@@H]3CC[C@H](C2)N3Cc2ccccc2)c1,5.795608668,test,32
[O-][S+]1CCC(C2N[C@@H](c3nc(-c4ccccc4)c[nH]3)Cc3c2[nH]c2ccccc32)CC1,6.995678626,test,34
c1ccc(-c2c[nH]c([C@H]3Cc4c([nH]c5ccccc45)C(C4CCCCC4)N3)n2)cc1,7.107905397,test,34
c1ccc(-c2c[nH]c([C@H]3Cc4c([nH]c5ccccc45)C(C4CCNCC4)N3)n2)cc1,5.292344676,test,34
c1ccc(-c2c[nH]c([C@H]3Cc4c([nH]c5ccccc45)C(C4CCOC4)N3)n2)cc1,7.386056648,test,34
c1ccc(-c2c[nH]c([C@H]3Cc4c([nH]c5ccccc45)C(C4CCSCC4)N3)n2)cc1,6.91721463,test,34
c1ccc(-c2c[nH]c([C@H]3Cc4c([nH]c5ccccc45)[C@@H](C4CCOCC4)N3)n2)cc1,6.419075024,test,34
c1ccc(-c2c[nH]c([C@H]3Cc4c([nH]c5ccccc45)[C@H](C4CCOCC4)N3)n2)cc1,6.136082623,test,34
c1ccc(-c2ccc(-c3c[nH]c([C@H]4Cc5c([nH]c6ccccc56)[C@@H](C5CCOCC5)N4)n3)cc2)cc1,7.744727495,test,34
c1ccc(CCCNCCN(c2ccccc2)c2ccccc2)cc1,6.217567139,test,11
c1ccc(CCNCCN(c2ccccc2)c2ccccc2)cc1,7.196900711,test,11